candidate_index,schedule_index,schedule_branch_order,schedule_pair_id,q,w,k_total,kB,kC,kD,kA,exact_shared_classes,exact_residual_qcoords,n_joint_states,n_initial_states,n_attractors,mean_cycle_period,max_cycle_period,mean_label_period,max_label_period,mean_cycle_label_valid_fraction,all_valid_basin_fraction,constant_cycle_fraction,constant_basin_fraction,phase_cycle_fraction,phase_basin_fraction,stable_label_classes,stable_label_entropy_bits,stable_label_entropy_norm,init_label_to_stable_label_mi_bits,init_label_to_stable_label_mi_norm,attractor_label_conservation_fraction,attractor_label_transition_mi_bits,attractor_label_transition_mi_norm,saved_run,saved_generation,saved_candidate,saved_blind_fitness,saved_fitness_mode,saved_target_mode
0,0,CD,0,4,1,8,2,2,2,2,4,1.0,65536,4096,2,1.5,2,1.0,1,0.5,0.4375,0.5,0.4375,0.0,0.0,1,-0.0,-0.0,,,1.0,0.0,,4,50,1200,1.0000010000009965,two_stage,interface
0,1,DC,0,4,1,8,2,2,2,2,4,1.0,65536,4096,2,1.5,2,1.0,1,0.5,0.4375,0.5,0.4375,0.0,0.0,1,-0.0,-0.0,,,1.0,0.0,,4,50,1200,1.0000010000009965,two_stage,interface
0,2,CD,1,4,1,8,2,2,2,2,4,1.0,65536,4096,2,1.5,2,1.0,1,0.75,0.4375,0.5,0.4375,0.0,0.0,1,-0.0,-0.0,,,1.0,0.0,,4,50,1200,1.0000010000009965,two_stage,interface
0,3,DC,1,4,1,8,2,2,2,2,4,1.0,65536,4096,2,1.5,2,1.0,1,0.75,0.4375,0.5,0.4375,0.0,0.0,1,-0.0,-0.0,,,1.0,0.0,,4,50,1200,1.0000010000009965,two_stage,interface
0,4,CD,2,4,1,8,2,2,2,2,4,1.0,65536,4096,2,1.5,2,1.0,1,0.5,0.3125,0.5,0.3125,0.0,0.0,1,-0.0,-0.0,,,1.0,0.0,,4,50,1200,1.0000010000009965,two_stage,interface
0,5,DC,2,4,1,8,2,2,2,2,4,1.0,65536,4096,2,1.5,2,1.0,1,0.5,0.3125,0.5,0.3125,0.0,0.0,1,-0.0,-0.0,,,1.0,0.0,,4,50,1200,1.0000010000009965,two_stage,interface
0,6,CD,3,4,1,8,2,2,2,2,4,1.0,65536,4096,2,1.5,2,1.0,1,0.75,0.3125,0.5,0.3125,0.0,0.0,1,-0.0,-0.0,,,1.0,0.0,,4,50,1200,1.0000010000009965,two_stage,interface
0,7,DC,3,4,1,8,2,2,2,2,4,1.0,65536,4096,2,1.5,2,1.0,1,0.75,0.3125,0.5,0.3125,0.0,0.0,1,-0.0,-0.0,,,1.0,0.0,,4,50,1200,1.0000010000009965,two_stage,interface
0,8,CD,4,4,1,8,2,2,2,2,4,1.0,65536,4096,2,1.5,2,1.0,1,0.5,0.4375,0.5,0.4375,0.0,0.0,1,-0.0,-0.0,,,1.0,0.0,,4,50,1200,1.0000010000009965,two_stage,interface
0,9,DC,4,4,1,8,2,2,2,2,4,1.0,65536,4096,2,1.5,2,1.0,1,0.5,0.4375,0.5,0.4375,0.0,0.0,1,-0.0,-0.0,,,1.0,0.0,,4,50,1200,1.0000010000009965,two_stage,interface
0,10,CD,5,4,1,8,2,2,2,2,4,1.0,65536,4096,2,1.5,2,1.0,1,0.75,0.4375,0.5,0.4375,0.0,0.0,1,-0.0,-0.0,,,1.0,0.0,,4,50,1200,1.0000010000009965,two_stage,interface
0,11,DC,5,4,1,8,2,2,2,2,4,1.0,65536,4096,2,1.5,2,1.0,1,0.75,0.4375,0.5,0.4375,0.0,0.0,1,-0.0,-0.0,,,1.0,0.0,,4,50,1200,1.0000010000009965,two_stage,interface
0,12,CD,6,4,1,8,2,2,2,2,4,1.0,65536,4096,2,1.5,2,1.0,1,0.5,0.3125,0.5,0.3125,0.0,0.0,1,-0.0,-0.0,,,1.0,0.0,,4,50,1200,1.0000010000009965,two_stage,interface
0,13,DC,6,4,1,8,2,2,2,2,4,1.0,65536,4096,2,1.5,2,1.0,1,0.5,0.3125,0.5,0.3125,0.0,0.0,1,-0.0,-0.0,,,1.0,0.0,,4,50,1200,1.0000010000009965,two_stage,interface
0,14,CD,7,4,1,8,2,2,2,2,4,1.0,65536,4096,2,1.5,2,1.0,1,0.75,0.3125,0.5,0.3125,0.0,0.0,1,-0.0,-0.0,,,1.0,0.0,,4,50,1200,1.0000010000009965,two_stage,interface
0,15,DC,7,4,1,8,2,2,2,2,4,1.0,65536,4096,2,1.5,2,1.0,1,0.75,0.3125,0.5,0.3125,0.0,0.0,1,-0.0,-0.0,,,1.0,0.0,,4,50,1200,1.0000010000009965,two_stage,interface
0,16,CD,8,4,1,8,2,2,2,2,4,1.0,65536,4096,2,1.5,2,1.0,1,0.5,0.375,0.5,0.375,0.0,0.0,1,-0.0,-0.0,,,1.0,0.0,,4,50,1200,1.0000010000009965,two_stage,interface
0,17,DC,8,4,1,8,2,2,2,2,4,1.0,65536,4096,2,1.5,2,1.0,1,0.5,0.375,0.5,0.375,0.0,0.0,1,-0.0,-0.0,,,1.0,0.0,,4,50,1200,1.0000010000009965,two_stage,interface
0,18,CD,9,4,1,8,2,2,2,2,4,1.0,65536,4096,2,1.5,2,1.0,1,0.75,0.375,0.5,0.375,0.0,0.0,1,-0.0,-0.0,,,1.0,0.0,,4,50,1200,1.0000010000009965,two_stage,interface
0,19,DC,9,4,1,8,2,2,2,2,4,1.0,65536,4096,2,1.5,2,1.0,1,0.75,0.375,0.5,0.375,0.0,0.0,1,-0.0,-0.0,,,1.0,0.0,,4,50,1200,1.0000010000009965,two_stage,interface
0,20,CD,10,4,1,8,2,2,2,2,4,1.0,65536,4096,2,1.5,2,1.0,1,0.5,0.375,0.5,0.375,0.0,0.0,1,-0.0,-0.0,,,1.0,0.0,,4,50,1200,1.0000010000009965,two_stage,interface
0,21,DC,10,4,1,8,2,2,2,2,4,1.0,65536,4096,2,1.5,2,1.0,1,0.5,0.375,0.5,0.375,0.0,0.0,1,-0.0,-0.0,,,1.0,0.0,,4,50,1200,1.0000010000009965,two_stage,interface
0,22,CD,11,4,1,8,2,2,2,2,4,1.0,65536,4096,2,1.5,2,1.0,1,0.75,0.375,0.5,0.375,0.0,0.0,1,-0.0,-0.0,,,1.0,0.0,,4,50,1200,1.0000010000009965,two_stage,interface
0,23,DC,11,4,1,8,2,2,2,2,4,1.0,65536,4096,2,1.5,2,1.0,1,0.75,0.375,0.5,0.375,0.0,0.0,1,-0.0,-0.0,,,1.0,0.0,,4,50,1200,1.0000010000009965,two_stage,interface
0,24,CD,12,4,1,8,2,2,2,2,4,1.0,65536,4096,2,1.5,2,1.0,1,0.5,0.375,0.5,0.375,0.0,0.0,1,-0.0,-0.0,,,1.0,0.0,,4,50,1200,1.0000010000009965,two_stage,interface
0,25,DC,12,4,1,8,2,2,2,2,4,1.0,65536,4096,2,1.5,2,1.0,1,0.5,0.375,0.5,0.375,0.0,0.0,1,-0.0,-0.0,,,1.0,0.0,,4,50,1200,1.0000010000009965,two_stage,interface
0,26,CD,13,4,1,8,2,2,2,2,4,1.0,65536,4096,2,1.5,2,1.0,1,0.75,0.375,0.5,0.375,0.0,0.0,1,-0.0,-0.0,,,1.0,0.0,,4,50,1200,1.0000010000009965,two_stage,interface
0,27,DC,13,4,1,8,2,2,2,2,4,1.0,65536,4096,2,1.5,2,1.0,1,0.75,0.375,0.5,0.375,0.0,0.0,1,-0.0,-0.0,,,1.0,0.0,,4,50,1200,1.0000010000009965,two_stage,interface
0,28,CD,14,4,1,8,2,2,2,2,4,1.0,65536,4096,2,1.5,2,1.0,1,0.5,0.375,0.5,0.375,0.0,0.0,1,-0.0,-0.0,,,1.0,0.0,,4,50,1200,1.0000010000009965,two_stage,interface
0,29,DC,14,4,1,8,2,2,2,2,4,1.0,65536,4096,2,1.5,2,1.0,1,0.5,0.375,0.5,0.375,0.0,0.0,1,-0.0,-0.0,,,1.0,0.0,,4,50,1200,1.0000010000009965,two_stage,interface
0,30,CD,15,4,1,8,2,2,2,2,4,1.0,65536,4096,2,1.5,2,1.0,1,0.75,0.375,0.5,0.375,0.0,0.0,1,-0.0,-0.0,,,1.0,0.0,,4,50,1200,1.0000010000009965,two_stage,interface
0,31,DC,15,4,1,8,2,2,2,2,4,1.0,65536,4096,2,1.5,2,1.0,1,0.75,0.375,0.5,0.375,0.0,0.0,1,-0.0,-0.0,,,1.0,0.0,,4,50,1200,1.0000010000009965,two_stage,interface
1,0,CD,0,4,1,8,2,2,2,2,4,1.0,65536,4096,2,1.5,2,1.0,1,0.5,0.4375,0.5,0.4375,0.0,0.0,1,-0.0,-0.0,,,1.0,0.0,,4,49,1176,1.0000010000009965,two_stage,interface
1,1,DC,0,4,1,8,2,2,2,2,4,1.0,65536,4096,2,1.5,2,1.0,1,0.5,0.4375,0.5,0.4375,0.0,0.0,1,-0.0,-0.0,,,1.0,0.0,,4,49,1176,1.0000010000009965,two_stage,interface
1,2,CD,1,4,1,8,2,2,2,2,4,1.0,65536,4096,2,1.5,2,1.0,1,0.75,0.4375,0.5,0.4375,0.0,0.0,1,-0.0,-0.0,,,1.0,0.0,,4,49,1176,1.0000010000009965,two_stage,interface
1,3,DC,1,4,1,8,2,2,2,2,4,1.0,65536,4096,2,1.5,2,1.0,1,0.75,0.4375,0.5,0.4375,0.0,0.0,1,-0.0,-0.0,,,1.0,0.0,,4,49,1176,1.0000010000009965,two_stage,interface
1,4,CD,2,4,1,8,2,2,2,2,4,1.0,65536,4096,2,1.5,2,1.0,1,0.5,0.3125,0.5,0.3125,0.0,0.0,1,-0.0,-0.0,,,1.0,0.0,,4,49,1176,1.0000010000009965,two_stage,interface
1,5,DC,2,4,1,8,2,2,2,2,4,1.0,65536,4096,2,1.5,2,1.0,1,0.5,0.3125,0.5,0.3125,0.0,0.0,1,-0.0,-0.0,,,1.0,0.0,,4,49,1176,1.0000010000009965,two_stage,interface
1,6,CD,3,4,1,8,2,2,2,2,4,1.0,65536,4096,2,1.5,2,1.0,1,0.75,0.3125,0.5,0.3125,0.0,0.0,1,-0.0,-0.0,,,1.0,0.0,,4,49,1176,1.0000010000009965,two_stage,interface
1,7,DC,3,4,1,8,2,2,2,2,4,1.0,65536,4096,2,1.5,2,1.0,1,0.75,0.3125,0.5,0.3125,0.0,0.0,1,-0.0,-0.0,,,1.0,0.0,,4,49,1176,1.0000010000009965,two_stage,interface
1,8,CD,4,4,1,8,2,2,2,2,4,1.0,65536,4096,2,1.5,2,1.0,1,0.5,0.4375,0.5,0.4375,0.0,0.0,1,-0.0,-0.0,,,1.0,0.0,,4,49,1176,1.0000010000009965,two_stage,interface
1,9,DC,4,4,1,8,2,2,2,2,4,1.0,65536,4096,2,1.5,2,1.0,1,0.5,0.4375,0.5,0.4375,0.0,0.0,1,-0.0,-0.0,,,1.0,0.0,,4,49,1176,1.0000010000009965,two_stage,interface
1,10,CD,5,4,1,8,2,2,2,2,4,1.0,65536,4096,2,1.5,2,1.0,1,0.75,0.4375,0.5,0.4375,0.0,0.0,1,-0.0,-0.0,,,1.0,0.0,,4,49,1176,1.0000010000009965,two_stage,interface
1,11,DC,5,4,1,8,2,2,2,2,4,1.0,65536,4096,2,1.5,2,1.0,1,0.75,0.4375,0.5,0.4375,0.0,0.0,1,-0.0,-0.0,,,1.0,0.0,,4,49,1176,1.0000010000009965,two_stage,interface
1,12,CD,6,4,1,8,2,2,2,2,4,1.0,65536,4096,2,1.5,2,1.0,1,0.5,0.3125,0.5,0.3125,0.0,0.0,1,-0.0,-0.0,,,1.0,0.0,,4,49,1176,1.0000010000009965,two_stage,interface
1,13,DC,6,4,1,8,2,2,2,2,4,1.0,65536,4096,2,1.5,2,1.0,1,0.5,0.3125,0.5,0.3125,0.0,0.0,1,-0.0,-0.0,,,1.0,0.0,,4,49,1176,1.0000010000009965,two_stage,interface
1,14,CD,7,4,1,8,2,2,2,2,4,1.0,65536,4096,2,1.5,2,1.0,1,0.75,0.3125,0.5,0.3125,0.0,0.0,1,-0.0,-0.0,,,1.0,0.0,,4,49,1176,1.0000010000009965,two_stage,interface
1,15,DC,7,4,1,8,2,2,2,2,4,1.0,65536,4096,2,1.5,2,1.0,1,0.75,0.3125,0.5,0.3125,0.0,0.0,1,-0.0,-0.0,,,1.0,0.0,,4,49,1176,1.0000010000009965,two_stage,interface
1,16,CD,8,4,1,8,2,2,2,2,4,1.0,65536,4096,2,1.5,2,1.0,1,0.5,0.375,0.5,0.375,0.0,0.0,1,-0.0,-0.0,,,1.0,0.0,,4,49,1176,1.0000010000009965,two_stage,interface
1,17,DC,8,4,1,8,2,2,2,2,4,1.0,65536,4096,2,1.5,2,1.0,1,0.5,0.375,0.5,0.375,0.0,0.0,1,-0.0,-0.0,,,1.0,0.0,,4,49,1176,1.0000010000009965,two_stage,interface
1,18,CD,9,4,1,8,2,2,2,2,4,1.0,65536,4096,2,1.5,2,1.0,1,0.75,0.375,0.5,0.375,0.0,0.0,1,-0.0,-0.0,,,1.0,0.0,,4,49,1176,1.0000010000009965,two_stage,interface
1,19,DC,9,4,1,8,2,2,2,2,4,1.0,65536,4096,2,1.5,2,1.0,1,0.75,0.375,0.5,0.375,0.0,0.0,1,-0.0,-0.0,,,1.0,0.0,,4,49,1176,1.0000010000009965,two_stage,interface
1,20,CD,10,4,1,8,2,2,2,2,4,1.0,65536,4096,2,1.5,2,1.0,1,0.5,0.375,0.5,0.375,0.0,0.0,1,-0.0,-0.0,,,1.0,0.0,,4,49,1176,1.0000010000009965,two_stage,interface
1,21,DC,10,4,1,8,2,2,2,2,4,1.0,65536,4096,2,1.5,2,1.0,1,0.5,0.375,0.5,0.375,0.0,0.0,1,-0.0,-0.0,,,1.0,0.0,,4,49,1176,1.0000010000009965,two_stage,interface
1,22,CD,11,4,1,8,2,2,2,2,4,1.0,65536,4096,2,1.5,2,1.0,1,0.75,0.375,0.5,0.375,0.0,0.0,1,-0.0,-0.0,,,1.0,0.0,,4,49,1176,1.0000010000009965,two_stage,interface
1,23,DC,11,4,1,8,2,2,2,2,4,1.0,65536,4096,2,1.5,2,1.0,1,0.75,0.375,0.5,0.375,0.0,0.0,1,-0.0,-0.0,,,1.0,0.0,,4,49,1176,1.0000010000009965,two_stage,interface
1,24,CD,12,4,1,8,2,2,2,2,4,1.0,65536,4096,2,1.5,2,1.0,1,0.5,0.375,0.5,0.375,0.0,0.0,1,-0.0,-0.0,,,1.0,0.0,,4,49,1176,1.0000010000009965,two_stage,interface
1,25,DC,12,4,1,8,2,2,2,2,4,1.0,65536,4096,2,1.5,2,1.0,1,0.5,0.375,0.5,0.375,0.0,0.0,1,-0.0,-0.0,,,1.0,0.0,,4,49,1176,1.0000010000009965,two_stage,interface
1,26,CD,13,4,1,8,2,2,2,2,4,1.0,65536,4096,2,1.5,2,1.0,1,0.75,0.375,0.5,0.375,0.0,0.0,1,-0.0,-0.0,,,1.0,0.0,,4,49,1176,1.0000010000009965,two_stage,interface
1,27,DC,13,4,1,8,2,2,2,2,4,1.0,65536,4096,2,1.5,2,1.0,1,0.75,0.375,0.5,0.375,0.0,0.0,1,-0.0,-0.0,,,1.0,0.0,,4,49,1176,1.0000010000009965,two_stage,interface
1,28,CD,14,4,1,8,2,2,2,2,4,1.0,65536,4096,2,1.5,2,1.0,1,0.5,0.375,0.5,0.375,0.0,0.0,1,-0.0,-0.0,,,1.0,0.0,,4,49,1176,1.0000010000009965,two_stage,interface
1,29,DC,14,4,1,8,2,2,2,2,4,1.0,65536,4096,2,1.5,2,1.0,1,0.5,0.375,0.5,0.375,0.0,0.0,1,-0.0,-0.0,,,1.0,0.0,,4,49,1176,1.0000010000009965,two_stage,interface
1,30,CD,15,4,1,8,2,2,2,2,4,1.0,65536,4096,2,1.5,2,1.0,1,0.75,0.375,0.5,0.375,0.0,0.0,1,-0.0,-0.0,,,1.0,0.0,,4,49,1176,1.0000010000009965,two_stage,interface
1,31,DC,15,4,1,8,2,2,2,2,4,1.0,65536,4096,2,1.5,2,1.0,1,0.75,0.375,0.5,0.375,0.0,0.0,1,-0.0,-0.0,,,1.0,0.0,,4,49,1176,1.0000010000009965,two_stage,interface
2,0,CD,0,4,1,8,2,2,2,2,4,1.0,65536,4096,2,1.5,2,1.0,1,0.5,0.4375,0.5,0.4375,0.0,0.0,1,-0.0,-0.0,,,1.0,0.0,,4,48,1152,1.0000010000009965,two_stage,interface
2,1,DC,0,4,1,8,2,2,2,2,4,1.0,65536,4096,2,1.5,2,1.0,1,0.5,0.4375,0.5,0.4375,0.0,0.0,1,-0.0,-0.0,,,1.0,0.0,,4,48,1152,1.0000010000009965,two_stage,interface
2,2,CD,1,4,1,8,2,2,2,2,4,1.0,65536,4096,2,1.5,2,1.0,1,0.75,0.4375,0.5,0.4375,0.0,0.0,1,-0.0,-0.0,,,1.0,0.0,,4,48,1152,1.0000010000009965,two_stage,interface
2,3,DC,1,4,1,8,2,2,2,2,4,1.0,65536,4096,2,1.5,2,1.0,1,0.75,0.4375,0.5,0.4375,0.0,0.0,1,-0.0,-0.0,,,1.0,0.0,,4,48,1152,1.0000010000009965,two_stage,interface
2,4,CD,2,4,1,8,2,2,2,2,4,1.0,65536,4096,2,1.5,2,1.0,1,0.5,0.3125,0.5,0.3125,0.0,0.0,1,-0.0,-0.0,,,1.0,0.0,,4,48,1152,1.0000010000009965,two_stage,interface
2,5,DC,2,4,1,8,2,2,2,2,4,1.0,65536,4096,2,1.5,2,1.0,1,0.5,0.3125,0.5,0.3125,0.0,0.0,1,-0.0,-0.0,,,1.0,0.0,,4,48,1152,1.0000010000009965,two_stage,interface
2,6,CD,3,4,1,8,2,2,2,2,4,1.0,65536,4096,2,1.5,2,1.0,1,0.75,0.3125,0.5,0.3125,0.0,0.0,1,-0.0,-0.0,,,1.0,0.0,,4,48,1152,1.0000010000009965,two_stage,interface
2,7,DC,3,4,1,8,2,2,2,2,4,1.0,65536,4096,2,1.5,2,1.0,1,0.75,0.3125,0.5,0.3125,0.0,0.0,1,-0.0,-0.0,,,1.0,0.0,,4,48,1152,1.0000010000009965,two_stage,interface
2,8,CD,4,4,1,8,2,2,2,2,4,1.0,65536,4096,2,1.5,2,1.0,1,0.5,0.4375,0.5,0.4375,0.0,0.0,1,-0.0,-0.0,,,1.0,0.0,,4,48,1152,1.0000010000009965,two_stage,interface
2,9,DC,4,4,1,8,2,2,2,2,4,1.0,65536,4096,2,1.5,2,1.0,1,0.5,0.4375,0.5,0.4375,0.0,0.0,1,-0.0,-0.0,,,1.0,0.0,,4,48,1152,1.0000010000009965,two_stage,interface
2,10,CD,5,4,1,8,2,2,2,2,4,1.0,65536,4096,2,1.5,2,1.0,1,0.75,0.4375,0.5,0.4375,0.0,0.0,1,-0.0,-0.0,,,1.0,0.0,,4,48,1152,1.0000010000009965,two_stage,interface
2,11,DC,5,4,1,8,2,2,2,2,4,1.0,65536,4096,2,1.5,2,1.0,1,0.75,0.4375,0.5,0.4375,0.0,0.0,1,-0.0,-0.0,,,1.0,0.0,,4,48,1152,1.0000010000009965,two_stage,interface
2,12,CD,6,4,1,8,2,2,2,2,4,1.0,65536,4096,2,1.5,2,1.0,1,0.5,0.3125,0.5,0.3125,0.0,0.0,1,-0.0,-0.0,,,1.0,0.0,,4,48,1152,1.0000010000009965,two_stage,interface
2,13,DC,6,4,1,8,2,2,2,2,4,1.0,65536,4096,2,1.5,2,1.0,1,0.5,0.3125,0.5,0.3125,0.0,0.0,1,-0.0,-0.0,,,1.0,0.0,,4,48,1152,1.0000010000009965,two_stage,interface
2,14,CD,7,4,1,8,2,2,2,2,4,1.0,65536,4096,2,1.5,2,1.0,1,0.75,0.3125,0.5,0.3125,0.0,0.0,1,-0.0,-0.0,,,1.0,0.0,,4,48,1152,1.0000010000009965,two_stage,interface
2,15,DC,7,4,1,8,2,2,2,2,4,1.0,65536,4096,2,1.5,2,1.0,1,0.75,0.3125,0.5,0.3125,0.0,0.0,1,-0.0,-0.0,,,1.0,0.0,,4,48,1152,1.0000010000009965,two_stage,interface
2,16,CD,8,4,1,8,2,2,2,2,4,1.0,65536,4096,2,1.5,2,1.0,1,0.5,0.375,0.5,0.375,0.0,0.0,1,-0.0,-0.0,,,1.0,0.0,,4,48,1152,1.0000010000009965,two_stage,interface
2,17,DC,8,4,1,8,2,2,2,2,4,1.0,65536,4096,2,1.5,2,1.0,1,0.5,0.375,0.5,0.375,0.0,0.0,1,-0.0,-0.0,,,1.0,0.0,,4,48,1152,1.0000010000009965,two_stage,interface
2,18,CD,9,4,1,8,2,2,2,2,4,1.0,65536,4096,2,1.5,2,1.0,1,0.75,0.375,0.5,0.375,0.0,0.0,1,-0.0,-0.0,,,1.0,0.0,,4,48,1152,1.0000010000009965,two_stage,interface
2,19,DC,9,4,1,8,2,2,2,2,4,1.0,65536,4096,2,1.5,2,1.0,1,0.75,0.375,0.5,0.375,0.0,0.0,1,-0.0,-0.0,,,1.0,0.0,,4,48,1152,1.0000010000009965,two_stage,interface
2,20,CD,10,4,1,8,2,2,2,2,4,1.0,65536,4096,2,1.5,2,1.0,1,0.5,0.375,0.5,0.375,0.0,0.0,1,-0.0,-0.0,,,1.0,0.0,,4,48,1152,1.0000010000009965,two_stage,interface
2,21,DC,10,4,1,8,2,2,2,2,4,1.0,65536,4096,2,1.5,2,1.0,1,0.5,0.375,0.5,0.375,0.0,0.0,1,-0.0,-0.0,,,1.0,0.0,,4,48,1152,1.0000010000009965,two_stage,interface
2,22,CD,11,4,1,8,2,2,2,2,4,1.0,65536,4096,2,1.5,2,1.0,1,0.75,0.375,0.5,0.375,0.0,0.0,1,-0.0,-0.0,,,1.0,0.0,,4,48,1152,1.0000010000009965,two_stage,interface
2,23,DC,11,4,1,8,2,2,2,2,4,1.0,65536,4096,2,1.5,2,1.0,1,0.75,0.375,0.5,0.375,0.0,0.0,1,-0.0,-0.0,,,1.0,0.0,,4,48,1152,1.0000010000009965,two_stage,interface
2,24,CD,12,4,1,8,2,2,2,2,4,1.0,65536,4096,2,1.5,2,1.0,1,0.5,0.375,0.5,0.375,0.0,0.0,1,-0.0,-0.0,,,1.0,0.0,,4,48,1152,1.0000010000009965,two_stage,interface
2,25,DC,12,4,1,8,2,2,2,2,4,1.0,65536,4096,2,1.5,2,1.0,1,0.5,0.375,0.5,0.375,0.0,0.0,1,-0.0,-0.0,,,1.0,0.0,,4,48,1152,1.0000010000009965,two_stage,interface
2,26,CD,13,4,1,8,2,2,2,2,4,1.0,65536,4096,2,1.5,2,1.0,1,0.75,0.375,0.5,0.375,0.0,0.0,1,-0.0,-0.0,,,1.0,0.0,,4,48,1152,1.0000010000009965,two_stage,interface
2,27,DC,13,4,1,8,2,2,2,2,4,1.0,65536,4096,2,1.5,2,1.0,1,0.75,0.375,0.5,0.375,0.0,0.0,1,-0.0,-0.0,,,1.0,0.0,,4,48,1152,1.0000010000009965,two_stage,interface
2,28,CD,14,4,1,8,2,2,2,2,4,1.0,65536,4096,2,1.5,2,1.0,1,0.5,0.375,0.5,0.375,0.0,0.0,1,-0.0,-0.0,,,1.0,0.0,,4,48,1152,1.0000010000009965,two_stage,interface
2,29,DC,14,4,1,8,2,2,2,2,4,1.0,65536,4096,2,1.5,2,1.0,1,0.5,0.375,0.5,0.375,0.0,0.0,1,-0.0,-0.0,,,1.0,0.0,,4,48,1152,1.0000010000009965,two_stage,interface
2,30,CD,15,4,1,8,2,2,2,2,4,1.0,65536,4096,2,1.5,2,1.0,1,0.75,0.375,0.5,0.375,0.0,0.0,1,-0.0,-0.0,,,1.0,0.0,,4,48,1152,1.0000010000009965,two_stage,interface
2,31,DC,15,4,1,8,2,2,2,2,4,1.0,65536,4096,2,1.5,2,1.0,1,0.75,0.375,0.5,0.375,0.0,0.0,1,-0.0,-0.0,,,1.0,0.0,,4,48,1152,1.0000010000009965,two_stage,interface
3,0,CD,0,4,1,8,2,2,2,2,4,1.0,65536,4096,2,1.5,2,1.0,1,0.5,0.4375,0.5,0.4375,0.0,0.0,1,-0.0,-0.0,,,1.0,0.0,,4,47,1128,1.0000010000009965,two_stage,interface
3,1,DC,0,4,1,8,2,2,2,2,4,1.0,65536,4096,2,1.5,2,1.0,1,0.5,0.4375,0.5,0.4375,0.0,0.0,1,-0.0,-0.0,,,1.0,0.0,,4,47,1128,1.0000010000009965,two_stage,interface
3,2,CD,1,4,1,8,2,2,2,2,4,1.0,65536,4096,2,1.5,2,1.0,1,0.75,0.4375,0.5,0.4375,0.0,0.0,1,-0.0,-0.0,,,1.0,0.0,,4,47,1128,1.0000010000009965,two_stage,interface
3,3,DC,1,4,1,8,2,2,2,2,4,1.0,65536,4096,2,1.5,2,1.0,1,0.75,0.4375,0.5,0.4375,0.0,0.0,1,-0.0,-0.0,,,1.0,0.0,,4,47,1128,1.0000010000009965,two_stage,interface
3,4,CD,2,4,1,8,2,2,2,2,4,1.0,65536,4096,2,1.5,2,1.0,1,0.5,0.3125,0.5,0.3125,0.0,0.0,1,-0.0,-0.0,,,1.0,0.0,,4,47,1128,1.0000010000009965,two_stage,interface
3,5,DC,2,4,1,8,2,2,2,2,4,1.0,65536,4096,2,1.5,2,1.0,1,0.5,0.3125,0.5,0.3125,0.0,0.0,1,-0.0,-0.0,,,1.0,0.0,,4,47,1128,1.0000010000009965,two_stage,interface
3,6,CD,3,4,1,8,2,2,2,2,4,1.0,65536,4096,2,1.5,2,1.0,1,0.75,0.3125,0.5,0.3125,0.0,0.0,1,-0.0,-0.0,,,1.0,0.0,,4,47,1128,1.0000010000009965,two_stage,interface
3,7,DC,3,4,1,8,2,2,2,2,4,1.0,65536,4096,2,1.5,2,1.0,1,0.75,0.3125,0.5,0.3125,0.0,0.0,1,-0.0,-0.0,,,1.0,0.0,,4,47,1128,1.0000010000009965,two_stage,interface
3,8,CD,4,4,1,8,2,2,2,2,4,1.0,65536,4096,2,1.5,2,1.0,1,0.5,0.4375,0.5,0.4375,0.0,0.0,1,-0.0,-0.0,,,1.0,0.0,,4,47,1128,1.0000010000009965,two_stage,interface
3,9,DC,4,4,1,8,2,2,2,2,4,1.0,65536,4096,2,1.5,2,1.0,1,0.5,0.4375,0.5,0.4375,0.0,0.0,1,-0.0,-0.0,,,1.0,0.0,,4,47,1128,1.0000010000009965,two_stage,interface
3,10,CD,5,4,1,8,2,2,2,2,4,1.0,65536,4096,2,1.5,2,1.0,1,0.75,0.4375,0.5,0.4375,0.0,0.0,1,-0.0,-0.0,,,1.0,0.0,,4,47,1128,1.0000010000009965,two_stage,interface
3,11,DC,5,4,1,8,2,2,2,2,4,1.0,65536,4096,2,1.5,2,1.0,1,0.75,0.4375,0.5,0.4375,0.0,0.0,1,-0.0,-0.0,,,1.0,0.0,,4,47,1128,1.0000010000009965,two_stage,interface
3,12,CD,6,4,1,8,2,2,2,2,4,1.0,65536,4096,2,1.5,2,1.0,1,0.5,0.3125,0.5,0.3125,0.0,0.0,1,-0.0,-0.0,,,1.0,0.0,,4,47,1128,1.0000010000009965,two_stage,interface
3,13,DC,6,4,1,8,2,2,2,2,4,1.0,65536,4096,2,1.5,2,1.0,1,0.5,0.3125,0.5,0.3125,0.0,0.0,1,-0.0,-0.0,,,1.0,0.0,,4,47,1128,1.0000010000009965,two_stage,interface
3,14,CD,7,4,1,8,2,2,2,2,4,1.0,65536,4096,2,1.5,2,1.0,1,0.75,0.3125,0.5,0.3125,0.0,0.0,1,-0.0,-0.0,,,1.0,0.0,,4,47,1128,1.0000010000009965,two_stage,interface
3,15,DC,7,4,1,8,2,2,2,2,4,1.0,65536,4096,2,1.5,2,1.0,1,0.75,0.3125,0.5,0.3125,0.0,0.0,1,-0.0,-0.0,,,1.0,0.0,,4,47,1128,1.0000010000009965,two_stage,interface
3,16,CD,8,4,1,8,2,2,2,2,4,1.0,65536,4096,2,1.5,2,1.0,1,0.5,0.375,0.5,0.375,0.0,0.0,1,-0.0,-0.0,,,1.0,0.0,,4,47,1128,1.0000010000009965,two_stage,interface
3,17,DC,8,4,1,8,2,2,2,2,4,1.0,65536,4096,2,1.5,2,1.0,1,0.5,0.375,0.5,0.375,0.0,0.0,1,-0.0,-0.0,,,1.0,0.0,,4,47,1128,1.0000010000009965,two_stage,interface
3,18,CD,9,4,1,8,2,2,2,2,4,1.0,65536,4096,2,1.5,2,1.0,1,0.75,0.375,0.5,0.375,0.0,0.0,1,-0.0,-0.0,,,1.0,0.0,,4,47,1128,1.0000010000009965,two_stage,interface
3,19,DC,9,4,1,8,2,2,2,2,4,1.0,65536,4096,2,1.5,2,1.0,1,0.75,0.375,0.5,0.375,0.0,0.0,1,-0.0,-0.0,,,1.0,0.0,,4,47,1128,1.0000010000009965,two_stage,interface
3,20,CD,10,4,1,8,2,2,2,2,4,1.0,65536,4096,2,1.5,2,1.0,1,0.5,0.375,0.5,0.375,0.0,0.0,1,-0.0,-0.0,,,1.0,0.0,,4,47,1128,1.0000010000009965,two_stage,interface
3,21,DC,10,4,1,8,2,2,2,2,4,1.0,65536,4096,2,1.5,2,1.0,1,0.5,0.375,0.5,0.375,0.0,0.0,1,-0.0,-0.0,,,1.0,0.0,,4,47,1128,1.0000010000009965,two_stage,interface
3,22,CD,11,4,1,8,2,2,2,2,4,1.0,65536,4096,2,1.5,2,1.0,1,0.75,0.375,0.5,0.375,0.0,0.0,1,-0.0,-0.0,,,1.0,0.0,,4,47,1128,1.0000010000009965,two_stage,interface
3,23,DC,11,4,1,8,2,2,2,2,4,1.0,65536,4096,2,1.5,2,1.0,1,0.75,0.375,0.5,0.375,0.0,0.0,1,-0.0,-0.0,,,1.0,0.0,,4,47,1128,1.0000010000009965,two_stage,interface
3,24,CD,12,4,1,8,2,2,2,2,4,1.0,65536,4096,2,1.5,2,1.0,1,0.5,0.375,0.5,0.375,0.0,0.0,1,-0.0,-0.0,,,1.0,0.0,,4,47,1128,1.0000010000009965,two_stage,interface
3,25,DC,12,4,1,8,2,2,2,2,4,1.0,65536,4096,2,1.5,2,1.0,1,0.5,0.375,0.5,0.375,0.0,0.0,1,-0.0,-0.0,,,1.0,0.0,,4,47,1128,1.0000010000009965,two_stage,interface
3,26,CD,13,4,1,8,2,2,2,2,4,1.0,65536,4096,2,1.5,2,1.0,1,0.75,0.375,0.5,0.375,0.0,0.0,1,-0.0,-0.0,,,1.0,0.0,,4,47,1128,1.0000010000009965,two_stage,interface
3,27,DC,13,4,1,8,2,2,2,2,4,1.0,65536,4096,2,1.5,2,1.0,1,0.75,0.375,0.5,0.375,0.0,0.0,1,-0.0,-0.0,,,1.0,0.0,,4,47,1128,1.0000010000009965,two_stage,interface
3,28,CD,14,4,1,8,2,2,2,2,4,1.0,65536,4096,2,1.5,2,1.0,1,0.5,0.375,0.5,0.375,0.0,0.0,1,-0.0,-0.0,,,1.0,0.0,,4,47,1128,1.0000010000009965,two_stage,interface
3,29,DC,14,4,1,8,2,2,2,2,4,1.0,65536,4096,2,1.5,2,1.0,1,0.5,0.375,0.5,0.375,0.0,0.0,1,-0.0,-0.0,,,1.0,0.0,,4,47,1128,1.0000010000009965,two_stage,interface
3,30,CD,15,4,1,8,2,2,2,2,4,1.0,65536,4096,2,1.5,2,1.0,1,0.75,0.375,0.5,0.375,0.0,0.0,1,-0.0,-0.0,,,1.0,0.0,,4,47,1128,1.0000010000009965,two_stage,interface
3,31,DC,15,4,1,8,2,2,2,2,4,1.0,65536,4096,2,1.5,2,1.0,1,0.75,0.375,0.5,0.375,0.0,0.0,1,-0.0,-0.0,,,1.0,0.0,,4,47,1128,1.0000010000009965,two_stage,interface
4,0,CD,0,4,1,8,2,2,2,2,4,1.0,65536,4096,2,1.5,2,1.0,1,0.5,0.4375,0.5,0.4375,0.0,0.0,1,-0.0,-0.0,,,1.0,0.0,,4,46,1104,1.0000010000009965,two_stage,interface
4,1,DC,0,4,1,8,2,2,2,2,4,1.0,65536,4096,2,1.5,2,1.0,1,0.5,0.4375,0.5,0.4375,0.0,0.0,1,-0.0,-0.0,,,1.0,0.0,,4,46,1104,1.0000010000009965,two_stage,interface
4,2,CD,1,4,1,8,2,2,2,2,4,1.0,65536,4096,2,1.5,2,1.0,1,0.75,0.4375,0.5,0.4375,0.0,0.0,1,-0.0,-0.0,,,1.0,0.0,,4,46,1104,1.0000010000009965,two_stage,interface
4,3,DC,1,4,1,8,2,2,2,2,4,1.0,65536,4096,2,1.5,2,1.0,1,0.75,0.4375,0.5,0.4375,0.0,0.0,1,-0.0,-0.0,,,1.0,0.0,,4,46,1104,1.0000010000009965,two_stage,interface
4,4,CD,2,4,1,8,2,2,2,2,4,1.0,65536,4096,2,1.5,2,1.0,1,0.5,0.3125,0.5,0.3125,0.0,0.0,1,-0.0,-0.0,,,1.0,0.0,,4,46,1104,1.0000010000009965,two_stage,interface
4,5,DC,2,4,1,8,2,2,2,2,4,1.0,65536,4096,2,1.5,2,1.0,1,0.5,0.3125,0.5,0.3125,0.0,0.0,1,-0.0,-0.0,,,1.0,0.0,,4,46,1104,1.0000010000009965,two_stage,interface
4,6,CD,3,4,1,8,2,2,2,2,4,1.0,65536,4096,2,1.5,2,1.0,1,0.75,0.3125,0.5,0.3125,0.0,0.0,1,-0.0,-0.0,,,1.0,0.0,,4,46,1104,1.0000010000009965,two_stage,interface
4,7,DC,3,4,1,8,2,2,2,2,4,1.0,65536,4096,2,1.5,2,1.0,1,0.75,0.3125,0.5,0.3125,0.0,0.0,1,-0.0,-0.0,,,1.0,0.0,,4,46,1104,1.0000010000009965,two_stage,interface
4,8,CD,4,4,1,8,2,2,2,2,4,1.0,65536,4096,2,1.5,2,1.0,1,0.5,0.4375,0.5,0.4375,0.0,0.0,1,-0.0,-0.0,,,1.0,0.0,,4,46,1104,1.0000010000009965,two_stage,interface
4,9,DC,4,4,1,8,2,2,2,2,4,1.0,65536,4096,2,1.5,2,1.0,1,0.5,0.4375,0.5,0.4375,0.0,0.0,1,-0.0,-0.0,,,1.0,0.0,,4,46,1104,1.0000010000009965,two_stage,interface
4,10,CD,5,4,1,8,2,2,2,2,4,1.0,65536,4096,2,1.5,2,1.0,1,0.75,0.4375,0.5,0.4375,0.0,0.0,1,-0.0,-0.0,,,1.0,0.0,,4,46,1104,1.0000010000009965,two_stage,interface
4,11,DC,5,4,1,8,2,2,2,2,4,1.0,65536,4096,2,1.5,2,1.0,1,0.75,0.4375,0.5,0.4375,0.0,0.0,1,-0.0,-0.0,,,1.0,0.0,,4,46,1104,1.0000010000009965,two_stage,interface
4,12,CD,6,4,1,8,2,2,2,2,4,1.0,65536,4096,2,1.5,2,1.0,1,0.5,0.3125,0.5,0.3125,0.0,0.0,1,-0.0,-0.0,,,1.0,0.0,,4,46,1104,1.0000010000009965,two_stage,interface
4,13,DC,6,4,1,8,2,2,2,2,4,1.0,65536,4096,2,1.5,2,1.0,1,0.5,0.3125,0.5,0.3125,0.0,0.0,1,-0.0,-0.0,,,1.0,0.0,,4,46,1104,1.0000010000009965,two_stage,interface
4,14,CD,7,4,1,8,2,2,2,2,4,1.0,65536,4096,2,1.5,2,1.0,1,0.75,0.3125,0.5,0.3125,0.0,0.0,1,-0.0,-0.0,,,1.0,0.0,,4,46,1104,1.0000010000009965,two_stage,interface
4,15,DC,7,4,1,8,2,2,2,2,4,1.0,65536,4096,2,1.5,2,1.0,1,0.75,0.3125,0.5,0.3125,0.0,0.0,1,-0.0,-0.0,,,1.0,0.0,,4,46,1104,1.0000010000009965,two_stage,interface
4,16,CD,8,4,1,8,2,2,2,2,4,1.0,65536,4096,2,1.5,2,1.0,1,0.5,0.375,0.5,0.375,0.0,0.0,1,-0.0,-0.0,,,1.0,0.0,,4,46,1104,1.0000010000009965,two_stage,interface
4,17,DC,8,4,1,8,2,2,2,2,4,1.0,65536,4096,2,1.5,2,1.0,1,0.5,0.375,0.5,0.375,0.0,0.0,1,-0.0,-0.0,,,1.0,0.0,,4,46,1104,1.0000010000009965,two_stage,interface
4,18,CD,9,4,1,8,2,2,2,2,4,1.0,65536,4096,2,1.5,2,1.0,1,0.75,0.375,0.5,0.375,0.0,0.0,1,-0.0,-0.0,,,1.0,0.0,,4,46,1104,1.0000010000009965,two_stage,interface
4,19,DC,9,4,1,8,2,2,2,2,4,1.0,65536,4096,2,1.5,2,1.0,1,0.75,0.375,0.5,0.375,0.0,0.0,1,-0.0,-0.0,,,1.0,0.0,,4,46,1104,1.0000010000009965,two_stage,interface
4,20,CD,10,4,1,8,2,2,2,2,4,1.0,65536,4096,2,1.5,2,1.0,1,0.5,0.375,0.5,0.375,0.0,0.0,1,-0.0,-0.0,,,1.0,0.0,,4,46,1104,1.0000010000009965,two_stage,interface
4,21,DC,10,4,1,8,2,2,2,2,4,1.0,65536,4096,2,1.5,2,1.0,1,0.5,0.375,0.5,0.375,0.0,0.0,1,-0.0,-0.0,,,1.0,0.0,,4,46,1104,1.0000010000009965,two_stage,interface
4,22,CD,11,4,1,8,2,2,2,2,4,1.0,65536,4096,2,1.5,2,1.0,1,0.75,0.375,0.5,0.375,0.0,0.0,1,-0.0,-0.0,,,1.0,0.0,,4,46,1104,1.0000010000009965,two_stage,interface
4,23,DC,11,4,1,8,2,2,2,2,4,1.0,65536,4096,2,1.5,2,1.0,1,0.75,0.375,0.5,0.375,0.0,0.0,1,-0.0,-0.0,,,1.0,0.0,,4,46,1104,1.0000010000009965,two_stage,interface
4,24,CD,12,4,1,8,2,2,2,2,4,1.0,65536,4096,2,1.5,2,1.0,1,0.5,0.375,0.5,0.375,0.0,0.0,1,-0.0,-0.0,,,1.0,0.0,,4,46,1104,1.0000010000009965,two_stage,interface
4,25,DC,12,4,1,8,2,2,2,2,4,1.0,65536,4096,2,1.5,2,1.0,1,0.5,0.375,0.5,0.375,0.0,0.0,1,-0.0,-0.0,,,1.0,0.0,,4,46,1104,1.0000010000009965,two_stage,interface
4,26,CD,13,4,1,8,2,2,2,2,4,1.0,65536,4096,2,1.5,2,1.0,1,0.75,0.375,0.5,0.375,0.0,0.0,1,-0.0,-0.0,,,1.0,0.0,,4,46,1104,1.0000010000009965,two_stage,interface
4,27,DC,13,4,1,8,2,2,2,2,4,1.0,65536,4096,2,1.5,2,1.0,1,0.75,0.375,0.5,0.375,0.0,0.0,1,-0.0,-0.0,,,1.0,0.0,,4,46,1104,1.0000010000009965,two_stage,interface
4,28,CD,14,4,1,8,2,2,2,2,4,1.0,65536,4096,2,1.5,2,1.0,1,0.5,0.375,0.5,0.375,0.0,0.0,1,-0.0,-0.0,,,1.0,0.0,,4,46,1104,1.0000010000009965,two_stage,interface
4,29,DC,14,4,1,8,2,2,2,2,4,1.0,65536,4096,2,1.5,2,1.0,1,0.5,0.375,0.5,0.375,0.0,0.0,1,-0.0,-0.0,,,1.0,0.0,,4,46,1104,1.0000010000009965,two_stage,interface
4,30,CD,15,4,1,8,2,2,2,2,4,1.0,65536,4096,2,1.5,2,1.0,1,0.75,0.375,0.5,0.375,0.0,0.0,1,-0.0,-0.0,,,1.0,0.0,,4,46,1104,1.0000010000009965,two_stage,interface
4,31,DC,15,4,1,8,2,2,2,2,4,1.0,65536,4096,2,1.5,2,1.0,1,0.75,0.375,0.5,0.375,0.0,0.0,1,-0.0,-0.0,,,1.0,0.0,,4,46,1104,1.0000010000009965,two_stage,interface
5,0,CD,0,4,1,8,2,2,2,2,4,1.0,65536,4096,2,1.5,2,1.0,1,0.5,0.4375,0.5,0.4375,0.0,0.0,1,-0.0,-0.0,,,1.0,0.0,,4,45,1088,1.0000010000009965,two_stage,interface
5,1,DC,0,4,1,8,2,2,2,2,4,1.0,65536,4096,2,1.5,2,1.0,1,0.5,0.4375,0.5,0.4375,0.0,0.0,1,-0.0,-0.0,,,1.0,0.0,,4,45,1088,1.0000010000009965,two_stage,interface
5,2,CD,1,4,1,8,2,2,2,2,4,1.0,65536,4096,2,1.5,2,1.0,1,0.75,0.4375,0.5,0.4375,0.0,0.0,1,-0.0,-0.0,,,1.0,0.0,,4,45,1088,1.0000010000009965,two_stage,interface
5,3,DC,1,4,1,8,2,2,2,2,4,1.0,65536,4096,2,1.5,2,1.0,1,0.75,0.4375,0.5,0.4375,0.0,0.0,1,-0.0,-0.0,,,1.0,0.0,,4,45,1088,1.0000010000009965,two_stage,interface
5,4,CD,2,4,1,8,2,2,2,2,4,1.0,65536,4096,2,1.5,2,1.0,1,0.5,0.3125,0.5,0.3125,0.0,0.0,1,-0.0,-0.0,,,1.0,0.0,,4,45,1088,1.0000010000009965,two_stage,interface
5,5,DC,2,4,1,8,2,2,2,2,4,1.0,65536,4096,2,1.5,2,1.0,1,0.5,0.3125,0.5,0.3125,0.0,0.0,1,-0.0,-0.0,,,1.0,0.0,,4,45,1088,1.0000010000009965,two_stage,interface
5,6,CD,3,4,1,8,2,2,2,2,4,1.0,65536,4096,2,1.5,2,1.0,1,0.75,0.3125,0.5,0.3125,0.0,0.0,1,-0.0,-0.0,,,1.0,0.0,,4,45,1088,1.0000010000009965,two_stage,interface
5,7,DC,3,4,1,8,2,2,2,2,4,1.0,65536,4096,2,1.5,2,1.0,1,0.75,0.3125,0.5,0.3125,0.0,0.0,1,-0.0,-0.0,,,1.0,0.0,,4,45,1088,1.0000010000009965,two_stage,interface
5,8,CD,4,4,1,8,2,2,2,2,4,1.0,65536,4096,2,1.5,2,1.0,1,0.5,0.4375,0.5,0.4375,0.0,0.0,1,-0.0,-0.0,,,1.0,0.0,,4,45,1088,1.0000010000009965,two_stage,interface
5,9,DC,4,4,1,8,2,2,2,2,4,1.0,65536,4096,2,1.5,2,1.0,1,0.5,0.4375,0.5,0.4375,0.0,0.0,1,-0.0,-0.0,,,1.0,0.0,,4,45,1088,1.0000010000009965,two_stage,interface
5,10,CD,5,4,1,8,2,2,2,2,4,1.0,65536,4096,2,1.5,2,1.0,1,0.75,0.4375,0.5,0.4375,0.0,0.0,1,-0.0,-0.0,,,1.0,0.0,,4,45,1088,1.0000010000009965,two_stage,interface
5,11,DC,5,4,1,8,2,2,2,2,4,1.0,65536,4096,2,1.5,2,1.0,1,0.75,0.4375,0.5,0.4375,0.0,0.0,1,-0.0,-0.0,,,1.0,0.0,,4,45,1088,1.0000010000009965,two_stage,interface
5,12,CD,6,4,1,8,2,2,2,2,4,1.0,65536,4096,2,1.5,2,1.0,1,0.5,0.3125,0.5,0.3125,0.0,0.0,1,-0.0,-0.0,,,1.0,0.0,,4,45,1088,1.0000010000009965,two_stage,interface
5,13,DC,6,4,1,8,2,2,2,2,4,1.0,65536,4096,2,1.5,2,1.0,1,0.5,0.3125,0.5,0.3125,0.0,0.0,1,-0.0,-0.0,,,1.0,0.0,,4,45,1088,1.0000010000009965,two_stage,interface
5,14,CD,7,4,1,8,2,2,2,2,4,1.0,65536,4096,2,1.5,2,1.0,1,0.75,0.3125,0.5,0.3125,0.0,0.0,1,-0.0,-0.0,,,1.0,0.0,,4,45,1088,1.0000010000009965,two_stage,interface
5,15,DC,7,4,1,8,2,2,2,2,4,1.0,65536,4096,2,1.5,2,1.0,1,0.75,0.3125,0.5,0.3125,0.0,0.0,1,-0.0,-0.0,,,1.0,0.0,,4,45,1088,1.0000010000009965,two_stage,interface
5,16,CD,8,4,1,8,2,2,2,2,4,1.0,65536,4096,2,1.5,2,1.0,1,0.5,0.375,0.5,0.375,0.0,0.0,1,-0.0,-0.0,,,1.0,0.0,,4,45,1088,1.0000010000009965,two_stage,interface
5,17,DC,8,4,1,8,2,2,2,2,4,1.0,65536,4096,2,1.5,2,1.0,1,0.5,0.375,0.5,0.375,0.0,0.0,1,-0.0,-0.0,,,1.0,0.0,,4,45,1088,1.0000010000009965,two_stage,interface
5,18,CD,9,4,1,8,2,2,2,2,4,1.0,65536,4096,2,1.5,2,1.0,1,0.75,0.375,0.5,0.375,0.0,0.0,1,-0.0,-0.0,,,1.0,0.0,,4,45,1088,1.0000010000009965,two_stage,interface
5,19,DC,9,4,1,8,2,2,2,2,4,1.0,65536,4096,2,1.5,2,1.0,1,0.75,0.375,0.5,0.375,0.0,0.0,1,-0.0,-0.0,,,1.0,0.0,,4,45,1088,1.0000010000009965,two_stage,interface
5,20,CD,10,4,1,8,2,2,2,2,4,1.0,65536,4096,2,1.5,2,1.0,1,0.5,0.375,0.5,0.375,0.0,0.0,1,-0.0,-0.0,,,1.0,0.0,,4,45,1088,1.0000010000009965,two_stage,interface
5,21,DC,10,4,1,8,2,2,2,2,4,1.0,65536,4096,2,1.5,2,1.0,1,0.5,0.375,0.5,0.375,0.0,0.0,1,-0.0,-0.0,,,1.0,0.0,,4,45,1088,1.0000010000009965,two_stage,interface
5,22,CD,11,4,1,8,2,2,2,2,4,1.0,65536,4096,2,1.5,2,1.0,1,0.75,0.375,0.5,0.375,0.0,0.0,1,-0.0,-0.0,,,1.0,0.0,,4,45,1088,1.0000010000009965,two_stage,interface
5,23,DC,11,4,1,8,2,2,2,2,4,1.0,65536,4096,2,1.5,2,1.0,1,0.75,0.375,0.5,0.375,0.0,0.0,1,-0.0,-0.0,,,1.0,0.0,,4,45,1088,1.0000010000009965,two_stage,interface
5,24,CD,12,4,1,8,2,2,2,2,4,1.0,65536,4096,2,1.5,2,1.0,1,0.5,0.375,0.5,0.375,0.0,0.0,1,-0.0,-0.0,,,1.0,0.0,,4,45,1088,1.0000010000009965,two_stage,interface
5,25,DC,12,4,1,8,2,2,2,2,4,1.0,65536,4096,2,1.5,2,1.0,1,0.5,0.375,0.5,0.375,0.0,0.0,1,-0.0,-0.0,,,1.0,0.0,,4,45,1088,1.0000010000009965,two_stage,interface
5,26,CD,13,4,1,8,2,2,2,2,4,1.0,65536,4096,2,1.5,2,1.0,1,0.75,0.375,0.5,0.375,0.0,0.0,1,-0.0,-0.0,,,1.0,0.0,,4,45,1088,1.0000010000009965,two_stage,interface
5,27,DC,13,4,1,8,2,2,2,2,4,1.0,65536,4096,2,1.5,2,1.0,1,0.75,0.375,0.5,0.375,0.0,0.0,1,-0.0,-0.0,,,1.0,0.0,,4,45,1088,1.0000010000009965,two_stage,interface
5,28,CD,14,4,1,8,2,2,2,2,4,1.0,65536,4096,2,1.5,2,1.0,1,0.5,0.375,0.5,0.375,0.0,0.0,1,-0.0,-0.0,,,1.0,0.0,,4,45,1088,1.0000010000009965,two_stage,interface
5,29,DC,14,4,1,8,2,2,2,2,4,1.0,65536,4096,2,1.5,2,1.0,1,0.5,0.375,0.5,0.375,0.0,0.0,1,-0.0,-0.0,,,1.0,0.0,,4,45,1088,1.0000010000009965,two_stage,interface
5,30,CD,15,4,1,8,2,2,2,2,4,1.0,65536,4096,2,1.5,2,1.0,1,0.75,0.375,0.5,0.375,0.0,0.0,1,-0.0,-0.0,,,1.0,0.0,,4,45,1088,1.0000010000009965,two_stage,interface
5,31,DC,15,4,1,8,2,2,2,2,4,1.0,65536,4096,2,1.5,2,1.0,1,0.75,0.375,0.5,0.375,0.0,0.0,1,-0.0,-0.0,,,1.0,0.0,,4,45,1088,1.0000010000009965,two_stage,interface
6,0,CD,0,4,1,8,2,2,2,2,4,1.0,65536,4096,2,1.0,1,1.0,1,1.0,1.0,1.0,1.0,0.0,0.0,2,0.9886994082884974,0.4943497041442487,,,1.0,1.0,1.0,4,50,1201,1.0000010000009907,two_stage,interface
6,1,DC,0,4,1,8,2,2,2,2,4,1.0,65536,4096,2,1.0,1,1.0,1,1.0,1.0,1.0,1.0,0.0,0.0,2,0.9886994082884974,0.4943497041442487,,,1.0,1.0,1.0,4,50,1201,1.0000010000009907,two_stage,interface
6,2,CD,1,4,1,8,2,2,2,2,4,1.0,65536,4096,2,1.0,1,1.0,1,1.0,1.0,1.0,1.0,0.0,0.0,2,0.9886994082884974,0.4943497041442487,,,1.0,1.0,1.0,4,50,1201,1.0000010000009907,two_stage,interface
6,3,DC,1,4,1,8,2,2,2,2,4,1.0,65536,4096,2,1.0,1,1.0,1,1.0,1.0,1.0,1.0,0.0,0.0,2,0.9886994082884974,0.4943497041442487,,,1.0,1.0,1.0,4,50,1201,1.0000010000009907,two_stage,interface
6,4,CD,2,4,1,8,2,2,2,2,4,1.0,65536,4096,2,1.0,1,1.0,1,1.0,1.0,1.0,1.0,0.0,0.0,2,1.0,0.5,,,1.0,1.0,1.0,4,50,1201,1.0000010000009907,two_stage,interface
6,5,DC,2,4,1,8,2,2,2,2,4,1.0,65536,4096,2,1.0,1,1.0,1,1.0,1.0,1.0,1.0,0.0,0.0,2,1.0,0.5,,,1.0,1.0,1.0,4,50,1201,1.0000010000009907,two_stage,interface
6,6,CD,3,4,1,8,2,2,2,2,4,1.0,65536,4096,2,1.0,1,1.0,1,1.0,1.0,1.0,1.0,0.0,0.0,2,1.0,0.5,,,1.0,1.0,1.0,4,50,1201,1.0000010000009907,two_stage,interface
6,7,DC,3,4,1,8,2,2,2,2,4,1.0,65536,4096,2,1.0,1,1.0,1,1.0,1.0,1.0,1.0,0.0,0.0,2,1.0,0.5,,,1.0,1.0,1.0,4,50,1201,1.0000010000009907,two_stage,interface
6,8,CD,4,4,1,8,2,2,2,2,4,1.0,65536,4096,2,1.0,1,1.0,1,1.0,1.0,1.0,1.0,0.0,0.0,2,0.9886994082884974,0.4943497041442487,,,1.0,1.0,1.0,4,50,1201,1.0000010000009907,two_stage,interface
6,9,DC,4,4,1,8,2,2,2,2,4,1.0,65536,4096,2,1.0,1,1.0,1,1.0,1.0,1.0,1.0,0.0,0.0,2,0.9886994082884974,0.4943497041442487,,,1.0,1.0,1.0,4,50,1201,1.0000010000009907,two_stage,interface
6,10,CD,5,4,1,8,2,2,2,2,4,1.0,65536,4096,2,1.0,1,1.0,1,1.0,1.0,1.0,1.0,0.0,0.0,2,0.9886994082884974,0.4943497041442487,,,1.0,1.0,1.0,4,50,1201,1.0000010000009907,two_stage,interface
6,11,DC,5,4,1,8,2,2,2,2,4,1.0,65536,4096,2,1.0,1,1.0,1,1.0,1.0,1.0,1.0,0.0,0.0,2,0.9886994082884974,0.4943497041442487,,,1.0,1.0,1.0,4,50,1201,1.0000010000009907,two_stage,interface
6,12,CD,6,4,1,8,2,2,2,2,4,1.0,65536,4096,2,1.0,1,1.0,1,1.0,1.0,1.0,1.0,0.0,0.0,2,1.0,0.5,,,1.0,1.0,1.0,4,50,1201,1.0000010000009907,two_stage,interface
6,13,DC,6,4,1,8,2,2,2,2,4,1.0,65536,4096,2,1.0,1,1.0,1,1.0,1.0,1.0,1.0,0.0,0.0,2,1.0,0.5,,,1.0,1.0,1.0,4,50,1201,1.0000010000009907,two_stage,interface
6,14,CD,7,4,1,8,2,2,2,2,4,1.0,65536,4096,2,1.0,1,1.0,1,1.0,1.0,1.0,1.0,0.0,0.0,2,1.0,0.5,,,1.0,1.0,1.0,4,50,1201,1.0000010000009907,two_stage,interface
6,15,DC,7,4,1,8,2,2,2,2,4,1.0,65536,4096,2,1.0,1,1.0,1,1.0,1.0,1.0,1.0,0.0,0.0,2,1.0,0.5,,,1.0,1.0,1.0,4,50,1201,1.0000010000009907,two_stage,interface
6,16,CD,8,4,1,8,2,2,2,2,4,1.0,65536,4096,2,1.0,1,1.0,1,1.0,1.0,1.0,1.0,0.0,0.0,2,0.954434002924965,0.4772170014624825,,,1.0,1.0,1.0,4,50,1201,1.0000010000009907,two_stage,interface
6,17,DC,8,4,1,8,2,2,2,2,4,1.0,65536,4096,2,1.0,1,1.0,1,1.0,1.0,1.0,1.0,0.0,0.0,2,0.954434002924965,0.4772170014624825,,,1.0,1.0,1.0,4,50,1201,1.0000010000009907,two_stage,interface
6,18,CD,9,4,1,8,2,2,2,2,4,1.0,65536,4096,2,1.0,1,1.0,1,1.0,1.0,1.0,1.0,0.0,0.0,2,0.954434002924965,0.4772170014624825,,,1.0,1.0,1.0,4,50,1201,1.0000010000009907,two_stage,interface
6,19,DC,9,4,1,8,2,2,2,2,4,1.0,65536,4096,2,1.0,1,1.0,1,1.0,1.0,1.0,1.0,0.0,0.0,2,0.954434002924965,0.4772170014624825,,,1.0,1.0,1.0,4,50,1201,1.0000010000009907,two_stage,interface
6,20,CD,10,4,1,8,2,2,2,2,4,1.0,65536,4096,2,1.0,1,1.0,1,1.0,1.0,1.0,1.0,0.0,0.0,2,1.0,0.5,,,1.0,1.0,1.0,4,50,1201,1.0000010000009907,two_stage,interface
6,21,DC,10,4,1,8,2,2,2,2,4,1.0,65536,4096,2,1.0,1,1.0,1,1.0,1.0,1.0,1.0,0.0,0.0,2,1.0,0.5,,,1.0,1.0,1.0,4,50,1201,1.0000010000009907,two_stage,interface
6,22,CD,11,4,1,8,2,2,2,2,4,1.0,65536,4096,2,1.0,1,1.0,1,1.0,1.0,1.0,1.0,0.0,0.0,2,1.0,0.5,,,1.0,1.0,1.0,4,50,1201,1.0000010000009907,two_stage,interface
6,23,DC,11,4,1,8,2,2,2,2,4,1.0,65536,4096,2,1.0,1,1.0,1,1.0,1.0,1.0,1.0,0.0,0.0,2,1.0,0.5,,,1.0,1.0,1.0,4,50,1201,1.0000010000009907,two_stage,interface
6,24,CD,12,4,1,8,2,2,2,2,4,1.0,65536,4096,2,1.0,1,1.0,1,1.0,1.0,1.0,1.0,0.0,0.0,2,0.954434002924965,0.4772170014624825,,,1.0,1.0,1.0,4,50,1201,1.0000010000009907,two_stage,interface
6,25,DC,12,4,1,8,2,2,2,2,4,1.0,65536,4096,2,1.0,1,1.0,1,1.0,1.0,1.0,1.0,0.0,0.0,2,0.954434002924965,0.4772170014624825,,,1.0,1.0,1.0,4,50,1201,1.0000010000009907,two_stage,interface
6,26,CD,13,4,1,8,2,2,2,2,4,1.0,65536,4096,2,1.0,1,1.0,1,1.0,1.0,1.0,1.0,0.0,0.0,2,0.954434002924965,0.4772170014624825,,,1.0,1.0,1.0,4,50,1201,1.0000010000009907,two_stage,interface
6,27,DC,13,4,1,8,2,2,2,2,4,1.0,65536,4096,2,1.0,1,1.0,1,1.0,1.0,1.0,1.0,0.0,0.0,2,0.954434002924965,0.4772170014624825,,,1.0,1.0,1.0,4,50,1201,1.0000010000009907,two_stage,interface
6,28,CD,14,4,1,8,2,2,2,2,4,1.0,65536,4096,2,1.0,1,1.0,1,1.0,1.0,1.0,1.0,0.0,0.0,2,1.0,0.5,,,1.0,1.0,1.0,4,50,1201,1.0000010000009907,two_stage,interface
6,29,DC,14,4,1,8,2,2,2,2,4,1.0,65536,4096,2,1.0,1,1.0,1,1.0,1.0,1.0,1.0,0.0,0.0,2,1.0,0.5,,,1.0,1.0,1.0,4,50,1201,1.0000010000009907,two_stage,interface
6,30,CD,15,4,1,8,2,2,2,2,4,1.0,65536,4096,2,1.0,1,1.0,1,1.0,1.0,1.0,1.0,0.0,0.0,2,1.0,0.5,,,1.0,1.0,1.0,4,50,1201,1.0000010000009907,two_stage,interface
6,31,DC,15,4,1,8,2,2,2,2,4,1.0,65536,4096,2,1.0,1,1.0,1,1.0,1.0,1.0,1.0,0.0,0.0,2,1.0,0.5,,,1.0,1.0,1.0,4,50,1201,1.0000010000009907,two_stage,interface
7,0,CD,0,4,1,8,2,2,2,2,4,1.0,65536,4096,2,1.0,1,1.0,1,1.0,1.0,1.0,1.0,0.0,0.0,2,0.9886994082884974,0.4943497041442487,,,1.0,1.0,1.0,4,50,1202,1.0000010000009907,two_stage,interface
7,1,DC,0,4,1,8,2,2,2,2,4,1.0,65536,4096,2,1.0,1,1.0,1,1.0,1.0,1.0,1.0,0.0,0.0,2,0.9886994082884974,0.4943497041442487,,,1.0,1.0,1.0,4,50,1202,1.0000010000009907,two_stage,interface
7,2,CD,1,4,1,8,2,2,2,2,4,1.0,65536,4096,2,1.0,1,1.0,1,1.0,1.0,1.0,1.0,0.0,0.0,2,0.9886994082884974,0.4943497041442487,,,1.0,1.0,1.0,4,50,1202,1.0000010000009907,two_stage,interface
7,3,DC,1,4,1,8,2,2,2,2,4,1.0,65536,4096,2,1.0,1,1.0,1,1.0,1.0,1.0,1.0,0.0,0.0,2,0.9886994082884974,0.4943497041442487,,,1.0,1.0,1.0,4,50,1202,1.0000010000009907,two_stage,interface
7,4,CD,2,4,1,8,2,2,2,2,4,1.0,65536,4096,2,1.0,1,1.0,1,1.0,1.0,1.0,1.0,0.0,0.0,2,1.0,0.5,,,1.0,1.0,1.0,4,50,1202,1.0000010000009907,two_stage,interface
7,5,DC,2,4,1,8,2,2,2,2,4,1.0,65536,4096,2,1.0,1,1.0,1,1.0,1.0,1.0,1.0,0.0,0.0,2,1.0,0.5,,,1.0,1.0,1.0,4,50,1202,1.0000010000009907,two_stage,interface
7,6,CD,3,4,1,8,2,2,2,2,4,1.0,65536,4096,2,1.0,1,1.0,1,1.0,1.0,1.0,1.0,0.0,0.0,2,1.0,0.5,,,1.0,1.0,1.0,4,50,1202,1.0000010000009907,two_stage,interface
7,7,DC,3,4,1,8,2,2,2,2,4,1.0,65536,4096,2,1.0,1,1.0,1,1.0,1.0,1.0,1.0,0.0,0.0,2,1.0,0.5,,,1.0,1.0,1.0,4,50,1202,1.0000010000009907,two_stage,interface
7,8,CD,4,4,1,8,2,2,2,2,4,1.0,65536,4096,2,1.0,1,1.0,1,1.0,1.0,1.0,1.0,0.0,0.0,2,0.9886994082884974,0.4943497041442487,,,1.0,1.0,1.0,4,50,1202,1.0000010000009907,two_stage,interface
7,9,DC,4,4,1,8,2,2,2,2,4,1.0,65536,4096,2,1.0,1,1.0,1,1.0,1.0,1.0,1.0,0.0,0.0,2,0.9886994082884974,0.4943497041442487,,,1.0,1.0,1.0,4,50,1202,1.0000010000009907,two_stage,interface
7,10,CD,5,4,1,8,2,2,2,2,4,1.0,65536,4096,2,1.0,1,1.0,1,1.0,1.0,1.0,1.0,0.0,0.0,2,0.9886994082884974,0.4943497041442487,,,1.0,1.0,1.0,4,50,1202,1.0000010000009907,two_stage,interface
7,11,DC,5,4,1,8,2,2,2,2,4,1.0,65536,4096,2,1.0,1,1.0,1,1.0,1.0,1.0,1.0,0.0,0.0,2,0.9886994082884974,0.4943497041442487,,,1.0,1.0,1.0,4,50,1202,1.0000010000009907,two_stage,interface
7,12,CD,6,4,1,8,2,2,2,2,4,1.0,65536,4096,2,1.0,1,1.0,1,1.0,1.0,1.0,1.0,0.0,0.0,2,1.0,0.5,,,1.0,1.0,1.0,4,50,1202,1.0000010000009907,two_stage,interface
7,13,DC,6,4,1,8,2,2,2,2,4,1.0,65536,4096,2,1.0,1,1.0,1,1.0,1.0,1.0,1.0,0.0,0.0,2,1.0,0.5,,,1.0,1.0,1.0,4,50,1202,1.0000010000009907,two_stage,interface
7,14,CD,7,4,1,8,2,2,2,2,4,1.0,65536,4096,2,1.0,1,1.0,1,1.0,1.0,1.0,1.0,0.0,0.0,2,1.0,0.5,,,1.0,1.0,1.0,4,50,1202,1.0000010000009907,two_stage,interface
7,15,DC,7,4,1,8,2,2,2,2,4,1.0,65536,4096,2,1.0,1,1.0,1,1.0,1.0,1.0,1.0,0.0,0.0,2,1.0,0.5,,,1.0,1.0,1.0,4,50,1202,1.0000010000009907,two_stage,interface
7,16,CD,8,4,1,8,2,2,2,2,4,1.0,65536,4096,2,1.0,1,1.0,1,1.0,1.0,1.0,1.0,0.0,0.0,2,0.954434002924965,0.4772170014624825,,,1.0,1.0,1.0,4,50,1202,1.0000010000009907,two_stage,interface
7,17,DC,8,4,1,8,2,2,2,2,4,1.0,65536,4096,2,1.0,1,1.0,1,1.0,1.0,1.0,1.0,0.0,0.0,2,0.954434002924965,0.4772170014624825,,,1.0,1.0,1.0,4,50,1202,1.0000010000009907,two_stage,interface
7,18,CD,9,4,1,8,2,2,2,2,4,1.0,65536,4096,2,1.0,1,1.0,1,1.0,1.0,1.0,1.0,0.0,0.0,2,0.954434002924965,0.4772170014624825,,,1.0,1.0,1.0,4,50,1202,1.0000010000009907,two_stage,interface
7,19,DC,9,4,1,8,2,2,2,2,4,1.0,65536,4096,2,1.0,1,1.0,1,1.0,1.0,1.0,1.0,0.0,0.0,2,0.954434002924965,0.4772170014624825,,,1.0,1.0,1.0,4,50,1202,1.0000010000009907,two_stage,interface
7,20,CD,10,4,1,8,2,2,2,2,4,1.0,65536,4096,2,1.0,1,1.0,1,1.0,1.0,1.0,1.0,0.0,0.0,2,1.0,0.5,,,1.0,1.0,1.0,4,50,1202,1.0000010000009907,two_stage,interface
7,21,DC,10,4,1,8,2,2,2,2,4,1.0,65536,4096,2,1.0,1,1.0,1,1.0,1.0,1.0,1.0,0.0,0.0,2,1.0,0.5,,,1.0,1.0,1.0,4,50,1202,1.0000010000009907,two_stage,interface
7,22,CD,11,4,1,8,2,2,2,2,4,1.0,65536,4096,2,1.0,1,1.0,1,1.0,1.0,1.0,1.0,0.0,0.0,2,1.0,0.5,,,1.0,1.0,1.0,4,50,1202,1.0000010000009907,two_stage,interface
7,23,DC,11,4,1,8,2,2,2,2,4,1.0,65536,4096,2,1.0,1,1.0,1,1.0,1.0,1.0,1.0,0.0,0.0,2,1.0,0.5,,,1.0,1.0,1.0,4,50,1202,1.0000010000009907,two_stage,interface
7,24,CD,12,4,1,8,2,2,2,2,4,1.0,65536,4096,2,1.0,1,1.0,1,1.0,1.0,1.0,1.0,0.0,0.0,2,0.954434002924965,0.4772170014624825,,,1.0,1.0,1.0,4,50,1202,1.0000010000009907,two_stage,interface
7,25,DC,12,4,1,8,2,2,2,2,4,1.0,65536,4096,2,1.0,1,1.0,1,1.0,1.0,1.0,1.0,0.0,0.0,2,0.954434002924965,0.4772170014624825,,,1.0,1.0,1.0,4,50,1202,1.0000010000009907,two_stage,interface
7,26,CD,13,4,1,8,2,2,2,2,4,1.0,65536,4096,2,1.0,1,1.0,1,1.0,1.0,1.0,1.0,0.0,0.0,2,0.954434002924965,0.4772170014624825,,,1.0,1.0,1.0,4,50,1202,1.0000010000009907,two_stage,interface
7,27,DC,13,4,1,8,2,2,2,2,4,1.0,65536,4096,2,1.0,1,1.0,1,1.0,1.0,1.0,1.0,0.0,0.0,2,0.954434002924965,0.4772170014624825,,,1.0,1.0,1.0,4,50,1202,1.0000010000009907,two_stage,interface
7,28,CD,14,4,1,8,2,2,2,2,4,1.0,65536,4096,2,1.0,1,1.0,1,1.0,1.0,1.0,1.0,0.0,0.0,2,1.0,0.5,,,1.0,1.0,1.0,4,50,1202,1.0000010000009907,two_stage,interface
7,29,DC,14,4,1,8,2,2,2,2,4,1.0,65536,4096,2,1.0,1,1.0,1,1.0,1.0,1.0,1.0,0.0,0.0,2,1.0,0.5,,,1.0,1.0,1.0,4,50,1202,1.0000010000009907,two_stage,interface
7,30,CD,15,4,1,8,2,2,2,2,4,1.0,65536,4096,2,1.0,1,1.0,1,1.0,1.0,1.0,1.0,0.0,0.0,2,1.0,0.5,,,1.0,1.0,1.0,4,50,1202,1.0000010000009907,two_stage,interface
7,31,DC,15,4,1,8,2,2,2,2,4,1.0,65536,4096,2,1.0,1,1.0,1,1.0,1.0,1.0,1.0,0.0,0.0,2,1.0,0.5,,,1.0,1.0,1.0,4,50,1202,1.0000010000009907,two_stage,interface
8,0,CD,0,4,1,8,2,2,2,2,4,1.0,65536,4096,2,1.0,1,1.0,1,1.0,1.0,1.0,1.0,0.0,0.0,2,0.9886994082884974,0.4943497041442487,,,1.0,1.0,1.0,4,49,1177,1.0000010000009907,two_stage,interface
8,1,DC,0,4,1,8,2,2,2,2,4,1.0,65536,4096,2,1.0,1,1.0,1,1.0,1.0,1.0,1.0,0.0,0.0,2,0.9886994082884974,0.4943497041442487,,,1.0,1.0,1.0,4,49,1177,1.0000010000009907,two_stage,interface
8,2,CD,1,4,1,8,2,2,2,2,4,1.0,65536,4096,2,1.0,1,1.0,1,1.0,1.0,1.0,1.0,0.0,0.0,2,0.9886994082884974,0.4943497041442487,,,1.0,1.0,1.0,4,49,1177,1.0000010000009907,two_stage,interface
8,3,DC,1,4,1,8,2,2,2,2,4,1.0,65536,4096,2,1.0,1,1.0,1,1.0,1.0,1.0,1.0,0.0,0.0,2,0.9886994082884974,0.4943497041442487,,,1.0,1.0,1.0,4,49,1177,1.0000010000009907,two_stage,interface
8,4,CD,2,4,1,8,2,2,2,2,4,1.0,65536,4096,2,1.0,1,1.0,1,1.0,1.0,1.0,1.0,0.0,0.0,2,1.0,0.5,,,1.0,1.0,1.0,4,49,1177,1.0000010000009907,two_stage,interface
8,5,DC,2,4,1,8,2,2,2,2,4,1.0,65536,4096,2,1.0,1,1.0,1,1.0,1.0,1.0,1.0,0.0,0.0,2,1.0,0.5,,,1.0,1.0,1.0,4,49,1177,1.0000010000009907,two_stage,interface
8,6,CD,3,4,1,8,2,2,2,2,4,1.0,65536,4096,2,1.0,1,1.0,1,1.0,1.0,1.0,1.0,0.0,0.0,2,1.0,0.5,,,1.0,1.0,1.0,4,49,1177,1.0000010000009907,two_stage,interface
8,7,DC,3,4,1,8,2,2,2,2,4,1.0,65536,4096,2,1.0,1,1.0,1,1.0,1.0,1.0,1.0,0.0,0.0,2,1.0,0.5,,,1.0,1.0,1.0,4,49,1177,1.0000010000009907,two_stage,interface
8,8,CD,4,4,1,8,2,2,2,2,4,1.0,65536,4096,2,1.0,1,1.0,1,1.0,1.0,1.0,1.0,0.0,0.0,2,0.9886994082884974,0.4943497041442487,,,1.0,1.0,1.0,4,49,1177,1.0000010000009907,two_stage,interface
8,9,DC,4,4,1,8,2,2,2,2,4,1.0,65536,4096,2,1.0,1,1.0,1,1.0,1.0,1.0,1.0,0.0,0.0,2,0.9886994082884974,0.4943497041442487,,,1.0,1.0,1.0,4,49,1177,1.0000010000009907,two_stage,interface
8,10,CD,5,4,1,8,2,2,2,2,4,1.0,65536,4096,2,1.0,1,1.0,1,1.0,1.0,1.0,1.0,0.0,0.0,2,0.9886994082884974,0.4943497041442487,,,1.0,1.0,1.0,4,49,1177,1.0000010000009907,two_stage,interface
8,11,DC,5,4,1,8,2,2,2,2,4,1.0,65536,4096,2,1.0,1,1.0,1,1.0,1.0,1.0,1.0,0.0,0.0,2,0.9886994082884974,0.4943497041442487,,,1.0,1.0,1.0,4,49,1177,1.0000010000009907,two_stage,interface
8,12,CD,6,4,1,8,2,2,2,2,4,1.0,65536,4096,2,1.0,1,1.0,1,1.0,1.0,1.0,1.0,0.0,0.0,2,1.0,0.5,,,1.0,1.0,1.0,4,49,1177,1.0000010000009907,two_stage,interface
8,13,DC,6,4,1,8,2,2,2,2,4,1.0,65536,4096,2,1.0,1,1.0,1,1.0,1.0,1.0,1.0,0.0,0.0,2,1.0,0.5,,,1.0,1.0,1.0,4,49,1177,1.0000010000009907,two_stage,interface
8,14,CD,7,4,1,8,2,2,2,2,4,1.0,65536,4096,2,1.0,1,1.0,1,1.0,1.0,1.0,1.0,0.0,0.0,2,1.0,0.5,,,1.0,1.0,1.0,4,49,1177,1.0000010000009907,two_stage,interface
8,15,DC,7,4,1,8,2,2,2,2,4,1.0,65536,4096,2,1.0,1,1.0,1,1.0,1.0,1.0,1.0,0.0,0.0,2,1.0,0.5,,,1.0,1.0,1.0,4,49,1177,1.0000010000009907,two_stage,interface
8,16,CD,8,4,1,8,2,2,2,2,4,1.0,65536,4096,2,1.0,1,1.0,1,1.0,1.0,1.0,1.0,0.0,0.0,2,0.954434002924965,0.4772170014624825,,,1.0,1.0,1.0,4,49,1177,1.0000010000009907,two_stage,interface
8,17,DC,8,4,1,8,2,2,2,2,4,1.0,65536,4096,2,1.0,1,1.0,1,1.0,1.0,1.0,1.0,0.0,0.0,2,0.954434002924965,0.4772170014624825,,,1.0,1.0,1.0,4,49,1177,1.0000010000009907,two_stage,interface
8,18,CD,9,4,1,8,2,2,2,2,4,1.0,65536,4096,2,1.0,1,1.0,1,1.0,1.0,1.0,1.0,0.0,0.0,2,0.954434002924965,0.4772170014624825,,,1.0,1.0,1.0,4,49,1177,1.0000010000009907,two_stage,interface
8,19,DC,9,4,1,8,2,2,2,2,4,1.0,65536,4096,2,1.0,1,1.0,1,1.0,1.0,1.0,1.0,0.0,0.0,2,0.954434002924965,0.4772170014624825,,,1.0,1.0,1.0,4,49,1177,1.0000010000009907,two_stage,interface
8,20,CD,10,4,1,8,2,2,2,2,4,1.0,65536,4096,2,1.0,1,1.0,1,1.0,1.0,1.0,1.0,0.0,0.0,2,1.0,0.5,,,1.0,1.0,1.0,4,49,1177,1.0000010000009907,two_stage,interface
8,21,DC,10,4,1,8,2,2,2,2,4,1.0,65536,4096,2,1.0,1,1.0,1,1.0,1.0,1.0,1.0,0.0,0.0,2,1.0,0.5,,,1.0,1.0,1.0,4,49,1177,1.0000010000009907,two_stage,interface
8,22,CD,11,4,1,8,2,2,2,2,4,1.0,65536,4096,2,1.0,1,1.0,1,1.0,1.0,1.0,1.0,0.0,0.0,2,1.0,0.5,,,1.0,1.0,1.0,4,49,1177,1.0000010000009907,two_stage,interface
8,23,DC,11,4,1,8,2,2,2,2,4,1.0,65536,4096,2,1.0,1,1.0,1,1.0,1.0,1.0,1.0,0.0,0.0,2,1.0,0.5,,,1.0,1.0,1.0,4,49,1177,1.0000010000009907,two_stage,interface
8,24,CD,12,4,1,8,2,2,2,2,4,1.0,65536,4096,2,1.0,1,1.0,1,1.0,1.0,1.0,1.0,0.0,0.0,2,0.954434002924965,0.4772170014624825,,,1.0,1.0,1.0,4,49,1177,1.0000010000009907,two_stage,interface
8,25,DC,12,4,1,8,2,2,2,2,4,1.0,65536,4096,2,1.0,1,1.0,1,1.0,1.0,1.0,1.0,0.0,0.0,2,0.954434002924965,0.4772170014624825,,,1.0,1.0,1.0,4,49,1177,1.0000010000009907,two_stage,interface
8,26,CD,13,4,1,8,2,2,2,2,4,1.0,65536,4096,2,1.0,1,1.0,1,1.0,1.0,1.0,1.0,0.0,0.0,2,0.954434002924965,0.4772170014624825,,,1.0,1.0,1.0,4,49,1177,1.0000010000009907,two_stage,interface
8,27,DC,13,4,1,8,2,2,2,2,4,1.0,65536,4096,2,1.0,1,1.0,1,1.0,1.0,1.0,1.0,0.0,0.0,2,0.954434002924965,0.4772170014624825,,,1.0,1.0,1.0,4,49,1177,1.0000010000009907,two_stage,interface
8,28,CD,14,4,1,8,2,2,2,2,4,1.0,65536,4096,2,1.0,1,1.0,1,1.0,1.0,1.0,1.0,0.0,0.0,2,1.0,0.5,,,1.0,1.0,1.0,4,49,1177,1.0000010000009907,two_stage,interface
8,29,DC,14,4,1,8,2,2,2,2,4,1.0,65536,4096,2,1.0,1,1.0,1,1.0,1.0,1.0,1.0,0.0,0.0,2,1.0,0.5,,,1.0,1.0,1.0,4,49,1177,1.0000010000009907,two_stage,interface
8,30,CD,15,4,1,8,2,2,2,2,4,1.0,65536,4096,2,1.0,1,1.0,1,1.0,1.0,1.0,1.0,0.0,0.0,2,1.0,0.5,,,1.0,1.0,1.0,4,49,1177,1.0000010000009907,two_stage,interface
8,31,DC,15,4,1,8,2,2,2,2,4,1.0,65536,4096,2,1.0,1,1.0,1,1.0,1.0,1.0,1.0,0.0,0.0,2,1.0,0.5,,,1.0,1.0,1.0,4,49,1177,1.0000010000009907,two_stage,interface
9,0,CD,0,4,1,8,2,2,2,2,4,1.0,65536,4096,2,1.0,1,1.0,1,1.0,1.0,1.0,1.0,0.0,0.0,2,0.9886994082884974,0.4943497041442487,,,1.0,1.0,1.0,4,49,1178,1.0000010000009907,two_stage,interface
9,1,DC,0,4,1,8,2,2,2,2,4,1.0,65536,4096,2,1.0,1,1.0,1,1.0,1.0,1.0,1.0,0.0,0.0,2,0.9886994082884974,0.4943497041442487,,,1.0,1.0,1.0,4,49,1178,1.0000010000009907,two_stage,interface
9,2,CD,1,4,1,8,2,2,2,2,4,1.0,65536,4096,2,1.0,1,1.0,1,1.0,1.0,1.0,1.0,0.0,0.0,2,0.9886994082884974,0.4943497041442487,,,1.0,1.0,1.0,4,49,1178,1.0000010000009907,two_stage,interface
9,3,DC,1,4,1,8,2,2,2,2,4,1.0,65536,4096,2,1.0,1,1.0,1,1.0,1.0,1.0,1.0,0.0,0.0,2,0.9886994082884974,0.4943497041442487,,,1.0,1.0,1.0,4,49,1178,1.0000010000009907,two_stage,interface
9,4,CD,2,4,1,8,2,2,2,2,4,1.0,65536,4096,2,1.0,1,1.0,1,1.0,1.0,1.0,1.0,0.0,0.0,2,1.0,0.5,,,1.0,1.0,1.0,4,49,1178,1.0000010000009907,two_stage,interface
9,5,DC,2,4,1,8,2,2,2,2,4,1.0,65536,4096,2,1.0,1,1.0,1,1.0,1.0,1.0,1.0,0.0,0.0,2,1.0,0.5,,,1.0,1.0,1.0,4,49,1178,1.0000010000009907,two_stage,interface
9,6,CD,3,4,1,8,2,2,2,2,4,1.0,65536,4096,2,1.0,1,1.0,1,1.0,1.0,1.0,1.0,0.0,0.0,2,1.0,0.5,,,1.0,1.0,1.0,4,49,1178,1.0000010000009907,two_stage,interface
9,7,DC,3,4,1,8,2,2,2,2,4,1.0,65536,4096,2,1.0,1,1.0,1,1.0,1.0,1.0,1.0,0.0,0.0,2,1.0,0.5,,,1.0,1.0,1.0,4,49,1178,1.0000010000009907,two_stage,interface
9,8,CD,4,4,1,8,2,2,2,2,4,1.0,65536,4096,2,1.0,1,1.0,1,1.0,1.0,1.0,1.0,0.0,0.0,2,0.9886994082884974,0.4943497041442487,,,1.0,1.0,1.0,4,49,1178,1.0000010000009907,two_stage,interface
9,9,DC,4,4,1,8,2,2,2,2,4,1.0,65536,4096,2,1.0,1,1.0,1,1.0,1.0,1.0,1.0,0.0,0.0,2,0.9886994082884974,0.4943497041442487,,,1.0,1.0,1.0,4,49,1178,1.0000010000009907,two_stage,interface
9,10,CD,5,4,1,8,2,2,2,2,4,1.0,65536,4096,2,1.0,1,1.0,1,1.0,1.0,1.0,1.0,0.0,0.0,2,0.9886994082884974,0.4943497041442487,,,1.0,1.0,1.0,4,49,1178,1.0000010000009907,two_stage,interface
9,11,DC,5,4,1,8,2,2,2,2,4,1.0,65536,4096,2,1.0,1,1.0,1,1.0,1.0,1.0,1.0,0.0,0.0,2,0.9886994082884974,0.4943497041442487,,,1.0,1.0,1.0,4,49,1178,1.0000010000009907,two_stage,interface
9,12,CD,6,4,1,8,2,2,2,2,4,1.0,65536,4096,2,1.0,1,1.0,1,1.0,1.0,1.0,1.0,0.0,0.0,2,1.0,0.5,,,1.0,1.0,1.0,4,49,1178,1.0000010000009907,two_stage,interface
9,13,DC,6,4,1,8,2,2,2,2,4,1.0,65536,4096,2,1.0,1,1.0,1,1.0,1.0,1.0,1.0,0.0,0.0,2,1.0,0.5,,,1.0,1.0,1.0,4,49,1178,1.0000010000009907,two_stage,interface
9,14,CD,7,4,1,8,2,2,2,2,4,1.0,65536,4096,2,1.0,1,1.0,1,1.0,1.0,1.0,1.0,0.0,0.0,2,1.0,0.5,,,1.0,1.0,1.0,4,49,1178,1.0000010000009907,two_stage,interface
9,15,DC,7,4,1,8,2,2,2,2,4,1.0,65536,4096,2,1.0,1,1.0,1,1.0,1.0,1.0,1.0,0.0,0.0,2,1.0,0.5,,,1.0,1.0,1.0,4,49,1178,1.0000010000009907,two_stage,interface
9,16,CD,8,4,1,8,2,2,2,2,4,1.0,65536,4096,2,1.0,1,1.0,1,1.0,1.0,1.0,1.0,0.0,0.0,2,0.954434002924965,0.4772170014624825,,,1.0,1.0,1.0,4,49,1178,1.0000010000009907,two_stage,interface
9,17,DC,8,4,1,8,2,2,2,2,4,1.0,65536,4096,2,1.0,1,1.0,1,1.0,1.0,1.0,1.0,0.0,0.0,2,0.954434002924965,0.4772170014624825,,,1.0,1.0,1.0,4,49,1178,1.0000010000009907,two_stage,interface
9,18,CD,9,4,1,8,2,2,2,2,4,1.0,65536,4096,2,1.0,1,1.0,1,1.0,1.0,1.0,1.0,0.0,0.0,2,0.954434002924965,0.4772170014624825,,,1.0,1.0,1.0,4,49,1178,1.0000010000009907,two_stage,interface
9,19,DC,9,4,1,8,2,2,2,2,4,1.0,65536,4096,2,1.0,1,1.0,1,1.0,1.0,1.0,1.0,0.0,0.0,2,0.954434002924965,0.4772170014624825,,,1.0,1.0,1.0,4,49,1178,1.0000010000009907,two_stage,interface
9,20,CD,10,4,1,8,2,2,2,2,4,1.0,65536,4096,2,1.0,1,1.0,1,1.0,1.0,1.0,1.0,0.0,0.0,2,1.0,0.5,,,1.0,1.0,1.0,4,49,1178,1.0000010000009907,two_stage,interface
9,21,DC,10,4,1,8,2,2,2,2,4,1.0,65536,4096,2,1.0,1,1.0,1,1.0,1.0,1.0,1.0,0.0,0.0,2,1.0,0.5,,,1.0,1.0,1.0,4,49,1178,1.0000010000009907,two_stage,interface
9,22,CD,11,4,1,8,2,2,2,2,4,1.0,65536,4096,2,1.0,1,1.0,1,1.0,1.0,1.0,1.0,0.0,0.0,2,1.0,0.5,,,1.0,1.0,1.0,4,49,1178,1.0000010000009907,two_stage,interface
9,23,DC,11,4,1,8,2,2,2,2,4,1.0,65536,4096,2,1.0,1,1.0,1,1.0,1.0,1.0,1.0,0.0,0.0,2,1.0,0.5,,,1.0,1.0,1.0,4,49,1178,1.0000010000009907,two_stage,interface
9,24,CD,12,4,1,8,2,2,2,2,4,1.0,65536,4096,2,1.0,1,1.0,1,1.0,1.0,1.0,1.0,0.0,0.0,2,0.954434002924965,0.4772170014624825,,,1.0,1.0,1.0,4,49,1178,1.0000010000009907,two_stage,interface
9,25,DC,12,4,1,8,2,2,2,2,4,1.0,65536,4096,2,1.0,1,1.0,1,1.0,1.0,1.0,1.0,0.0,0.0,2,0.954434002924965,0.4772170014624825,,,1.0,1.0,1.0,4,49,1178,1.0000010000009907,two_stage,interface
9,26,CD,13,4,1,8,2,2,2,2,4,1.0,65536,4096,2,1.0,1,1.0,1,1.0,1.0,1.0,1.0,0.0,0.0,2,0.954434002924965,0.4772170014624825,,,1.0,1.0,1.0,4,49,1178,1.0000010000009907,two_stage,interface
9,27,DC,13,4,1,8,2,2,2,2,4,1.0,65536,4096,2,1.0,1,1.0,1,1.0,1.0,1.0,1.0,0.0,0.0,2,0.954434002924965,0.4772170014624825,,,1.0,1.0,1.0,4,49,1178,1.0000010000009907,two_stage,interface
9,28,CD,14,4,1,8,2,2,2,2,4,1.0,65536,4096,2,1.0,1,1.0,1,1.0,1.0,1.0,1.0,0.0,0.0,2,1.0,0.5,,,1.0,1.0,1.0,4,49,1178,1.0000010000009907,two_stage,interface
9,29,DC,14,4,1,8,2,2,2,2,4,1.0,65536,4096,2,1.0,1,1.0,1,1.0,1.0,1.0,1.0,0.0,0.0,2,1.0,0.5,,,1.0,1.0,1.0,4,49,1178,1.0000010000009907,two_stage,interface
9,30,CD,15,4,1,8,2,2,2,2,4,1.0,65536,4096,2,1.0,1,1.0,1,1.0,1.0,1.0,1.0,0.0,0.0,2,1.0,0.5,,,1.0,1.0,1.0,4,49,1178,1.0000010000009907,two_stage,interface
9,31,DC,15,4,1,8,2,2,2,2,4,1.0,65536,4096,2,1.0,1,1.0,1,1.0,1.0,1.0,1.0,0.0,0.0,2,1.0,0.5,,,1.0,1.0,1.0,4,49,1178,1.0000010000009907,two_stage,interface
