q,rows,cols,n_links,n_plaquettes,rule_ensemble,mutation_rate,closed_scc,n_scc,link_schedule_consistency,flux_schedule_consistency,quotient_determinism_accuracy,quotient_determinism_exact,link_bit_entropy_bits,link_bit_entropy_norm,quotient_transition_mi_bits,quotient_transition_mi_norm,plaquette_flux_entropy_bits,initial_flux_entropy_bits,recurrent_flux_entropy_bits,recurrent_flux_fixed_fraction,mean_nontrivial_flux_fraction,partition_index,partition,quotient_score,closed_c2_quotient,recurrent_flux_nontrivial,closed_medium_candidate,seed,instance,mode
4,2,2,8,4,c2xor,0.0,True,1,1.0,1.0,1.0,True,7.9592356579153645,0.9949044572394206,0.0,0.0,-0.0,2.9985532586771697,-0.0,1.0,0.500732421875,5,0011,0.9989808914478842,True,False,False,71994,0,sweep
4,2,2,8,4,c2xor,0.0,True,1,1.0,1.0,1.0,True,7.957517491800588,0.9946896864750735,0.0,0.0,-0.0,2.9991805259966062,-0.0,1.0,0.50244140625,5,0011,0.9989379372950148,True,False,False,71995,1,sweep
4,2,2,8,4,c2xor,0.0,True,1,1.0,1.0,1.0,True,7.9512817134085445,0.9939102141760681,0.0,0.0,-0.0,2.998472833005688,-0.0,1.0,0.5029296875,5,0011,0.9987820428352137,True,False,False,71996,2,sweep
4,2,2,8,4,c2xor,0.0,True,1,1.0,1.0,1.0,True,7.959329668454631,0.9949162085568288,0.0,0.0,-0.0,2.998985550549638,-0.0,1.0,0.5010986328125,5,0011,0.9989832417113658,True,False,False,71997,3,sweep
4,2,2,8,4,c2xor,0.0,True,1,1.0,1.0,1.0,True,7.9532179841365105,0.9941522480170638,0.0,0.0,-0.0,2.998953907538364,-0.0,1.0,0.50341796875,5,0011,0.9988304496034128,True,False,False,71998,4,sweep
4,2,2,8,4,c2xor,0.0,True,1,1.0,1.0,1.0,True,7.946950307818831,0.9933687884773539,0.0,0.0,-0.0,2.9993445279075455,-0.0,1.0,0.504150390625,5,0011,0.9986737576954708,True,False,False,71999,5,sweep
4,2,2,8,4,c2xor,0.0,True,1,1.0,1.0,1.0,True,7.955531963146944,0.994441495393368,0.0,0.0,-0.0,2.9982891282169,-0.0,1.0,0.4998779296875,5,0011,0.9988882990786736,True,False,False,72000,6,sweep
4,2,2,8,4,c2xor,0.0,True,1,1.0,1.0,1.0,True,7.9521040840123,0.9940130105015375,0.0,0.0,-0.0,2.999645294059314,-0.0,1.0,0.499267578125,5,0011,0.9988026021003076,True,False,False,72001,7,sweep
4,2,2,8,4,c2xor,0.0,True,1,1.0,1.0,1.0,True,7.949886321242924,0.9937357901553655,0.0,0.0,-0.0,2.997728711523723,-0.0,1.0,0.498046875,5,0011,0.9987471580310732,True,False,False,72002,8,sweep
4,2,2,8,4,c2xor,0.0,True,1,1.0,1.0,1.0,True,7.959824069384201,0.9949780086730251,0.0,0.0,-0.0,2.998539902514781,-0.0,1.0,0.507080078125,5,0011,0.9989956017346051,True,False,False,72003,9,sweep
4,2,2,8,4,c2xor,0.0,True,1,1.0,1.0,1.0,True,7.953400702881387,0.9941750878601734,0.0,0.0,-0.0,2.999298661343374,-0.0,1.0,0.5054931640625,5,0011,0.9988350175720347,True,False,False,72004,10,sweep
4,2,2,8,4,c2xor,0.0,True,1,1.0,1.0,1.0,True,7.946918834165944,0.993364854270743,0.0,0.0,-0.0,2.999195558605507,-0.0,1.0,0.50341796875,5,0011,0.9986729708541486,True,False,False,72005,11,sweep
4,2,2,8,4,c2xor,0.0,True,1,1.0,1.0,1.0,True,7.957574579961993,0.9946968224952492,0.0,0.0,-0.0,2.9984021146929623,-0.0,1.0,0.4957275390625,5,0011,0.9989393644990499,True,False,False,72006,12,sweep
4,2,2,8,4,c2xor,0.0,True,1,1.0,1.0,1.0,True,7.955690478393153,0.9944613097991442,0.0,0.0,-0.0,2.9993759174239485,-0.0,1.0,0.500244140625,5,0011,0.9988922619598288,True,False,False,72007,13,sweep
4,2,2,8,4,c2xor,0.0,True,1,1.0,1.0,1.0,True,7.962435976111868,0.9953044970139835,0.0,0.0,-0.0,2.9990486331893162,-0.0,1.0,0.498046875,5,0011,0.9990608994027967,True,False,False,72008,14,sweep
4,2,2,8,4,c2xor,0.0,True,1,1.0,1.0,1.0,True,7.946993388559238,0.9933741735699048,0.0,0.0,-0.0,2.999490131669,-0.0,1.0,0.4971923828125,5,0011,0.998674834713981,True,False,False,72009,15,sweep
4,2,2,8,4,c2xor,0.0,True,1,1.0,1.0,1.0,True,7.963044808754229,0.9953806010942786,0.0,0.0,-0.0,2.9984694640325156,-0.0,1.0,0.5008544921875,5,0011,0.9990761202188558,True,False,False,72010,16,sweep
4,2,2,8,4,c2xor,0.0,True,1,1.0,1.0,1.0,True,7.953117269391589,0.9941396586739486,0.0,0.0,-0.0,2.999363400178462,-0.0,1.0,0.503173828125,5,0011,0.9988279317347898,True,False,False,72011,17,sweep
4,2,2,8,4,c2xor,0.0,True,1,1.0,1.0,1.0,True,7.958920476410065,0.9948650595512581,0.0,0.0,-0.0,2.997666480270734,-0.0,1.0,0.5076904296875,5,0011,0.9989730119102517,True,False,False,72012,18,sweep
4,2,2,8,4,c2xor,0.0,True,1,1.0,1.0,1.0,True,7.948872334378369,0.9936090417972961,0.0,0.0,-0.0,2.998175830480884,-0.0,1.0,0.4952392578125,5,0011,0.9987218083594593,True,False,False,72013,19,sweep
4,2,2,8,4,c2xor,0.0,True,1,1.0,1.0,1.0,True,7.950991836330579,0.9938739795413224,0.0,0.0,-0.0,2.9984474253019955,-0.0,1.0,0.5,5,0011,0.9987747959082646,True,False,False,72014,20,sweep
4,2,2,8,4,c2xor,0.0,True,1,1.0,1.0,1.0,True,7.951725208212411,0.9939656510265513,0.0,0.0,-0.0,2.999814903406283,-0.0,1.0,0.502685546875,5,0011,0.9987931302053104,True,False,False,72015,21,sweep
4,2,2,8,4,c2xor,0.0,True,1,1.0,1.0,1.0,True,7.957547976748163,0.9946934970935204,0.0,0.0,-0.0,2.9989507170112306,-0.0,1.0,0.498291015625,5,0011,0.9989386994187042,True,False,False,72016,22,sweep
4,2,2,8,4,c2xor,0.0,True,1,1.0,1.0,1.0,True,7.9549387150218696,0.9943673393777337,0.0,0.0,-0.0,2.9995322798813886,-0.0,1.0,0.4990234375,5,0011,0.9988734678755468,True,False,False,72017,23,sweep
4,2,2,8,4,c2xor,0.0,True,1,1.0,1.0,1.0,True,7.951941360431498,0.9939926700539372,0.0,0.0,-0.0,2.9985393093582418,-0.0,1.0,0.5020751953125,5,0011,0.9987985340107874,True,False,False,72018,24,sweep
4,2,2,8,4,c2xor,0.0,True,1,1.0,1.0,1.0,True,7.948058739264898,0.9935073424081122,0.0,0.0,-0.0,2.9970617176677212,-0.0,1.0,0.50537109375,5,0011,0.9987014684816224,True,False,False,72019,25,sweep
4,2,2,8,4,c2xor,0.0,True,1,1.0,1.0,1.0,True,7.95211421254716,0.994014276568395,0.0,0.0,-0.0,2.997895362441775,-0.0,1.0,0.491455078125,5,0011,0.9988028553136791,True,False,False,72020,26,sweep
4,2,2,8,4,c2xor,0.0,True,1,1.0,1.0,1.0,True,7.952929980010082,0.9941162475012603,0.0,0.0,-0.0,2.998630777550455,-0.0,1.0,0.49853515625,5,0011,0.9988232495002521,True,False,False,72021,27,sweep
4,2,2,8,4,c2xor,0.0,True,1,1.0,1.0,1.0,True,7.951229766132336,0.993903720766542,0.0,0.0,-0.0,2.9994512480666624,-0.0,1.0,0.5008544921875,5,0011,0.9987807441533084,True,False,False,72022,28,sweep
4,2,2,8,4,c2xor,0.0,True,1,1.0,1.0,1.0,True,7.9516916559427155,0.9939614569928394,0.0,0.0,-0.0,2.998682953652934,-0.0,1.0,0.5047607421875,5,0011,0.998792291398568,True,False,False,72023,29,sweep
4,2,2,8,4,c2xor,0.0,True,1,1.0,1.0,1.0,True,7.950398307108632,0.993799788388579,0.0,0.0,-0.0,2.998872215541141,-0.0,1.0,0.5006103515625,5,0011,0.9987599576777159,True,False,False,72024,30,sweep
4,2,2,8,4,c2xor,0.0,True,1,1.0,1.0,1.0,True,7.959491842970844,0.9949364803713555,0.0,0.0,-0.0,2.9990075599074606,-0.0,1.0,0.4951171875,5,0011,0.9989872960742712,True,False,False,72025,31,sweep
4,2,2,8,4,c2xor,0.0,True,1,1.0,1.0,1.0,True,7.960647711171106,0.9950809638963882,0.0,0.0,-0.0,2.9992464607347706,-0.0,1.0,0.5028076171875,5,0011,0.9990161927792777,True,False,False,72026,32,sweep
4,2,2,8,4,c2xor,0.0,True,1,1.0,1.0,1.0,True,7.952195678446038,0.9940244598057547,0.0,0.0,-0.0,2.997927088896505,-0.0,1.0,0.4967041015625,5,0011,0.998804891961151,True,False,False,72027,33,sweep
4,2,2,8,4,c2xor,0.0,True,1,1.0,1.0,1.0,True,7.962449736815389,0.9953062171019236,0.0,0.0,-0.0,2.998648533147505,-0.0,1.0,0.496826171875,5,0011,0.9990612434203847,True,False,False,72028,34,sweep
4,2,2,8,4,c2xor,0.0,True,1,1.0,1.0,1.0,True,7.956242832611654,0.9945303540764567,0.0,0.0,-0.0,2.999339257130467,-0.0,1.0,0.4984130859375,5,0011,0.9989060708152914,True,False,False,72029,35,sweep
4,2,2,8,4,c2xor,0.0,True,1,1.0,1.0,1.0,True,7.949925437202857,0.9937406796503572,0.0,0.0,-0.0,2.9984912421351066,-0.0,1.0,0.5023193359375,5,0011,0.9987481359300715,True,False,False,72030,36,sweep
4,2,2,8,4,c2xor,0.0,True,1,1.0,1.0,1.0,True,7.955701127938181,0.9944626409922727,0.0,0.0,-0.0,2.998503457758732,-0.0,1.0,0.5015869140625,5,0011,0.9988925281984546,True,False,False,72031,37,sweep
4,2,2,8,4,c2xor,0.0,True,1,1.0,1.0,1.0,True,7.955342092584122,0.9944177615730152,0.0,0.0,-0.0,2.999187831082133,-0.0,1.0,0.49951171875,5,0011,0.9988835523146031,True,False,False,72032,38,sweep
4,2,2,8,4,c2xor,0.0,True,1,1.0,1.0,1.0,True,7.952881134520981,0.9941101418151226,0.0,0.0,-0.0,2.9981095243014155,-0.0,1.0,0.4984130859375,5,0011,0.9988220283630246,True,False,False,72033,39,sweep
4,2,2,8,4,c2xor,0.0,True,1,1.0,1.0,1.0,True,7.953392377409843,0.9941740471762304,0.0,0.0,-0.0,2.999196891717281,-0.0,1.0,0.4979248046875,5,0011,0.9988348094352462,True,False,False,72034,40,sweep
4,2,2,8,4,c2xor,0.0,True,1,1.0,1.0,1.0,True,7.9613159362589725,0.9951644920323716,0.0,0.0,-0.0,2.9980330482903477,-0.0,1.0,0.501220703125,5,0011,0.9990328984064744,True,False,False,72035,41,sweep
4,2,2,8,4,c2xor,0.0,True,1,1.0,1.0,1.0,True,7.956189261922916,0.9945236577403646,0.0,0.0,-0.0,2.9989009252751453,-0.0,1.0,0.5042724609375,5,0011,0.998904731548073,True,False,False,72036,42,sweep
4,2,2,8,4,c2xor,0.0,True,1,1.0,1.0,1.0,True,7.958548270060386,0.9948185337575483,0.0,0.0,-0.0,2.998983757679362,-0.0,1.0,0.5054931640625,5,0011,0.9989637067515097,True,False,False,72037,43,sweep
4,2,2,8,4,c2xor,0.0,True,1,1.0,1.0,1.0,True,7.960538635173138,0.9950673293966422,0.0,0.0,-0.0,2.9988493269898093,-0.0,1.0,0.5010986328125,5,0011,0.9990134658793285,True,False,False,72038,44,sweep
4,2,2,8,4,c2xor,0.0,True,1,1.0,1.0,1.0,True,7.953347490147324,0.9941684362684154,0.0,0.0,-0.0,2.999163757288688,-0.0,1.0,0.5032958984375,5,0011,0.9988336872536832,True,False,False,72039,45,sweep
4,2,2,8,4,c2xor,0.0,True,1,1.0,1.0,1.0,True,7.952956399786757,0.9941195499733446,0.0,0.0,-0.0,2.9991989973438047,-0.0,1.0,0.5035400390625,5,0011,0.998823909994669,True,False,False,72040,46,sweep
4,2,2,8,4,c2xor,0.0,True,1,1.0,1.0,1.0,True,7.953270966583704,0.994158870822963,0.0,0.0,-0.0,2.9992910943173987,-0.0,1.0,0.5006103515625,5,0011,0.9988317741645927,True,False,False,72041,47,sweep
4,2,2,8,4,c2xor,0.0,True,1,1.0,1.0,1.0,True,7.949430722266483,0.9936788402833103,0.0,0.0,-0.0,2.9990991344990157,-0.0,1.0,0.4971923828125,5,0011,0.9987357680566621,True,False,False,72042,48,sweep
4,2,2,8,4,c2xor,0.0,True,1,1.0,1.0,1.0,True,7.949765905829475,0.9937207382286843,0.0,0.0,-0.0,2.9980759126051373,-0.0,1.0,0.4974365234375,5,0011,0.9987441476457369,True,False,False,72043,49,sweep
4,2,2,8,4,copy,0.0,True,1,1.0,1.0,1.0,True,7.9614638681395,0.9951829835174375,7.9614638681395,1.0,2.9982014135152557,2.9982014135152557,2.982522423095848,1.0,0.495361328125,2,0110,0.9990365967034875,True,True,True,54974,0,sweep
4,2,2,8,4,copy,0.0,True,1,1.0,1.0,1.0,True,7.956930695220175,0.9946163369025218,7.956930695220175,1.0,2.9985148296849102,2.9985148296849102,2.991131703373843,1.0,0.5103759765625,5,0011,0.9989232673805044,True,True,True,54975,1,sweep
4,2,2,8,4,copy,0.0,True,1,1.0,1.0,1.0,True,7.958225627604207,0.9947782034505259,7.958225627604207,1.0,2.9989813345376968,2.9989813345376968,2.9838700334153905,1.0,0.5054931640625,2,0110,0.9989556406901052,True,True,True,54976,2,sweep
4,2,2,8,4,copy,0.0,True,1,1.0,1.0,1.0,True,7.959959659409826,0.9949949574262282,7.959959659409826,1.0,2.999517624225539,2.999517624225539,2.9978783941788274,1.0,0.5045166015625,2,0110,0.9989989914852457,True,True,True,54977,3,sweep
4,2,2,8,4,copy,0.0,True,1,1.0,1.0,1.0,True,7.959045525810933,0.9948806907263666,7.959045525810933,1.0,2.9993076470630635,2.9993076470630635,2.9784004140245464,1.0,0.4932861328125,4,0101,0.9989761381452734,True,True,True,54978,4,sweep
4,2,2,8,4,copy,0.0,True,1,1.0,1.0,1.0,True,7.960603494197251,0.9950754367746564,7.960603494197251,1.0,2.99923329535389,2.99923329535389,2.986721875572169,1.0,0.4986572265625,2,0110,0.9990150873549313,True,True,True,54979,5,sweep
4,2,2,8,4,copy,0.0,True,1,1.0,1.0,1.0,True,7.954441364306623,0.9943051705383279,7.954441364306623,1.0,2.999220044456756,2.999220044456756,2.997255964063114,1.0,0.5008544921875,5,0011,0.9988610341076656,True,True,True,54980,6,sweep
4,2,2,8,4,copy,0.0,True,1,1.0,1.0,1.0,True,7.958447967892938,0.9948059959866172,7.958447967892938,1.0,2.9992022335710247,2.9992022335710247,2.9982379216282093,1.0,0.501708984375,5,0011,0.9989611991973235,True,True,True,54981,7,sweep
4,2,2,8,4,copy,0.0,True,1,1.0,1.0,1.0,True,7.962148843033994,0.9952686053792492,7.962148843033994,1.0,2.99937267507162,2.99937267507162,2.983353369668847,1.0,0.5015869140625,2,0110,0.9990537210758499,True,True,True,54982,8,sweep
4,2,2,8,4,copy,0.0,True,1,1.0,1.0,1.0,True,7.957520301487791,0.9946900376859739,7.957520301487791,1.0,2.9986228202076752,2.9986228202076752,2.978531673652237,1.0,0.5,5,0011,0.9989380075371949,True,True,True,54983,9,sweep
4,2,2,8,4,copy,0.0,True,1,1.0,1.0,1.0,True,7.957166802595934,0.9946458503244917,7.957166802595934,1.0,2.998903414423931,2.998903414423931,2.985482022804078,1.0,0.5054931640625,4,0101,0.9989291700648983,True,True,True,54984,10,sweep
4,2,2,8,4,copy,0.0,True,1,1.0,1.0,1.0,True,7.9490775110861875,0.9936346888857734,7.9490775110861875,1.0,2.999366159812261,2.999366159812261,2.9936919472014427,1.0,0.5032958984375,5,0011,0.9987269377771547,True,True,True,54985,11,sweep
4,2,2,8,4,copy,0.0,True,1,1.0,1.0,1.0,True,7.962026727856758,0.9952533409820947,7.962026727856758,1.0,2.9993181937960314,2.9993181937960314,2.9958127562211874,1.0,0.504638671875,5,0011,0.999050668196419,True,True,True,54986,12,sweep
4,2,2,8,4,copy,0.0,True,1,1.0,1.0,1.0,True,7.956878375547751,0.9946097969434688,7.956878375547751,1.0,2.99902661757098,2.99902661757098,2.9946962184916304,1.0,0.4971923828125,2,0110,0.9989219593886938,True,True,True,54987,13,sweep
4,2,2,8,4,copy,0.0,True,1,1.0,1.0,1.0,True,7.956389204732542,0.9945486505915677,7.956389204732542,1.0,2.998376691512556,2.998376691512556,2.9839108923962643,1.0,0.491455078125,2,0110,0.9989097301183136,True,True,True,54988,14,sweep
4,2,2,8,4,copy,0.0,True,1,1.0,1.0,1.0,True,7.958873844828364,0.9948592306035455,7.958873844828364,1.0,2.9991574296399235,2.9991574296399235,2.980316326283784,1.0,0.50048828125,4,0101,0.9989718461207091,True,True,True,54989,15,sweep
4,2,2,8,4,copy,0.0,True,1,1.0,1.0,1.0,True,7.957057274441608,0.994632159305201,7.957057274441608,1.0,2.998090710042178,2.998090710042178,2.9860078850896183,1.0,0.5023193359375,4,0101,0.9989264318610402,True,True,True,54990,16,sweep
4,2,2,8,4,copy,0.0,True,1,1.0,1.0,1.0,True,7.9577591471593685,0.9947198933949211,7.9577591471593685,1.0,2.998670877855594,2.998670877855594,2.9944979113763,1.0,0.5062255859375,2,0110,0.9989439786789842,True,True,True,54991,17,sweep
4,2,2,8,4,copy,0.0,True,1,1.0,1.0,1.0,True,7.960915801229911,0.9951144751537389,7.960915801229911,1.0,2.999234706429451,2.999234706429451,2.9897330427283637,1.0,0.501953125,5,0011,0.9990228950307478,True,True,True,54992,18,sweep
4,2,2,8,4,copy,0.0,True,1,1.0,1.0,1.0,True,7.955940744930338,0.9944925931162922,7.955940744930338,1.0,2.9990117833062553,2.9990117833062553,2.993093478290441,1.0,0.498779296875,4,0101,0.9988985186232585,True,True,True,54993,19,sweep
4,2,2,8,4,copy,0.0,True,1,1.0,1.0,1.0,True,7.955355288706025,0.9944194110882532,7.955355288706025,1.0,2.999649985179765,2.999649985179765,2.9908893480853034,1.0,0.501708984375,2,0110,0.9988838822176507,True,True,True,54994,20,sweep
4,2,2,8,4,copy,0.0,True,1,1.0,1.0,1.0,True,7.959767411131267,0.9949709263914084,7.959767411131267,1.0,2.9994641920781713,2.9994641920781713,2.9947100769867543,1.0,0.503662109375,4,0101,0.9989941852782818,True,True,True,54995,21,sweep
4,2,2,8,4,copy,0.0,True,1,1.0,1.0,1.0,True,7.951228418259817,0.9939035522824772,7.951228418259817,1.0,2.9988911543332746,2.9988911543332746,2.992523588966936,1.0,0.4979248046875,4,0101,0.9987807104564955,True,True,True,54996,22,sweep
4,2,2,8,4,copy,0.0,True,1,1.0,1.0,1.0,True,7.953435520423821,0.9941794400529776,7.953435520423821,1.0,2.9991546754722425,2.9991546754722425,2.994687021633806,1.0,0.495361328125,2,0110,0.9988358880105956,True,True,True,54997,23,sweep
4,2,2,8,4,copy,0.0,True,1,1.0,1.0,1.0,True,7.956196960364766,0.9945246200455957,7.956196960364766,1.0,2.9987830437241234,2.9987830437241234,2.992556721337558,1.0,0.5029296875,4,0101,0.9989049240091192,True,True,True,54998,24,sweep
4,2,2,8,4,copy,0.0,True,1,1.0,1.0,1.0,True,7.963050007988449,0.9953812509985561,7.963050007988449,1.0,2.9988120789384176,2.9988120789384176,2.992596769583586,1.0,0.5001220703125,4,0101,0.9990762501997112,True,True,True,54999,25,sweep
4,2,2,8,4,copy,0.0,True,1,1.0,1.0,1.0,True,7.9606949795193644,0.9950868724399206,7.9606949795193644,1.0,2.99730409958502,2.99730409958502,2.9851305763432383,1.0,0.502197265625,4,0101,0.9990173744879842,True,True,True,55000,26,sweep
4,2,2,8,4,copy,0.0,True,1,1.0,1.0,1.0,True,7.960758725967269,0.9950948407459086,7.960758725967269,1.0,2.999022252908291,2.999022252908291,2.9915921707849,1.0,0.504638671875,4,0101,0.9990189681491818,True,True,True,55001,27,sweep
4,2,2,8,4,copy,0.0,True,1,1.0,1.0,1.0,True,7.953767212216324,0.9942209015270405,7.953767212216324,1.0,2.997087229788619,2.997087229788619,2.9986824225373354,1.0,0.5042724609375,4,0101,0.9988441803054081,True,True,True,55002,28,sweep
4,2,2,8,4,copy,0.0,True,1,1.0,1.0,1.0,True,7.953482072052829,0.9941852590066036,7.953482072052829,1.0,2.998017979109669,2.998017979109669,2.9852840775965506,1.0,0.4949951171875,4,0101,0.9988370518013208,True,True,True,55003,29,sweep
4,2,2,8,4,copy,0.0,True,1,1.0,1.0,1.0,True,7.96132174242868,0.995165217803585,7.96132174242868,1.0,2.9993675676146605,2.9993675676146605,2.990041092702988,1.0,0.497802734375,5,0011,0.9990330435607171,True,True,True,55004,30,sweep
4,2,2,8,4,copy,0.0,True,1,1.0,1.0,1.0,True,7.952077376208901,0.9940096720261127,7.952077376208901,1.0,2.9989281741228244,2.9989281741228244,2.9810902128989873,1.0,0.500244140625,5,0011,0.9988019344052226,True,True,True,55005,31,sweep
4,2,2,8,4,copy,0.0,True,1,1.0,1.0,1.0,True,7.957436404387499,0.9946795505484374,7.957436404387499,1.0,2.9990768567327377,2.9990768567327377,2.9978829420167576,1.0,0.49462890625,4,0101,0.9989359101096875,True,True,True,55006,32,sweep
4,2,2,8,4,copy,0.0,True,1,1.0,1.0,1.0,True,7.96137470183137,0.9951718377289213,7.96137470183137,1.0,2.999691949829984,2.999691949829984,2.9925714236722336,1.0,0.5028076171875,5,0011,0.9990343675457843,True,True,True,55007,33,sweep
4,2,2,8,4,copy,0.0,True,1,1.0,1.0,1.0,True,7.955752094802504,0.994469011850313,7.955752094802504,1.0,2.998789375132799,2.998789375132799,2.984966442603837,1.0,0.500732421875,2,0110,0.9988938023700626,True,True,True,55008,34,sweep
4,2,2,8,4,copy,0.0,True,1,1.0,1.0,1.0,True,7.960423961031119,0.9950529951288899,7.960423961031119,1.0,2.9989757712578893,2.9989757712578893,2.993746310112078,1.0,0.5074462890625,2,0110,0.999010599025778,True,True,True,55009,35,sweep
4,2,2,8,4,copy,0.0,True,1,1.0,1.0,1.0,True,7.959414459650821,0.9949268074563526,7.959414459650821,1.0,2.999090575328722,2.999090575328722,2.9937647471052315,1.0,0.500244140625,5,0011,0.9989853614912706,True,True,True,55010,36,sweep
4,2,2,8,4,copy,0.0,True,1,1.0,1.0,1.0,True,7.954877856117546,0.9943597320146933,7.954877856117546,1.0,2.9979738799800524,2.9979738799800524,2.992649514668014,1.0,0.507568359375,4,0101,0.9988719464029387,True,True,True,55011,37,sweep
4,2,2,8,4,copy,0.0,True,1,1.0,1.0,1.0,True,7.958883082488969,0.9948603853111211,7.958883082488969,1.0,2.999397622769134,2.999397622769134,2.992196588788215,1.0,0.500244140625,5,0011,0.9989720770622242,True,True,True,55012,38,sweep
4,2,2,8,4,copy,0.0,True,1,1.0,1.0,1.0,True,7.959523449654206,0.9949404312067758,7.959523449654206,1.0,2.9990533273520783,2.9990533273520783,2.991590453920287,1.0,0.4998779296875,4,0101,0.9989880862413552,True,True,True,55013,39,sweep
4,2,2,8,4,copy,0.0,True,1,1.0,1.0,1.0,True,7.962135288228769,0.9952669110285961,7.962135288228769,1.0,2.9975353474000093,2.9975353474000093,2.9872813671145533,1.0,0.4930419921875,4,0101,0.9990533822057193,True,True,True,55014,40,sweep
4,2,2,8,4,copy,0.0,True,1,1.0,1.0,1.0,True,7.963157936527187,0.9953947420658984,7.963157936527187,1.0,2.998636936834675,2.998636936834675,2.9823024771769724,1.0,0.49755859375,4,0101,0.9990789484131797,True,True,True,55015,41,sweep
4,2,2,8,4,copy,0.0,True,1,1.0,1.0,1.0,True,7.959552552433573,0.9949440690541966,7.959552552433573,1.0,2.999156003424962,2.999156003424962,2.9887145659800005,1.0,0.498046875,5,0011,0.9989888138108394,True,True,True,55016,42,sweep
4,2,2,8,4,copy,0.0,True,1,1.0,1.0,1.0,True,7.959753768410776,0.994969221051347,7.959753768410776,1.0,2.999640632243591,2.999640632243591,2.9977724465575912,1.0,0.49951171875,4,0101,0.9989938442102695,True,True,True,55017,43,sweep
4,2,2,8,4,copy,0.0,True,1,1.0,1.0,1.0,True,7.959268724316796,0.9949085905395995,7.959268724316796,1.0,2.999519039391886,2.999519039391886,2.9929681430868924,1.0,0.4967041015625,5,0011,0.9989817181079199,True,True,True,55018,44,sweep
4,2,2,8,4,copy,0.0,True,1,1.0,1.0,1.0,True,7.952863243861943,0.9941079054827429,7.952863243861943,1.0,2.998818864291404,2.998818864291404,2.9888265642859837,1.0,0.494384765625,2,0110,0.9988215810965486,True,True,True,55019,45,sweep
4,2,2,8,4,copy,0.0,True,1,1.0,1.0,1.0,True,7.956749126589815,0.9945936408237269,7.956749126589815,1.0,2.999043072673016,2.999043072673016,2.992571281179586,1.0,0.503662109375,4,0101,0.9989187281647455,True,True,True,55020,46,sweep
4,2,2,8,4,copy,0.0,True,1,1.0,1.0,1.0,True,7.955843418506841,0.9944804273133552,7.955843418506841,1.0,2.9994609117573137,2.9994609117573137,2.9943414767316554,1.0,0.5013427734375,2,0110,0.9988960854626711,True,True,True,55021,47,sweep
4,2,2,8,4,copy,0.0,True,1,1.0,1.0,1.0,True,7.958748778696636,0.9948435973370795,7.958748778696636,1.0,2.99790095844902,2.99790095844902,2.9885788891390135,1.0,0.5020751953125,4,0101,0.9989687194674159,True,True,True,55022,48,sweep
4,2,2,8,4,copy,0.0,True,1,1.0,1.0,1.0,True,7.959899208035491,0.9949874010044364,7.959899208035491,1.0,2.9991015816168756,2.9991015816168756,2.9900332138785144,1.0,0.5028076171875,4,0101,0.9989974802008873,True,True,True,55023,49,sweep
4,2,2,8,4,random,0.0,True,1,0.0,0.0,0.115966796875,False,7.950222920972701,0.9937778651215876,4.038967557167657,0.5080319881990798,2.998406762830679,2.999135650946431,2.9869157520711664,0.126953125,0.5029296875,5,0011,0.23934395193056754,False,True,False,50423,0,sweep
4,2,2,8,4,random,0.0,True,1,0.0,0.0,0.11572265625,False,7.952465564981882,0.9940581956227352,4.046170763746517,0.5087945028726113,2.9987428007472303,2.999804362650707,2.989559028325626,0.140625,0.501708984375,4,0101,0.23931456881204705,False,True,False,50424,1,sweep
4,2,2,8,4,random,0.0,True,1,0.0,0.0,0.11865234375,False,7.959841955620157,0.9949802444525196,4.053592457948525,0.5092553948368824,2.9966516896518787,2.9993880856128685,2.968810126370294,0.125,0.5001220703125,2,0110,0.24052436920300393,False,True,False,50425,2,sweep
4,2,2,8,4,random,0.0,True,1,0.0,0.0,0.115478515625,False,7.954790988635104,0.994348873579388,4.042470231281769,0.5081805715646317,2.996311373956856,2.998974091908843,2.97881093155629,0.13671875,0.49609375,4,0101,0.2392872551846276,False,True,False,50426,3,sweep
4,2,2,8,4,random,0.0,True,1,0.0,0.0,0.119384765625,False,7.958102928064334,0.9947628660080418,4.04866137348891,0.5087470481452637,2.9993437485208565,2.9994795199572115,2.983741217123352,0.119140625,0.498291015625,2,0110,0.24073724117035836,False,True,False,50427,4,sweep
4,2,2,8,4,random,0.0,True,1,0.0,0.0,0.1162109375,False,7.951231719308732,0.9939039649135915,4.045846063150975,0.5088326193948118,2.9985188103374667,2.997674918383824,2.9815296461997773,0.140625,0.49951171875,2,0110,0.2394546211077183,False,True,False,50428,5,sweep
4,2,2,8,4,random,0.0,True,1,0.0,0.0,0.1171875,False,7.954650895884423,0.9943313619855528,4.064692883409096,0.5109831891569354,2.998302781634568,2.9988474081434955,2.9737279751870442,0.1484375,0.4949951171875,4,0101,0.23988189739711058,False,True,False,50429,6,sweep
4,2,2,8,4,random,0.0,True,1,0.0,0.0,0.1201171875,False,7.954144206472322,0.9942680258090403,4.056911239190525,0.5100374262625762,2.9981959423946747,2.9986315383724476,2.9929218394895774,0.123046875,0.50439453125,2,0110,0.24089462078680807,False,True,False,50430,7,sweep
4,2,2,8,4,random,0.0,True,1,0.0,0.0,0.11767578125,False,7.9477278410930525,0.9934659801366316,4.045711154564739,0.5090399716063165,2.9978446884942676,2.9997344709148166,2.992809241566748,0.103515625,0.49609375,2,0110,0.23987971946482634,False,True,False,50431,8,sweep
4,2,2,8,4,random,0.0,True,1,0.0,0.0,0.115478515625,False,7.954202505543508,0.9942753131929385,4.0236926598643254,0.5058574579991018,2.996227861729597,2.998576574375265,2.985792562705693,0.12890625,0.50439453125,2,0110,0.2392725431073377,False,True,False,50432,9,sweep
4,2,2,8,4,random,0.0,True,1,0.0,0.0,0.115478515625,False,7.951977427009023,0.9939971783761279,4.044164303764543,0.5085734134541771,2.996595357303398,2.998260015744939,2.9926635952408427,0.14453125,0.5101318359375,4,0101,0.23921691614397558,False,True,False,50433,10,sweep
4,2,2,8,4,random,0.0,True,1,0.0,0.0,0.11962890625,False,7.960726748811346,0.9950908436014182,4.07514015638014,0.5119055439239413,2.9985073085995344,2.998767323218664,2.9857945546495803,0.095703125,0.5028076171875,4,0101,0.24088828590778366,False,True,False,50434,11,sweep
4,2,2,8,4,random,0.0,True,1,0.0,0.0,0.115478515625,False,7.955863225237406,0.9944829031546758,4.045251807072134,0.5084617083712398,2.9997380029969936,2.999448839994327,2.9833958897903843,0.13671875,0.50244140625,5,0011,0.23931406109968517,False,True,False,50435,12,sweep
4,2,2,8,4,random,0.0,True,1,0.0,0.0,0.116943359375,False,7.956317992169039,0.9945397490211298,4.064494611502779,0.5108512022147977,2.9997936302841106,2.9983674074366853,2.9976606960508754,0.14453125,0.503173828125,4,0101,0.239838125585476,False,True,False,50436,13,sweep
4,2,2,8,4,random,0.0,True,1,0.0,0.0,0.115966796875,False,7.957146368693447,0.9946432960866809,4.0526916682906435,0.5093147066183841,2.999697662361937,2.999154570041388,2.989305994590406,0.138671875,0.4976806640625,5,0011,0.23951703812358618,False,True,False,50437,14,sweep
4,2,2,8,4,random,0.0,True,1,0.0,0.0,0.117919921875,False,7.957980170465932,0.9947475213082415,4.047803834558799,0.5086471375715685,2.997842478890669,2.9971106509252223,2.9889912837155075,0.123046875,0.49560546875,2,0110,0.2402214769178983,False,True,False,50438,15,sweep
4,2,2,8,4,random,0.0,True,1,0.0,0.0,0.118408203125,False,7.9534156353075165,0.9941769544134396,4.044551701109363,0.5085301569245829,2.9971997109989537,2.99735382075792,2.9944166310225206,0.09765625,0.5113525390625,5,0011,0.24027826197643792,False,True,False,50439,16,sweep
4,2,2,8,4,random,0.0,True,1,0.0,0.0,0.114013671875,False,7.959352606749515,0.9949190758436893,4.053914939778505,0.5093272204501649,2.9991080594545174,2.999309758111911,2.9943335369066206,0.166015625,0.498779296875,4,0101,0.23888860032498788,False,True,False,50440,17,sweep
4,2,2,8,4,random,0.0,True,1,0.0,0.0,0.115478515625,False,7.953642517927199,0.9942053147408999,4.047284565672207,0.5088592499033978,2.9987834208717707,2.998483701091353,2.987522340854195,0.126953125,0.4981689453125,4,0101,0.23925854341692998,False,True,False,50441,18,sweep
4,2,2,8,4,random,0.0,True,1,0.0,0.0,0.11572265625,False,7.950867671964741,0.9938584589955927,4.03890245988188,0.5079826034739962,2.997760544363628,2.9979974580303277,2.993958013018468,0.083984375,0.4923095703125,5,0011,0.23927462148661854,False,True,False,50442,19,sweep
4,2,2,8,4,random,0.0,True,1,0.0,0.0,0.115966796875,False,7.952532226525976,0.994066528315747,4.042852480261454,0.5083729766949405,2.9976486353875567,2.9988290019570725,2.9875253154848544,0.134765625,0.506103515625,4,0101,0.23940168456939942,False,True,False,50443,20,sweep
4,2,2,8,4,random,0.0,True,1,0.0,0.0,0.116455078125,False,7.955258768568691,0.9944073460710864,4.05494873490704,0.509719275371429,2.9993169870322647,2.999795886667579,2.9932247063779314,0.13671875,0.4984130859375,4,0101,0.2396407465579673,False,True,False,50444,21,sweep
4,2,2,8,4,random,0.0,True,1,0.0,0.0,0.115234375,False,7.953034031720084,0.9941292539650105,4.046071544609799,0.5087456596403767,2.9988652746432503,2.9986764265549026,2.9815907803457775,0.134765625,0.492431640625,4,0101,0.2391578820430021,False,True,False,50445,22,sweep
4,2,2,8,4,random,0.0,True,1,0.0,0.0,0.115234375,False,7.953704630211151,0.9942130787763939,4.044597212487011,0.5085174017053782,2.9983674815591908,2.9994652575930747,2.9860345578723635,0.109375,0.5009765625,2,0110,0.2391746470052788,False,True,False,50446,23,sweep
4,2,2,8,4,random,0.0,True,1,0.0,0.0,0.114990234375,False,7.954393108650919,0.9942991385813649,4.03745488586368,0.5075754781936394,2.999008179713478,2.9994477812300033,2.9918721582013186,0.12109375,0.4971923828125,2,0110,0.23910640974752298,False,True,False,50447,24,sweep
4,2,2,8,4,random,0.0,True,1,0.0,0.0,0.11767578125,False,7.958809810914454,0.9948512263643068,4.058555197046553,0.5099449909559067,2.998525604041201,2.998583461956581,2.989387067302183,0.119140625,0.499267578125,4,0101,0.24015676871036135,False,True,False,50448,25,sweep
4,2,2,8,4,random,0.0,True,1,0.0,0.0,0.1162109375,False,7.95295755525088,0.99411969440636,4.0404015571369385,0.5080376110481432,2.9968735025181727,2.9977001858917136,2.9847388844748646,0.125,0.503662109375,4,0101,0.23949776700627204,False,True,False,50449,26,sweep
4,2,2,8,4,random,0.0,True,1,0.0,0.0,0.11669921875,False,7.956930701494934,0.9946163376868667,4.0525695828019614,0.5093131679581641,2.99862955283677,2.999383214260746,2.987050913152499,0.10546875,0.50146484375,2,0110,0.23976799409987334,False,True,False,50450,27,sweep
4,2,2,8,4,random,0.0,True,1,0.0,0.0,0.1162109375,False,7.9609767210789855,0.9951220901348732,4.039886048697124,0.5074611056204145,2.998852467216338,2.999672701392493,2.9634256382412207,0.111328125,0.499755859375,4,0101,0.23969824615197466,False,True,False,50451,28,sweep
4,2,2,8,4,random,0.0,True,1,0.0,0.0,0.114501953125,False,7.951387068296938,0.9939233835371173,4.027515848479553,0.506517392988917,2.999423315444484,2.9988665484613475,2.9857910932233027,0.15625,0.5015869140625,4,0101,0.23886036030117347,False,True,False,50452,29,sweep
4,2,2,8,4,random,0.0,True,1,0.0,0.0,0.121337890625,False,7.954656495315703,0.9943320619144629,4.061404935883646,0.5105694932616267,2.998535431611091,2.9992977281173174,2.9883100105545966,0.09765625,0.49853515625,5,0011,0.2413346741016426,False,True,False,50453,30,sweep
4,2,2,8,4,random,0.0,True,1,0.0,0.0,0.11572265625,False,7.949796798774674,0.9937245998468343,4.04226424816077,0.5084739082618837,2.998942283568663,2.996362563039097,2.995583423382819,0.146484375,0.51123046875,5,0011,0.23924784965686685,False,True,False,50454,31,sweep
4,2,2,8,4,random,0.0,True,1,0.0,0.0,0.11572265625,False,7.960207465571328,0.995025933196416,4.041702540272192,0.5077383419657024,2.9978892438228373,2.99905988060818,2.9868437729843906,0.109375,0.4996337890625,4,0101,0.2395081163267832,False,True,False,50455,32,sweep
4,2,2,8,4,random,0.0,True,1,0.0,0.0,0.115234375,False,7.950597359264024,0.993824669908003,4.021915206108449,0.5058632734585811,2.998238281995375,2.9984567076899884,2.9952029678221384,0.13671875,0.5020751953125,5,0011,0.23909696523160062,False,True,False,50456,33,sweep
4,2,2,8,4,random,0.0,True,1,0.0,0.0,0.1162109375,False,7.954104660062059,0.9942630825077574,4.071425661290013,0.511864733403979,2.998876974132533,2.998343571809637,2.987328089405241,0.14453125,0.4976806640625,5,0011,0.2395264446265515,False,True,False,50457,34,sweep
4,2,2,8,4,random,0.0,True,1,0.000244140625,0.000244140625,0.112548828125,False,7.957484674524474,0.9946855843155592,4.031817128759691,0.5066697950003436,2.9972001205249814,2.9985321799172158,2.993063116272119,0.125,0.494384765625,5,0011,0.23843906998811185,False,True,False,50458,35,sweep
4,2,2,8,4,random,0.0,True,1,0.0,0.0,0.114501953125,False,7.9527070853785045,0.9940883856723131,4.0535367794147525,0.5097052784538495,2.9994230249128044,2.998787162656168,2.9965039870355374,0.125,0.4937744140625,5,0011,0.23889336072821263,False,True,False,50459,36,sweep
4,2,2,8,4,random,0.0,True,1,0.0,0.0,0.11767578125,False,7.950584276640683,0.9938230345800854,4.044475759211075,0.508701702728188,2.998576042226361,2.9990814890110844,2.9930564813178697,0.15625,0.497802734375,5,0011,0.23995113035351706,False,True,False,50460,37,sweep
4,2,2,8,4,random,0.0,True,1,0.0,0.0,0.115478515625,False,7.954432622587756,0.9943040778234695,4.039692892177758,0.5078543101498488,2.998582961523697,2.996305459073784,2.9956077749664005,0.125,0.49072265625,2,0110,0.23927829603344392,False,True,False,50461,38,sweep
4,2,2,8,4,random,0.0,True,1,0.0,0.0,0.116943359375,False,7.961336784267897,0.9951670980334871,4.061270966844798,0.5101242513531302,2.998963690154956,2.997567289551162,2.98897871256786,0.134765625,0.5001220703125,2,0110,0.23996359538794743,False,True,False,50462,39,sweep
4,2,2,8,4,random,0.0,True,1,0.0,0.0,0.117919921875,False,7.9559656125440625,0.9944957015680078,4.040867973486755,0.5079041527172482,2.9971671452964403,2.99972074673933,2.9927939238073575,0.087890625,0.4959716796875,2,0110,0.24017111296985155,False,True,False,50463,40,sweep
4,2,2,8,4,random,0.0,True,1,0.0,0.0,0.119140625,False,7.950922815341041,0.9938653519176301,4.059254930917593,0.5105388424957913,2.996933492813188,2.997581504308217,2.9833766806237287,0.15625,0.501220703125,5,0011,0.24047228913352603,False,True,False,50464,41,sweep
4,2,2,8,4,random,0.0,True,1,0.0,0.0,0.118408203125,False,7.9565830738474315,0.9945728842309289,4.042871524953039,0.50811654794903,2.998979020861488,2.9993808812588743,2.993967563088753,0.10546875,0.499755859375,5,0011,0.2403574479399358,False,True,False,50465,42,sweep
4,2,2,8,4,random,0.0,True,1,0.0,0.0,0.115234375,False,7.95933853957674,0.9949173174470926,4.038128969981109,0.5073447937792891,2.996894334285729,2.9977049855305613,2.9707709151695965,0.109375,0.5015869140625,5,0011,0.23931549473941854,False,True,False,50466,43,sweep
4,2,2,8,4,random,0.0,True,1,0.0,0.0,0.116455078125,False,7.956370808869545,0.9945463511086932,4.0559866628892305,0.5097784857346929,2.9992679066290053,2.998435226081038,2.9957628888648467,0.115234375,0.5015869140625,4,0101,0.23966854756548867,False,True,False,50467,44,sweep
4,2,2,8,4,random,0.0,True,1,0.0,0.0,0.11669921875,False,7.958515127321374,0.9948143909151718,4.04955092005822,0.5088324712930704,2.999367484511005,2.9966449192999898,2.993588690485102,0.146484375,0.501708984375,4,0101,0.23980760474553436,False,True,False,50468,45,sweep
4,2,2,8,4,random,0.0,True,1,0.0,0.0,0.1171875,False,7.959480621592051,0.9949350776990064,4.057052722249031,0.5097132482794514,2.9980218369985394,2.9985146526003796,2.9894236300554837,0.12890625,0.505126953125,2,0110,0.24000264053980128,False,True,False,50469,46,sweep
4,2,2,8,4,random,0.0,True,1,0.0,0.0,0.115234375,False,7.956659967572431,0.9945824959465539,4.043616593790665,0.5082052783794364,2.9957550924065464,2.9995005979167457,2.9805210733393466,0.162109375,0.499267578125,2,0110,0.23924853043931077,False,True,False,50470,47,sweep
4,2,2,8,4,random,0.0,True,1,0.0,0.0,0.118896484375,False,7.957640659482793,0.9947050824353492,4.061543609875281,0.5103954530838618,2.9973935354994516,2.996844330751229,2.981919495607948,0.080078125,0.496337890625,5,0011,0.24055478601831987,False,True,False,50471,48,sweep
4,2,2,8,4,random,0.0,True,1,0.0,0.0,0.115478515625,False,7.95847902325854,0.9948098779073175,4.047710369299391,0.5086035104785747,2.998511779446444,2.999372440737784,2.9848290745895754,0.09375,0.498291015625,2,0110,0.2393794560502135,False,True,False,50472,49,sweep
