kB,kC,kD,kA,q,w,horizon,phase_mode,phase_protocol,herald_mode,branch_order,initial_mode,observer_init,phase_vertex_C,phase_vertex_D,n_phase_C,n_phase_D,phase_entropy_C_bits,phase_entropy_D_bits,phase_pair_entropy_bits,relation_mi_bits,relation_mi_norm,selection_bits,posterior_entropy_bits,marginal_selection_C_bits,marginal_selection_D_bits,herald_efficiency,herald_spread,herald_cv,robust_possible_fraction,robust_certain_fraction,sink_memory_bits,cut_bits_per_tick,n_joint_states,n_schedules,nontrivial_sccs,interface_BC,interface_BD,interface_CA,interface_DA,labels_C,labels_D,herald_matrix,seed,instance,extra_B,extra_C,extra_D,extra_A
2,2,2,2,4,1,1,cut,first,sink_equal,both,all,zero,0,0,2,2,1.0,1.0,2.0,0.0002808361903997173,0.0002808361903997173,0.0012759784062761348,1.9987240215937239,0.0007317431807748569,0.00026339903510166733,0.306640625,0.03125,0.04176712435861147,1.0,0.0,4.0,4.0,65536,32,4,"((0, 2),)","((0, 4),)","((2, 6),)","((4, 7),)","(0, 1)","(0, 1)","[[0.31640625, 0.31640625], [0.28515625, 0.30859375]]",434869,0,2,2,2,2
2,2,2,2,4,1,1,erased_value,first,sink_equal,both,all,zero,0,0,4,4,2.0,2.0,4.0,0.0,0.0,0.0,4.0,0.0,0.0,0.31640625,0.0,0.0,1.0,0.0,4.0,4.0,65536,32,4,"((0, 2),)","((0, 4),)","((2, 6),)","((4, 7),)","(0, 1, 2, 3)","(0, 1, 2, 3)","[[0.31640625, 0.31640625, 0.31640625, 0.31640625], [0.31640625, 0.31640625, 0.31640625, 0.31640625], [0.31640625, 0.31640625, 0.31640625, 0.31640625], [0.31640625, 0.31640625, 0.31640625, 0.31640625]]",434869,0,2,2,2,2
2,2,2,2,4,1,2,cut,first,sink_equal,both,all,zero,0,0,2,2,1.0,1.0,2.0,9.186874689878777e-05,9.186874689878777e-05,9.441921610431336e-05,1.9999055807838957,6.751240637463667e-07,1.8753451416231044e-06,0.3785400390625,0.009765625,0.01144224121200269,1.0,0.0,4.0,4.0,65536,32,4,"((0, 2),)","((0, 4),)","((2, 6),)","((4, 7),)","(0, 1)","(0, 1)","[[0.3837890625, 0.3740234375], [0.37451171875, 0.3818359375]]",434869,0,2,2,2,2
2,2,2,2,4,1,2,erased_value,first,sink_equal,both,all,zero,0,0,4,4,2.0,2.0,4.0,0.0,0.0,0.0,4.0,0.0,0.0,0.3837890625,0.0,0.0,1.0,0.0,4.0,4.0,65536,32,4,"((0, 2),)","((0, 4),)","((2, 6),)","((4, 7),)","(0, 1, 2, 3)","(0, 1, 2, 3)","[[0.3837890625, 0.3837890625, 0.3837890625, 0.3837890625], [0.3837890625, 0.3837890625, 0.3837890625, 0.3837890625], [0.3837890625, 0.3837890625, 0.3837890625, 0.3837890625], [0.3837890625, 0.3837890625, 0.3837890625, 0.3837890625]]",434869,0,2,2,2,2
2,2,2,2,4,1,3,cut,first,sink_equal,both,all,zero,0,0,2,2,1.0,1.0,2.0,2.5228392029187727e-05,2.5228392029187727e-05,0.0001430607244228277,1.9998569392755772,1.1783002259257037e-05,0.00010604933013458676,0.381317138671875,0.0137939453125,0.014103073619780557,1.0,0.0,4.0,4.0,65536,32,4,"((0, 2),)","((0, 4),)","((2, 6),)","((4, 7),)","(0, 1)","(0, 1)","[[0.3759613037109375, 0.3897552490234375], [0.3774261474609375, 0.3821258544921875]]",434869,0,2,2,2,2
2,2,2,2,4,1,3,erased_value,first,sink_equal,both,all,zero,0,0,4,4,2.0,2.0,4.0,0.0,0.0,0.0,4.0,0.0,0.0,0.3759613037109375,0.0,0.0,1.0,0.0,4.0,4.0,65536,32,4,"((0, 2),)","((0, 4),)","((2, 6),)","((4, 7),)","(0, 1, 2, 3)","(0, 1, 2, 3)","[[0.3759613037109375, 0.3759613037109375, 0.3759613037109375, 0.3759613037109375], [0.3759613037109375, 0.3759613037109375, 0.3759613037109375, 0.3759613037109375], [0.3759613037109375, 0.3759613037109375, 0.3759613037109375, 0.3759613037109375], [0.3759613037109375, 0.3759613037109375, 0.3759613037109375, 0.3759613037109375]]",434869,0,2,2,2,2
2,2,2,2,4,1,1,cut,first,sink_equal,both,all,zero,0,0,2,2,1.0,1.0,2.0,0.00013948148324923696,0.00013948148324923696,0.007899550388653864,1.9921004496113461,0.006042915135464871,0.001717153769939403,0.3203125,0.08984375,0.10526022257092725,1.0,0.0,4.0,4.0,65536,32,4,"((0, 2),)","((0, 4),)","((2, 6),)","((4, 7),)","(0, 1)","(0, 1)","[[0.328125, 0.37109375], [0.28125, 0.30078125]]",434870,1,2,2,2,2
2,2,2,2,4,1,1,erased_value,first,sink_equal,both,all,zero,0,0,4,4,2.0,2.0,4.0,0.0,0.0,0.0,4.0,0.0,0.0,0.328125,0.0,0.0,1.0,0.0,4.0,4.0,65536,32,4,"((0, 2),)","((0, 4),)","((2, 6),)","((4, 7),)","(0, 1, 2, 3)","(0, 1, 2, 3)","[[0.328125, 0.328125, 0.328125, 0.328125], [0.328125, 0.328125, 0.328125, 0.328125], [0.328125, 0.328125, 0.328125, 0.328125], [0.328125, 0.328125, 0.328125, 0.328125]]",434870,1,2,2,2,2
2,2,2,2,4,1,2,cut,first,sink_equal,both,all,zero,0,0,2,2,1.0,1.0,2.0,0.00023926653891556335,0.00023926653891556335,0.0030399031237884344,1.9969600968762116,0.00040767046938021065,0.002392966115492494,0.2310791015625,0.03759765625,0.06528899680036067,1.0,0.0,4.0,4.0,65536,32,4,"((0, 2),)","((0, 4),)","((2, 6),)","((4, 7),)","(0, 1)","(0, 1)","[[0.216796875, 0.234375], [0.21875, 0.25439453125]]",434870,1,2,2,2,2
2,2,2,2,4,1,2,erased_value,first,sink_equal,both,all,zero,0,0,4,4,2.0,2.0,4.0,0.0,0.0,0.0,4.0,0.0,0.0,0.216796875,0.0,0.0,1.0,0.0,4.0,4.0,65536,32,4,"((0, 2),)","((0, 4),)","((2, 6),)","((4, 7),)","(0, 1, 2, 3)","(0, 1, 2, 3)","[[0.216796875, 0.216796875, 0.216796875, 0.216796875], [0.216796875, 0.216796875, 0.216796875, 0.216796875], [0.216796875, 0.216796875, 0.216796875, 0.216796875], [0.216796875, 0.216796875, 0.216796875, 0.216796875]]",434870,1,2,2,2,2
2,2,2,2,4,1,3,cut,first,sink_equal,both,all,zero,0,0,2,2,1.0,1.0,2.0,0.00013444956778827302,0.00013444956778827302,0.024933311966194305,1.9750666880338057,0.0017657537389682357,0.023033108659437543,0.17706298828125,0.08062744140625,0.1862835717606889,1.0,0.0,4.0,4.0,65536,32,4,"((0, 2),)","((0, 4),)","((2, 6),)","((4, 7),)","(0, 1)","(0, 1)","[[0.2213134765625, 0.15032958984375], [0.1959228515625, 0.14068603515625]]",434870,1,2,2,2,2
2,2,2,2,4,1,3,erased_value,first,sink_equal,both,all,zero,0,0,4,4,2.0,2.0,4.0,0.0,0.0,0.0,4.0,0.0,0.0,0.2213134765625,0.0,0.0,1.0,0.0,4.0,4.0,65536,32,4,"((0, 2),)","((0, 4),)","((2, 6),)","((4, 7),)","(0, 1, 2, 3)","(0, 1, 2, 3)","[[0.2213134765625, 0.2213134765625, 0.2213134765625, 0.2213134765625], [0.2213134765625, 0.2213134765625, 0.2213134765625, 0.2213134765625], [0.2213134765625, 0.2213134765625, 0.2213134765625, 0.2213134765625], [0.2213134765625, 0.2213134765625, 0.2213134765625, 0.2213134765625]]",434870,1,2,2,2,2
2,2,2,2,4,1,1,cut,first,sink_equal,both,all,zero,0,0,2,2,1.0,1.0,2.0,0.00025791559227121043,0.00025791559227121043,0.02567245243510108,1.974327547564899,0.01270726842141491,0.01270726842141491,0.32421875,0.171875,0.1908792712982513,1.0,0.0,4.0,4.0,65536,32,4,"((0, 2),)","((0, 4),)","((2, 6),)","((4, 7),)","(0, 1)","(0, 1)","[[0.25, 0.3125], [0.3125, 0.421875]]",434871,2,2,2,2,2
2,2,2,2,4,1,1,erased_value,first,sink_equal,both,all,zero,0,0,4,4,2.0,2.0,4.0,0.0,0.0,0.0,4.0,0.0,0.0,0.25,0.0,0.0,1.0,0.0,4.0,4.0,65536,32,4,"((0, 2),)","((0, 4),)","((2, 6),)","((4, 7),)","(0, 1, 2, 3)","(0, 1, 2, 3)","[[0.25, 0.25, 0.25, 0.25], [0.25, 0.25, 0.25, 0.25], [0.25, 0.25, 0.25, 0.25], [0.25, 0.25, 0.25, 0.25]]",434871,2,2,2,2,2
2,2,2,2,4,1,2,cut,first,sink_equal,both,all,zero,0,0,2,2,1.0,1.0,2.0,0.000166803473319088,0.000166803473319088,0.0065596368940128436,1.9934403631059872,0.00019281209067343458,0.006200021330020608,0.3583984375,0.078125,0.09505593211178424,1.0,0.0,4.0,4.0,65536,32,4,"((0, 2),)","((0, 4),)","((2, 6),)","((4, 7),)","(0, 1)","(0, 1)","[[0.390625, 0.314453125], [0.392578125, 0.3359375]]",434871,2,2,2,2,2
2,2,2,2,4,1,2,erased_value,first,sink_equal,both,all,zero,0,0,4,4,2.0,2.0,4.0,0.0,0.0,0.0,4.0,0.0,0.0,0.390625,0.0,0.0,1.0,0.0,4.0,4.0,65536,32,4,"((0, 2),)","((0, 4),)","((2, 6),)","((4, 7),)","(0, 1, 2, 3)","(0, 1, 2, 3)","[[0.390625, 0.390625, 0.390625, 0.390625], [0.390625, 0.390625, 0.390625, 0.390625], [0.390625, 0.390625, 0.390625, 0.390625], [0.390625, 0.390625, 0.390625, 0.390625]]",434871,2,2,2,2,2
2,2,2,2,4,1,3,cut,first,sink_equal,both,all,zero,0,0,2,2,1.0,1.0,2.0,9.837891616181448e-06,9.837891616181448e-06,0.0005500003281926347,1.9994499996718074,1.2760311638452138e-05,0.0005274021249379278,0.30474853515625,0.01904296875,0.02762635530645795,1.0,0.0,4.0,4.0,65536,32,4,"((0, 2),)","((0, 4),)","((2, 6),)","((4, 7),)","(0, 1)","(0, 1)","[[0.310546875, 0.29638671875], [0.3154296875, 0.296630859375]]",434871,2,2,2,2,2
2,2,2,2,4,1,3,erased_value,first,sink_equal,both,all,zero,0,0,4,4,2.0,2.0,4.0,0.0,0.0,0.0,4.0,0.0,0.0,0.310546875,0.0,0.0,1.0,0.0,4.0,4.0,65536,32,4,"((0, 2),)","((0, 4),)","((2, 6),)","((4, 7),)","(0, 1, 2, 3)","(0, 1, 2, 3)","[[0.310546875, 0.310546875, 0.310546875, 0.310546875], [0.310546875, 0.310546875, 0.310546875, 0.310546875], [0.310546875, 0.310546875, 0.310546875, 0.310546875], [0.310546875, 0.310546875, 0.310546875, 0.310546875]]",434871,2,2,2,2,2
2,2,2,2,4,1,1,cut,first,sink_equal,both,all,zero,0,0,2,2,1.0,1.0,2.0,0.1021871709493333,0.1021871709493333,0.6078527763354655,1.3921472236645345,0.49674166522435426,0.00892394016177786,0.0263671875,0.046875,0.7934920476158722,0.75,0.0,4.0,4.0,65536,32,4,"((0, 2),)","((0, 4),)","((2, 6),)","((4, 7),)","(0, 1)","(0, 1)","[[0.046875, 0.046875], [0.01171875, 0.0]]",434872,3,2,2,2,2
2,2,2,2,4,1,1,erased_value,first,sink_equal,both,all,zero,0,0,4,4,2.0,2.0,4.0,0.0,0.0,0.0,4.0,0.0,0.0,0.046875,0.0,0.0,1.0,0.0,4.0,4.0,65536,32,4,"((0, 2),)","((0, 4),)","((2, 6),)","((4, 7),)","(0, 1, 2, 3)","(0, 1, 2, 3)","[[0.046875, 0.046875, 0.046875, 0.046875], [0.046875, 0.046875, 0.046875, 0.046875], [0.046875, 0.046875, 0.046875, 0.046875], [0.046875, 0.046875, 0.046875, 0.046875]]",434872,3,2,2,2,2
2,2,2,2,4,1,2,cut,first,sink_equal,both,all,zero,0,0,2,2,1.0,1.0,2.0,3.708932341714216e-05,3.708932341714216e-05,0.04261927775976604,1.957380722240234,0.04252147320700386,6.071522934488361e-05,0.15966796875,0.080078125,0.2419383548173515,1.0,0.0,4.0,4.0,65536,32,4,"((0, 2),)","((0, 4),)","((2, 6),)","((4, 7),)","(0, 1)","(0, 1)","[[0.1953125, 0.201171875], [0.12109375, 0.12109375]]",434872,3,2,2,2,2
2,2,2,2,4,1,2,erased_value,first,sink_equal,both,all,zero,0,0,4,4,2.0,2.0,4.0,0.0,0.0,0.0,4.0,0.0,0.0,0.1953125,0.0,0.0,1.0,0.0,4.0,4.0,65536,32,4,"((0, 2),)","((0, 4),)","((2, 6),)","((4, 7),)","(0, 1, 2, 3)","(0, 1, 2, 3)","[[0.1953125, 0.1953125, 0.1953125, 0.1953125], [0.1953125, 0.1953125, 0.1953125, 0.1953125], [0.1953125, 0.1953125, 0.1953125, 0.1953125], [0.1953125, 0.1953125, 0.1953125, 0.1953125]]",434872,3,2,2,2,2
2,2,2,2,4,1,3,cut,first,sink_equal,both,all,zero,0,0,2,2,1.0,1.0,2.0,6.7303706830404e-05,6.7303706830404e-05,0.025693883641953796,1.9743061163580462,0.021574495416616477,0.004052084518506895,0.08880615234375,0.0439453125,0.18810407703845977,1.0,0.0,4.0,4.0,65536,32,4,"((0, 2),)","((0, 4),)","((2, 6),)","((4, 7),)","(0, 1)","(0, 1)","[[0.111083984375, 0.09716796875], [0.079833984375, 0.067138671875]]",434872,3,2,2,2,2
2,2,2,2,4,1,3,erased_value,first,sink_equal,both,all,zero,0,0,4,4,2.0,2.0,4.0,0.0,0.0,0.0,4.0,0.0,0.0,0.111083984375,0.0,0.0,1.0,0.0,4.0,4.0,65536,32,4,"((0, 2),)","((0, 4),)","((2, 6),)","((4, 7),)","(0, 1, 2, 3)","(0, 1, 2, 3)","[[0.111083984375, 0.111083984375, 0.111083984375, 0.111083984375], [0.111083984375, 0.111083984375, 0.111083984375, 0.111083984375], [0.111083984375, 0.111083984375, 0.111083984375, 0.111083984375], [0.111083984375, 0.111083984375, 0.111083984375, 0.111083984375]]",434872,3,2,2,2,2
2,2,2,2,4,1,1,cut,first,sink_equal,both,all,zero,0,0,2,2,1.0,1.0,2.0,1.8943853670506678e-06,1.8943853670506678e-06,0.007185965038483566,1.9928140349615164,0.006990203457827138,0.00019386719528896243,0.23828125,0.0546875,0.099717418529479,1.0,0.0,4.0,4.0,65536,32,4,"((0, 2),)","((0, 4),)","((2, 6),)","((4, 7),)","(0, 1)","(0, 1)","[[0.2578125, 0.265625], [0.2109375, 0.21875]]",434873,4,2,2,2,2
2,2,2,2,4,1,1,erased_value,first,sink_equal,both,all,zero,0,0,4,4,2.0,2.0,4.0,0.0,0.0,0.0,4.0,0.0,0.0,0.2578125,0.0,0.0,1.0,0.0,4.0,4.0,65536,32,4,"((0, 2),)","((0, 4),)","((2, 6),)","((4, 7),)","(0, 1, 2, 3)","(0, 1, 2, 3)","[[0.2578125, 0.2578125, 0.2578125, 0.2578125], [0.2578125, 0.2578125, 0.2578125, 0.2578125], [0.2578125, 0.2578125, 0.2578125, 0.2578125], [0.2578125, 0.2578125, 0.2578125, 0.2578125]]",434873,4,2,2,2,2
2,2,2,2,4,1,2,cut,first,sink_equal,both,all,zero,0,0,2,2,1.0,1.0,2.0,3.6358540640113956e-08,3.6358540640113956e-08,0.0077323792174306405,1.9922676207825694,0.0026486246448429313,0.005083718214047309,0.18841552734375,0.054443359375,0.10359722314834714,1.0,0.0,4.0,4.0,65536,32,4,"((0, 2),)","((0, 4),)","((2, 6),)","((4, 7),)","(0, 1)","(0, 1)","[[0.162109375, 0.19189453125], [0.18310546875, 0.216552734375]]",434873,4,2,2,2,2
2,2,2,2,4,1,2,erased_value,first,sink_equal,both,all,zero,0,0,4,4,2.0,2.0,4.0,0.0,0.0,0.0,4.0,0.0,0.0,0.162109375,0.0,0.0,1.0,0.0,4.0,4.0,65536,32,4,"((0, 2),)","((0, 4),)","((2, 6),)","((4, 7),)","(0, 1, 2, 3)","(0, 1, 2, 3)","[[0.162109375, 0.162109375, 0.162109375, 0.162109375], [0.162109375, 0.162109375, 0.162109375, 0.162109375], [0.162109375, 0.162109375, 0.162109375, 0.162109375], [0.162109375, 0.162109375, 0.162109375, 0.162109375]]",434873,4,2,2,2,2
2,2,2,2,4,1,3,cut,first,sink_equal,both,all,zero,0,0,2,2,1.0,1.0,2.0,5.025890693056414e-05,5.025890693056414e-05,0.004105884550999583,1.9958941154490004,0.003276590326622024,0.0007790353174469203,0.184814453125,0.03704833984375,0.07520627952180738,1.0,0.0,4.0,4.0,65536,32,4,"((0, 2),)","((0, 4),)","((2, 6),)","((4, 7),)","(0, 1)","(0, 1)","[[0.1795654296875, 0.1651611328125], [0.20220947265625, 0.19232177734375]]",434873,4,2,2,2,2
2,2,2,2,4,1,3,erased_value,first,sink_equal,both,all,zero,0,0,4,4,2.0,2.0,4.0,0.0,0.0,0.0,4.0,0.0,0.0,0.1795654296875,0.0,0.0,1.0,0.0,4.0,4.0,65536,32,4,"((0, 2),)","((0, 4),)","((2, 6),)","((4, 7),)","(0, 1, 2, 3)","(0, 1, 2, 3)","[[0.1795654296875, 0.1795654296875, 0.1795654296875, 0.1795654296875], [0.1795654296875, 0.1795654296875, 0.1795654296875, 0.1795654296875], [0.1795654296875, 0.1795654296875, 0.1795654296875, 0.1795654296875], [0.1795654296875, 0.1795654296875, 0.1795654296875, 0.1795654296875]]",434873,4,2,2,2,2
2,2,2,2,4,1,1,cut,first,sink_equal,both,all,zero,0,0,2,2,1.0,1.0,2.0,0.0016659991847723654,0.0016659991847723654,0.014576274939778866,1.9854237250602211,0.011622027220495823,0.0012882485345107018,0.138671875,0.046875,0.14013907564881972,1.0,0.0,4.0,4.0,65536,32,4,"((0, 2),)","((0, 4),)","((2, 6),)","((4, 7),)","(0, 1)","(0, 1)","[[0.15625, 0.15625], [0.109375, 0.1328125]]",434874,5,2,2,2,2
2,2,2,2,4,1,1,erased_value,first,sink_equal,both,all,zero,0,0,4,4,2.0,2.0,4.0,0.0,0.0,0.0,4.0,0.0,0.0,0.15625,0.0,0.0,1.0,0.0,4.0,4.0,65536,32,4,"((0, 2),)","((0, 4),)","((2, 6),)","((4, 7),)","(0, 1, 2, 3)","(0, 1, 2, 3)","[[0.15625, 0.15625, 0.15625, 0.15625], [0.15625, 0.15625, 0.15625, 0.15625], [0.15625, 0.15625, 0.15625, 0.15625], [0.15625, 0.15625, 0.15625, 0.15625]]",434874,5,2,2,2,2
2,2,2,2,4,1,2,cut,first,sink_equal,both,all,zero,0,0,2,2,1.0,1.0,2.0,0.0006450321997783243,0.0006450321997783243,0.008501605433419268,1.9914983945665807,0.005186824509576582,0.002669748724064315,0.1224365234375,0.03564453125,0.10999227839918388,1.0,0.0,4.0,4.0,65536,32,4,"((0, 2),)","((0, 4),)","((2, 6),)","((4, 7),)","(0, 1)","(0, 1)","[[0.14453125, 0.12109375], [0.115234375, 0.10888671875]]",434874,5,2,2,2,2
2,2,2,2,4,1,2,erased_value,first,sink_equal,both,all,zero,0,0,4,4,2.0,2.0,4.0,0.0,0.0,0.0,4.0,0.0,0.0,0.14453125,0.0,0.0,1.0,0.0,4.0,4.0,65536,32,4,"((0, 2),)","((0, 4),)","((2, 6),)","((4, 7),)","(0, 1, 2, 3)","(0, 1, 2, 3)","[[0.14453125, 0.14453125, 0.14453125, 0.14453125], [0.14453125, 0.14453125, 0.14453125, 0.14453125], [0.14453125, 0.14453125, 0.14453125, 0.14453125], [0.14453125, 0.14453125, 0.14453125, 0.14453125]]",434874,5,2,2,2,2
2,2,2,2,4,1,3,cut,first,sink_equal,both,all,zero,0,0,2,2,1.0,1.0,2.0,0.00014680846521362197,0.00014680846521362197,0.0019527062639623782,1.9980472937360376,0.001574935898921291,0.00023096189982744174,0.12493133544921875,0.016143798828125,0.05225151082435358,1.0,0.0,4.0,4.0,65536,32,4,"((0, 2),)","((0, 4),)","((2, 6),)","((4, 7),)","(0, 1)","(0, 1)","[[0.11944580078125, 0.118743896484375], [0.1348876953125, 0.12664794921875]]",434874,5,2,2,2,2
2,2,2,2,4,1,3,erased_value,first,sink_equal,both,all,zero,0,0,4,4,2.0,2.0,4.0,0.0,0.0,0.0,4.0,0.0,0.0,0.11944580078125,0.0,0.0,1.0,0.0,4.0,4.0,65536,32,4,"((0, 2),)","((0, 4),)","((2, 6),)","((4, 7),)","(0, 1, 2, 3)","(0, 1, 2, 3)","[[0.11944580078125, 0.11944580078125, 0.11944580078125, 0.11944580078125], [0.11944580078125, 0.11944580078125, 0.11944580078125, 0.11944580078125], [0.11944580078125, 0.11944580078125, 0.11944580078125, 0.11944580078125], [0.11944580078125, 0.11944580078125, 0.11944580078125, 0.11944580078125]]",434874,5,2,2,2,2
2,2,2,2,4,1,1,cut,first,sink_equal,both,all,zero,0,0,2,2,1.0,1.0,2.0,0.0001937969578889153,0.0001937969578889153,0.0008560624384505999,1.9991439375615494,0.00045849979067192487,0.00020376568988951342,0.46484375,0.0390625,0.03464794643376185,1.0,0.0,4.0,4.0,65536,32,4,"((0, 2),)","((0, 4),)","((2, 6),)","((4, 7),)","(0, 1)","(0, 1)","[[0.4609375, 0.4921875], [0.453125, 0.453125]]",434875,6,2,2,2,2
2,2,2,2,4,1,1,erased_value,first,sink_equal,both,all,zero,0,0,4,4,2.0,2.0,4.0,0.0,0.0,0.0,4.0,0.0,0.0,0.4609375,0.0,0.0,1.0,0.0,4.0,4.0,65536,32,4,"((0, 2),)","((0, 4),)","((2, 6),)","((4, 7),)","(0, 1, 2, 3)","(0, 1, 2, 3)","[[0.4609375, 0.4609375, 0.4609375, 0.4609375], [0.4609375, 0.4609375, 0.4609375, 0.4609375], [0.4609375, 0.4609375, 0.4609375, 0.4609375], [0.4609375, 0.4609375, 0.4609375, 0.4609375]]",434875,6,2,2,2,2
2,2,2,2,4,1,2,cut,first,sink_equal,both,all,zero,0,0,2,2,1.0,1.0,2.0,3.369041933407404e-06,3.369041933407404e-06,0.0006098106515293189,1.9993901893484707,1.2127233228111968e-05,0.0005943143763680429,0.535888671875,0.03515625,0.029082335614587028,1.0,0.0,4.0,4.0,65536,32,4,"((0, 2),)","((0, 4),)","((2, 6),)","((4, 7),)","(0, 1)","(0, 1)","[[0.5478515625, 0.51953125], [0.5546875, 0.521484375]]",434875,6,2,2,2,2
2,2,2,2,4,1,2,erased_value,first,sink_equal,both,all,zero,0,0,4,4,2.0,2.0,4.0,0.0,0.0,0.0,4.0,0.0,0.0,0.5478515625,0.0,0.0,1.0,0.0,4.0,4.0,65536,32,4,"((0, 2),)","((0, 4),)","((2, 6),)","((4, 7),)","(0, 1, 2, 3)","(0, 1, 2, 3)","[[0.5478515625, 0.5478515625, 0.5478515625, 0.5478515625], [0.5478515625, 0.5478515625, 0.5478515625, 0.5478515625], [0.5478515625, 0.5478515625, 0.5478515625, 0.5478515625], [0.5478515625, 0.5478515625, 0.5478515625, 0.5478515625]]",434875,6,2,2,2,2
2,2,2,2,4,1,3,cut,first,sink_equal,both,all,zero,0,0,2,2,1.0,1.0,2.0,4.217698463061304e-06,4.217698463061304e-06,0.000544565428116206,1.9994554345718838,0.0005261192026048966,1.422852704812327e-05,0.597808837890625,0.03759765625,0.027463966288361383,1.0,0.0,4.0,4.0,65536,32,4,"((0, 2),)","((0, 4),)","((2, 6),)","((4, 7),)","(0, 1)","(0, 1)","[[0.615234375, 0.6126708984375], [0.585693359375, 0.57763671875]]",434875,6,2,2,2,2
2,2,2,2,4,1,3,erased_value,first,sink_equal,both,all,zero,0,0,4,4,2.0,2.0,4.0,0.0,0.0,0.0,4.0,0.0,0.0,0.615234375,0.0,0.0,1.0,0.0,4.0,4.0,65536,32,4,"((0, 2),)","((0, 4),)","((2, 6),)","((4, 7),)","(0, 1, 2, 3)","(0, 1, 2, 3)","[[0.615234375, 0.615234375, 0.615234375, 0.615234375], [0.615234375, 0.615234375, 0.615234375, 0.615234375], [0.615234375, 0.615234375, 0.615234375, 0.615234375], [0.615234375, 0.615234375, 0.615234375, 0.615234375]]",434875,6,2,2,2,2
2,2,2,2,4,1,1,cut,first,sink_equal,both,all,zero,0,0,2,2,1.0,1.0,2.0,0.0,0.0,0.0,2.0,0.0,0.0,0.18359375,0.0,0.0,1.0,0.0,4.0,4.0,65536,32,4,"((0, 2),)","((0, 4),)","((2, 6),)","((4, 7),)","(0, 1)","(0, 1)","[[0.18359375, 0.18359375], [0.18359375, 0.18359375]]",434876,7,2,2,2,2
2,2,2,2,4,1,1,erased_value,first,sink_equal,both,all,zero,0,0,4,4,2.0,2.0,4.0,0.0,0.0,0.0,4.0,0.0,0.0,0.18359375,0.0,0.0,1.0,0.0,4.0,4.0,65536,32,4,"((0, 2),)","((0, 4),)","((2, 6),)","((4, 7),)","(0, 1, 2, 3)","(0, 1, 2, 3)","[[0.18359375, 0.18359375, 0.18359375, 0.18359375], [0.18359375, 0.18359375, 0.18359375, 0.18359375], [0.18359375, 0.18359375, 0.18359375, 0.18359375], [0.18359375, 0.18359375, 0.18359375, 0.18359375]]",434876,7,2,2,2,2
2,2,2,2,4,1,2,cut,first,sink_equal,both,all,zero,0,0,2,2,1.0,1.0,2.0,9.140899833647519e-07,9.140899833647519e-07,0.004228414635171207,1.9957715853648288,0.0038865722143276507,0.00034092833086028784,0.1796875,0.0341796875,0.07657066741089875,1.0,0.0,4.0,4.0,65536,32,4,"((0, 2),)","((0, 4),)","((2, 6),)","((4, 7),)","(0, 1)","(0, 1)","[[0.169921875, 0.1630859375], [0.197265625, 0.1884765625]]",434876,7,2,2,2,2
2,2,2,2,4,1,2,erased_value,first,sink_equal,both,all,zero,0,0,4,4,2.0,2.0,4.0,0.0,0.0,0.0,4.0,0.0,0.0,0.169921875,0.0,0.0,1.0,0.0,4.0,4.0,65536,32,4,"((0, 2),)","((0, 4),)","((2, 6),)","((4, 7),)","(0, 1, 2, 3)","(0, 1, 2, 3)","[[0.169921875, 0.169921875, 0.169921875, 0.169921875], [0.169921875, 0.169921875, 0.169921875, 0.169921875], [0.169921875, 0.169921875, 0.169921875, 0.169921875], [0.169921875, 0.169921875, 0.169921875, 0.169921875]]",434876,7,2,2,2,2
2,2,2,2,4,1,3,cut,first,sink_equal,both,all,zero,0,0,2,2,1.0,1.0,2.0,1.351212468764804e-05,1.351212468764804e-05,0.01751370538328234,1.9824862946167177,0.016936319440587697,0.0005638738180071684,0.127716064453125,0.04620361328125,0.15546156272179426,1.0,0.0,4.0,4.0,65536,32,4,"((0, 2),)","((0, 4),)","((2, 6),)","((4, 7),)","(0, 1)","(0, 1)","[[0.11175537109375, 0.1046142578125], [0.15081787109375, 0.1436767578125]]",434876,7,2,2,2,2
2,2,2,2,4,1,3,erased_value,first,sink_equal,both,all,zero,0,0,4,4,2.0,2.0,4.0,0.0,0.0,0.0,4.0,0.0,0.0,0.11175537109375,0.0,0.0,1.0,0.0,4.0,4.0,65536,32,4,"((0, 2),)","((0, 4),)","((2, 6),)","((4, 7),)","(0, 1, 2, 3)","(0, 1, 2, 3)","[[0.11175537109375, 0.11175537109375, 0.11175537109375, 0.11175537109375], [0.11175537109375, 0.11175537109375, 0.11175537109375, 0.11175537109375], [0.11175537109375, 0.11175537109375, 0.11175537109375, 0.11175537109375], [0.11175537109375, 0.11175537109375, 0.11175537109375, 0.11175537109375]]",434876,7,2,2,2,2
2,2,2,2,4,1,1,cut,first,sink_equal,both,all,zero,0,0,2,2,1.0,1.0,2.0,0.0001536554432794348,0.0001536554432794348,0.008342744469263863,1.9916572555307361,0.0016363274061870076,0.006552761619797398,0.205078125,0.05859375,0.10816968277714807,1.0,0.0,4.0,4.0,65536,32,4,"((0, 2),)","((0, 4),)","((2, 6),)","((4, 7),)","(0, 1)","(0, 1)","[[0.1796875, 0.2109375], [0.19140625, 0.23828125]]",434877,8,2,2,2,2
2,2,2,2,4,1,1,erased_value,first,sink_equal,both,all,zero,0,0,4,4,2.0,2.0,4.0,0.0,0.0,0.0,4.0,0.0,0.0,0.1796875,0.0,0.0,1.0,0.0,4.0,4.0,65536,32,4,"((0, 2),)","((0, 4),)","((2, 6),)","((4, 7),)","(0, 1, 2, 3)","(0, 1, 2, 3)","[[0.1796875, 0.1796875, 0.1796875, 0.1796875], [0.1796875, 0.1796875, 0.1796875, 0.1796875], [0.1796875, 0.1796875, 0.1796875, 0.1796875], [0.1796875, 0.1796875, 0.1796875, 0.1796875]]",434877,8,2,2,2,2
2,2,2,2,4,1,2,cut,first,sink_equal,both,all,zero,0,0,2,2,1.0,1.0,2.0,2.4039580202775152e-05,2.4039580202775152e-05,0.004961956699334191,1.9950380433006658,0.0006528088883971904,0.0042851082307341845,0.332763671875,0.0712890625,0.08309343096151425,1.0,0.0,4.0,4.0,65536,32,4,"((0, 2),)","((0, 4),)","((2, 6),)","((4, 7),)","(0, 1)","(0, 1)","[[0.37109375, 0.314453125], [0.345703125, 0.2998046875]]",434877,8,2,2,2,2
2,2,2,2,4,1,2,erased_value,first,sink_equal,both,all,zero,0,0,4,4,2.0,2.0,4.0,0.0,0.0,0.0,4.0,0.0,0.0,0.37109375,0.0,0.0,1.0,0.0,4.0,4.0,65536,32,4,"((0, 2),)","((0, 4),)","((2, 6),)","((4, 7),)","(0, 1, 2, 3)","(0, 1, 2, 3)","[[0.37109375, 0.37109375, 0.37109375, 0.37109375], [0.37109375, 0.37109375, 0.37109375, 0.37109375], [0.37109375, 0.37109375, 0.37109375, 0.37109375], [0.37109375, 0.37109375, 0.37109375, 0.37109375]]",434877,8,2,2,2,2
2,2,2,2,4,1,3,cut,first,sink_equal,both,all,zero,0,0,2,2,1.0,1.0,2.0,4.486766728745454e-05,4.486766728745454e-05,4.8955535977501796e-05,1.9999510444640225,3.130018370148561e-06,9.57850319745386e-07,0.17214202880859375,0.0034332275390625,0.008240367202417853,1.0,0.0,4.0,4.0,65536,32,4,"((0, 2),)","((0, 4),)","((2, 6),)","((4, 7),)","(0, 1)","(0, 1)","[[0.172943115234375, 0.170623779296875], [0.1709442138671875, 0.1740570068359375]]",434877,8,2,2,2,2
2,2,2,2,4,1,3,erased_value,first,sink_equal,both,all,zero,0,0,4,4,2.0,2.0,4.0,0.0,0.0,0.0,4.0,0.0,0.0,0.172943115234375,0.0,0.0,1.0,0.0,4.0,4.0,65536,32,4,"((0, 2),)","((0, 4),)","((2, 6),)","((4, 7),)","(0, 1, 2, 3)","(0, 1, 2, 3)","[[0.172943115234375, 0.172943115234375, 0.172943115234375, 0.172943115234375], [0.172943115234375, 0.172943115234375, 0.172943115234375, 0.172943115234375], [0.172943115234375, 0.172943115234375, 0.172943115234375, 0.172943115234375], [0.172943115234375, 0.172943115234375, 0.172943115234375, 0.172943115234375]]",434877,8,2,2,2,2
2,2,2,2,4,1,1,cut,first,sink_equal,both,all,zero,0,0,2,2,1.0,1.0,2.0,3.690784767007983e-06,3.690784767007983e-06,0.016902684815655933,1.983097315184344,0.00010994754544837136,0.016789046485440454,0.2373046875,0.078125,0.15281847430145798,1.0,0.0,4.0,4.0,65536,32,4,"((0, 2),)","((0, 4),)","((2, 6),)","((4, 7),)","(0, 1)","(0, 1)","[[0.19921875, 0.26953125], [0.203125, 0.27734375]]",434878,9,2,2,2,2
2,2,2,2,4,1,1,erased_value,first,sink_equal,both,all,zero,0,0,4,4,2.0,2.0,4.0,0.0,0.0,0.0,4.0,0.0,0.0,0.19921875,0.0,0.0,1.0,0.0,4.0,4.0,65536,32,4,"((0, 2),)","((0, 4),)","((2, 6),)","((4, 7),)","(0, 1, 2, 3)","(0, 1, 2, 3)","[[0.19921875, 0.19921875, 0.19921875, 0.19921875], [0.19921875, 0.19921875, 0.19921875, 0.19921875], [0.19921875, 0.19921875, 0.19921875, 0.19921875], [0.19921875, 0.19921875, 0.19921875, 0.19921875]]",434878,9,2,2,2,2
2,2,2,2,4,1,2,cut,first,sink_equal,both,all,zero,0,0,2,2,1.0,1.0,2.0,0.00017662743697994827,0.00017662743697994827,0.003732748389367213,1.9962672516106328,0.0005515475081566447,0.0030045734442304822,0.2119140625,0.0390625,0.07153997555880195,1.0,0.0,4.0,4.0,65536,32,4,"((0, 2),)","((0, 4),)","((2, 6),)","((4, 7),)","(0, 1)","(0, 1)","[[0.189453125, 0.22265625], [0.20703125, 0.228515625]]",434878,9,2,2,2,2
2,2,2,2,4,1,2,erased_value,first,sink_equal,both,all,zero,0,0,4,4,2.0,2.0,4.0,0.0,0.0,0.0,4.0,0.0,0.0,0.189453125,0.0,0.0,1.0,0.0,4.0,4.0,65536,32,4,"((0, 2),)","((0, 4),)","((2, 6),)","((4, 7),)","(0, 1, 2, 3)","(0, 1, 2, 3)","[[0.189453125, 0.189453125, 0.189453125, 0.189453125], [0.189453125, 0.189453125, 0.189453125, 0.189453125], [0.189453125, 0.189453125, 0.189453125, 0.189453125], [0.189453125, 0.189453125, 0.189453125, 0.189453125]]",434878,9,2,2,2,2
2,2,2,2,4,1,3,cut,first,sink_equal,both,all,zero,0,0,2,2,1.0,1.0,2.0,4.84829375806883e-05,4.84829375806883e-05,0.0077721395918219915,1.992227860408178,0.007695732171624767,2.7924482616623232e-05,0.142242431640625,0.0318603515625,0.10375767344157366,1.0,0.0,4.0,4.0,65536,32,4,"((0, 2),)","((0, 4),)","((2, 6),)","((4, 7),)","(0, 1)","(0, 1)","[[0.15478515625, 0.1590576171875], [0.1279296875, 0.127197265625]]",434878,9,2,2,2,2
2,2,2,2,4,1,3,erased_value,first,sink_equal,both,all,zero,0,0,4,4,2.0,2.0,4.0,0.0,0.0,0.0,4.0,0.0,0.0,0.15478515625,0.0,0.0,1.0,0.0,4.0,4.0,65536,32,4,"((0, 2),)","((0, 4),)","((2, 6),)","((4, 7),)","(0, 1, 2, 3)","(0, 1, 2, 3)","[[0.15478515625, 0.15478515625, 0.15478515625, 0.15478515625], [0.15478515625, 0.15478515625, 0.15478515625, 0.15478515625], [0.15478515625, 0.15478515625, 0.15478515625, 0.15478515625], [0.15478515625, 0.15478515625, 0.15478515625, 0.15478515625]]",434878,9,2,2,2,2
2,2,2,2,4,1,1,cut,first,sink_equal,both,all,zero,0,0,2,2,1.0,1.0,2.0,0.0,0.0,0.0012527020638315456,1.9987472979361685,0.0012527020638316878,0.0,0.28125,0.0234375,0.041666666666666664,1.0,0.0,4.0,4.0,65536,32,4,"((0, 2),)","((0, 4),)","((2, 6),)","((4, 7),)","(0, 1)","(0, 1)","[[0.26953125, 0.26953125], [0.29296875, 0.29296875]]",434879,10,2,2,2,2
2,2,2,2,4,1,1,erased_value,first,sink_equal,both,all,zero,0,0,4,4,2.0,2.0,4.0,0.0,0.0,0.0,4.0,0.0,0.0,0.26953125,0.0,0.0,1.0,0.0,4.0,4.0,65536,32,4,"((0, 2),)","((0, 4),)","((2, 6),)","((4, 7),)","(0, 1, 2, 3)","(0, 1, 2, 3)","[[0.26953125, 0.26953125, 0.26953125, 0.26953125], [0.26953125, 0.26953125, 0.26953125, 0.26953125], [0.26953125, 0.26953125, 0.26953125, 0.26953125], [0.26953125, 0.26953125, 0.26953125, 0.26953125]]",434879,10,2,2,2,2
2,2,2,2,4,1,2,cut,first,sink_equal,both,all,zero,0,0,2,2,1.0,1.0,2.0,1.9237688349811144e-07,1.9237688349811144e-07,0.0010685561005014943,1.9989314438994985,1.9838558755098934e-06,0.001066379867742398,0.40484619140625,0.032470703125,0.038482553096034794,1.0,0.0,4.0,4.0,65536,32,4,"((0, 2),)","((0, 4),)","((2, 6),)","((4, 7),)","(0, 1)","(0, 1)","[[0.4208984375, 0.39013671875], [0.419921875, 0.388427734375]]",434879,10,2,2,2,2
2,2,2,2,4,1,2,erased_value,first,sink_equal,both,all,zero,0,0,4,4,2.0,2.0,4.0,0.0,0.0,0.0,4.0,0.0,0.0,0.4208984375,0.0,0.0,1.0,0.0,4.0,4.0,65536,32,4,"((0, 2),)","((0, 4),)","((2, 6),)","((4, 7),)","(0, 1, 2, 3)","(0, 1, 2, 3)","[[0.4208984375, 0.4208984375, 0.4208984375, 0.4208984375], [0.4208984375, 0.4208984375, 0.4208984375, 0.4208984375], [0.4208984375, 0.4208984375, 0.4208984375, 0.4208984375], [0.4208984375, 0.4208984375, 0.4208984375, 0.4208984375]]",434879,10,2,2,2,2
2,2,2,2,4,1,3,cut,first,sink_equal,both,all,zero,0,0,2,2,1.0,1.0,2.0,6.093462554462381e-08,6.093462554462381e-08,0.0013245332545159805,1.998675466745484,3.459502336280833e-05,0.001289877296527655,0.41864013671875,0.04119873046875,0.04284758151837868,1.0,0.0,4.0,4.0,65536,32,4,"((0, 2),)","((0, 4),)","((2, 6),)","((4, 7),)","(0, 1)","(0, 1)","[[0.398284912109375, 0.433197021484375], [0.403594970703125, 0.439483642578125]]",434879,10,2,2,2,2
2,2,2,2,4,1,3,erased_value,first,sink_equal,both,all,zero,0,0,4,4,2.0,2.0,4.0,0.0,0.0,0.0,4.0,0.0,0.0,0.398284912109375,0.0,0.0,1.0,0.0,4.0,4.0,65536,32,4,"((0, 2),)","((0, 4),)","((2, 6),)","((4, 7),)","(0, 1, 2, 3)","(0, 1, 2, 3)","[[0.398284912109375, 0.398284912109375, 0.398284912109375, 0.398284912109375], [0.398284912109375, 0.398284912109375, 0.398284912109375, 0.398284912109375], [0.398284912109375, 0.398284912109375, 0.398284912109375, 0.398284912109375], [0.398284912109375, 0.398284912109375, 0.398284912109375, 0.398284912109375]]",434879,10,2,2,2,2
2,2,2,2,4,1,1,cut,first,sink_equal,both,all,zero,0,0,2,2,1.0,1.0,2.0,0.0,0.0,6.799499040388568e-05,1.9999320050095961,0.0,6.799499040368098e-05,0.40234375,0.0078125,0.009708737864077669,1.0,0.0,4.0,4.0,65536,32,4,"((0, 2),)","((0, 4),)","((2, 6),)","((4, 7),)","(0, 1)","(0, 1)","[[0.3984375, 0.40625], [0.3984375, 0.40625]]",434880,11,2,2,2,2
2,2,2,2,4,1,1,erased_value,first,sink_equal,both,all,zero,0,0,4,4,2.0,2.0,4.0,0.0,0.0,0.0,4.0,0.0,0.0,0.3984375,0.0,0.0,1.0,0.0,4.0,4.0,65536,32,4,"((0, 2),)","((0, 4),)","((2, 6),)","((4, 7),)","(0, 1, 2, 3)","(0, 1, 2, 3)","[[0.3984375, 0.3984375, 0.3984375, 0.3984375], [0.3984375, 0.3984375, 0.3984375, 0.3984375], [0.3984375, 0.3984375, 0.3984375, 0.3984375], [0.3984375, 0.3984375, 0.3984375, 0.3984375]]",434880,11,2,2,2,2
2,2,2,2,4,1,2,cut,first,sink_equal,both,all,zero,0,0,2,2,1.0,1.0,2.0,0.00013487486456481828,0.00013487486456481828,0.11068395198495917,1.8893160480150408,0.11043111491751084,0.00011796220288363794,0.19091796875,0.15234375,0.3864770865547559,1.0,0.0,4.0,4.0,65536,32,4,"((0, 2),)","((0, 4),)","((2, 6),)","((4, 7),)","(0, 1)","(0, 1)","[[0.12109375, 0.11328125], [0.265625, 0.263671875]]",434880,11,2,2,2,2
2,2,2,2,4,1,2,erased_value,first,sink_equal,both,all,zero,0,0,4,4,2.0,2.0,4.0,0.0,0.0,0.0,4.0,0.0,0.0,0.12109375,0.0,0.0,1.0,0.0,4.0,4.0,65536,32,4,"((0, 2),)","((0, 4),)","((2, 6),)","((4, 7),)","(0, 1, 2, 3)","(0, 1, 2, 3)","[[0.12109375, 0.12109375, 0.12109375, 0.12109375], [0.12109375, 0.12109375, 0.12109375, 0.12109375], [0.12109375, 0.12109375, 0.12109375, 0.12109375], [0.12109375, 0.12109375, 0.12109375, 0.12109375]]",434880,11,2,2,2,2
2,2,2,2,4,1,3,cut,first,sink_equal,both,all,zero,0,0,2,2,1.0,1.0,2.0,4.687181033581644e-06,4.687181033581644e-06,0.0013571647309187362,1.9986428352690813,0.0013524775498849617,0.0,0.28759765625,0.0263671875,0.043368556110169106,1.0,0.0,4.0,4.0,65536,32,4,"((0, 2),)","((0, 4),)","((2, 6),)","((4, 7),)","(0, 1)","(0, 1)","[[0.27587890625, 0.2744140625], [0.29931640625, 0.30078125]]",434880,11,2,2,2,2
2,2,2,2,4,1,3,erased_value,first,sink_equal,both,all,zero,0,0,4,4,2.0,2.0,4.0,0.0,0.0,0.0,4.0,0.0,0.0,0.27587890625,0.0,0.0,1.0,0.0,4.0,4.0,65536,32,4,"((0, 2),)","((0, 4),)","((2, 6),)","((4, 7),)","(0, 1, 2, 3)","(0, 1, 2, 3)","[[0.27587890625, 0.27587890625, 0.27587890625, 0.27587890625], [0.27587890625, 0.27587890625, 0.27587890625, 0.27587890625], [0.27587890625, 0.27587890625, 0.27587890625, 0.27587890625], [0.27587890625, 0.27587890625, 0.27587890625, 0.27587890625]]",434880,11,2,2,2,2
2,2,2,2,4,1,1,cut,first,sink_equal,both,all,zero,0,0,2,2,1.0,1.0,2.0,-5.125482406103869e-17,-5.125482406103869e-17,0.05809881109066284,1.9419011889093372,0.02904940554533139,0.02904940554533139,0.1953125,0.15625,0.28565713714171403,1.0,0.0,4.0,4.0,65536,32,4,"((0, 2),)","((0, 4),)","((2, 6),)","((4, 7),)","(0, 1)","(0, 1)","[[0.1875, 0.125], [0.28125, 0.1875]]",434881,12,2,2,2,2
2,2,2,2,4,1,1,erased_value,first,sink_equal,both,all,zero,0,0,4,4,2.0,2.0,4.0,0.0,0.0,0.0,4.0,0.0,0.0,0.1875,0.0,0.0,1.0,0.0,4.0,4.0,65536,32,4,"((0, 2),)","((0, 4),)","((2, 6),)","((4, 7),)","(0, 1, 2, 3)","(0, 1, 2, 3)","[[0.1875, 0.1875, 0.1875, 0.1875], [0.1875, 0.1875, 0.1875, 0.1875], [0.1875, 0.1875, 0.1875, 0.1875], [0.1875, 0.1875, 0.1875, 0.1875]]",434881,12,2,2,2,2
2,2,2,2,4,1,2,cut,first,sink_equal,both,all,zero,0,0,2,2,1.0,1.0,2.0,0.0014206761873974422,0.0014206761873974422,0.039569439289186326,1.9604305607108137,0.03592123519177104,0.0022275279100180123,0.0703125,0.0390625,0.2357022603955158,1.0,0.0,4.0,4.0,65536,32,4,"((0, 2),)","((0, 4),)","((2, 6),)","((4, 7),)","(0, 1)","(0, 1)","[[0.09375, 0.078125], [0.0546875, 0.0546875]]",434881,12,2,2,2,2
2,2,2,2,4,1,2,erased_value,first,sink_equal,both,all,zero,0,0,4,4,2.0,2.0,4.0,0.0,0.0,0.0,4.0,0.0,0.0,0.09375,0.0,0.0,1.0,0.0,4.0,4.0,65536,32,4,"((0, 2),)","((0, 4),)","((2, 6),)","((4, 7),)","(0, 1, 2, 3)","(0, 1, 2, 3)","[[0.09375, 0.09375, 0.09375, 0.09375], [0.09375, 0.09375, 0.09375, 0.09375], [0.09375, 0.09375, 0.09375, 0.09375], [0.09375, 0.09375, 0.09375, 0.09375]]",434881,12,2,2,2,2
2,2,2,2,4,1,3,cut,first,sink_equal,both,all,zero,0,0,2,2,1.0,1.0,2.0,0.142024663017438,0.142024663017438,0.5098768428176008,1.4901231571823992,0.3358406720471924,0.032011507752970375,0.019775390625,0.0341796875,0.7004473062965078,0.75,0.0,4.0,4.0,65536,32,4,"((0, 2),)","((0, 4),)","((2, 6),)","((4, 7),)","(0, 1)","(0, 1)","[[0.013671875, 0.0], [0.0341796875, 0.03125]]",434881,12,2,2,2,2
2,2,2,2,4,1,3,erased_value,first,sink_equal,both,all,zero,0,0,4,4,2.0,2.0,4.0,0.0,0.0,0.0,4.0,0.0,0.0,0.013671875,0.0,0.0,1.0,0.0,4.0,4.0,65536,32,4,"((0, 2),)","((0, 4),)","((2, 6),)","((4, 7),)","(0, 1, 2, 3)","(0, 1, 2, 3)","[[0.013671875, 0.013671875, 0.013671875, 0.013671875], [0.013671875, 0.013671875, 0.013671875, 0.013671875], [0.013671875, 0.013671875, 0.013671875, 0.013671875], [0.013671875, 0.013671875, 0.013671875, 0.013671875]]",434881,12,2,2,2,2
2,2,2,2,4,1,1,cut,first,sink_equal,both,all,zero,0,0,2,2,1.0,1.0,2.0,0.0,0.0,0.0005084885693737995,1.9994915114306262,0.0005084885693739175,0.0,0.220703125,0.01171875,0.02654867256637168,1.0,0.0,4.0,4.0,65536,32,4,"((0, 2),)","((0, 4),)","((2, 6),)","((4, 7),)","(0, 1)","(0, 1)","[[0.21484375, 0.21484375], [0.2265625, 0.2265625]]",434882,13,2,2,2,2
2,2,2,2,4,1,1,erased_value,first,sink_equal,both,all,zero,0,0,4,4,2.0,2.0,4.0,0.0,0.0,0.0,4.0,0.0,0.0,0.21484375,0.0,0.0,1.0,0.0,4.0,4.0,65536,32,4,"((0, 2),)","((0, 4),)","((2, 6),)","((4, 7),)","(0, 1, 2, 3)","(0, 1, 2, 3)","[[0.21484375, 0.21484375, 0.21484375, 0.21484375], [0.21484375, 0.21484375, 0.21484375, 0.21484375], [0.21484375, 0.21484375, 0.21484375, 0.21484375], [0.21484375, 0.21484375, 0.21484375, 0.21484375]]",434882,13,2,2,2,2
2,2,2,2,4,1,2,cut,first,sink_equal,both,all,zero,0,0,2,2,1.0,1.0,2.0,0.012619480613734843,0.012619480613734843,0.029419707039535004,1.970580292960465,0.006552761619797315,0.01024746480600279,0.0205078125,0.009765625,0.19342948582466574,1.0,0.0,4.0,4.0,65536,32,4,"((0, 2),)","((0, 4),)","((2, 6),)","((4, 7),)","(0, 1)","(0, 1)","[[0.0224609375, 0.0224609375], [0.0234375, 0.013671875]]",434882,13,2,2,2,2
2,2,2,2,4,1,2,erased_value,first,sink_equal,both,all,zero,0,0,4,4,2.0,2.0,4.0,0.0,0.0,0.0,4.0,0.0,0.0,0.0224609375,0.0,0.0,1.0,0.0,4.0,4.0,65536,32,4,"((0, 2),)","((0, 4),)","((2, 6),)","((4, 7),)","(0, 1, 2, 3)","(0, 1, 2, 3)","[[0.0224609375, 0.0224609375, 0.0224609375, 0.0224609375], [0.0224609375, 0.0224609375, 0.0224609375, 0.0224609375], [0.0224609375, 0.0224609375, 0.0224609375, 0.0224609375], [0.0224609375, 0.0224609375, 0.0224609375, 0.0224609375]]",434882,13,2,2,2,2
2,2,2,2,4,1,3,cut,first,sink_equal,both,all,zero,0,0,2,2,1.0,1.0,2.0,0.0,0.0,0.05433969539936001,1.94566030460064,0.05433969539935987,0.0,0.002685546875,0.00146484375,0.2727272727272727,1.0,0.0,4.0,4.0,65536,32,4,"((0, 2),)","((0, 4),)","((2, 6),)","((4, 7),)","(0, 1)","(0, 1)","[[0.001953125, 0.001953125], [0.00341796875, 0.00341796875]]",434882,13,2,2,2,2
2,2,2,2,4,1,3,erased_value,first,sink_equal,both,all,zero,0,0,4,4,2.0,2.0,4.0,0.0,0.0,0.0,4.0,0.0,0.0,0.001953125,0.0,0.0,1.0,0.0,4.0,4.0,65536,32,4,"((0, 2),)","((0, 4),)","((2, 6),)","((4, 7),)","(0, 1, 2, 3)","(0, 1, 2, 3)","[[0.001953125, 0.001953125, 0.001953125, 0.001953125], [0.001953125, 0.001953125, 0.001953125, 0.001953125], [0.001953125, 0.001953125, 0.001953125, 0.001953125], [0.001953125, 0.001953125, 0.001953125, 0.001953125]]",434882,13,2,2,2,2
2,2,2,2,4,1,1,cut,first,sink_equal,both,all,zero,0,0,2,2,1.0,1.0,2.0,0.0008281574950981755,0.0008281574950981755,0.0033073478688521174,1.9966926521311479,0.0023838853922375502,9.530498151651134e-05,0.0849609375,0.015625,0.06800091704712202,1.0,0.0,4.0,4.0,65536,32,4,"((0, 2),)","((0, 4),)","((2, 6),)","((4, 7),)","(0, 1)","(0, 1)","[[0.08203125, 0.078125], [0.0859375, 0.09375]]",434883,14,2,2,2,2
2,2,2,2,4,1,1,erased_value,first,sink_equal,both,all,zero,0,0,4,4,2.0,2.0,4.0,0.0,0.0,0.0,4.0,0.0,0.0,0.08203125,0.0,0.0,1.0,0.0,4.0,4.0,65536,32,4,"((0, 2),)","((0, 4),)","((2, 6),)","((4, 7),)","(0, 1, 2, 3)","(0, 1, 2, 3)","[[0.08203125, 0.08203125, 0.08203125, 0.08203125], [0.08203125, 0.08203125, 0.08203125, 0.08203125], [0.08203125, 0.08203125, 0.08203125, 0.08203125], [0.08203125, 0.08203125, 0.08203125, 0.08203125]]",434883,14,2,2,2,2
2,2,2,2,4,1,2,cut,first,sink_equal,both,all,zero,0,0,2,2,1.0,1.0,2.0,0.00018199052485112083,0.00018199052485112083,0.13324606827180885,1.8667539317281912,0.1316891912958896,0.001374886451067963,0.24609375,0.228515625,0.42291237305551455,1.0,0.0,4.0,4.0,65536,32,4,"((0, 2),)","((0, 4),)","((2, 6),)","((4, 7),)","(0, 1)","(0, 1)","[[0.361328125, 0.337890625], [0.15234375, 0.1328125]]",434883,14,2,2,2,2
2,2,2,2,4,1,2,erased_value,first,sink_equal,both,all,zero,0,0,4,4,2.0,2.0,4.0,0.0,0.0,0.0,4.0,0.0,0.0,0.361328125,0.0,0.0,1.0,0.0,4.0,4.0,65536,32,4,"((0, 2),)","((0, 4),)","((2, 6),)","((4, 7),)","(0, 1, 2, 3)","(0, 1, 2, 3)","[[0.361328125, 0.361328125, 0.361328125, 0.361328125], [0.361328125, 0.361328125, 0.361328125, 0.361328125], [0.361328125, 0.361328125, 0.361328125, 0.361328125], [0.361328125, 0.361328125, 0.361328125, 0.361328125]]",434883,14,2,2,2,2
2,2,2,2,4,1,3,cut,first,sink_equal,both,all,zero,0,0,2,2,1.0,1.0,2.0,7.5396106416038885e-06,7.5396106416038885e-06,0.11875622085277637,1.8812437791472236,0.11870910076930727,3.958047282716197e-05,0.263671875,0.21484375,0.4000685812263934,1.0,0.0,4.0,4.0,65536,32,4,"((0, 2),)","((0, 4),)","((2, 6),)","((4, 7),)","(0, 1)","(0, 1)","[[0.37109375, 0.3671875], [0.16015625, 0.15625]]",434883,14,2,2,2,2
2,2,2,2,4,1,3,erased_value,first,sink_equal,both,all,zero,0,0,4,4,2.0,2.0,4.0,0.0,0.0,0.0,4.0,0.0,0.0,0.37109375,0.0,0.0,1.0,0.0,4.0,4.0,65536,32,4,"((0, 2),)","((0, 4),)","((2, 6),)","((4, 7),)","(0, 1, 2, 3)","(0, 1, 2, 3)","[[0.37109375, 0.37109375, 0.37109375, 0.37109375], [0.37109375, 0.37109375, 0.37109375, 0.37109375], [0.37109375, 0.37109375, 0.37109375, 0.37109375], [0.37109375, 0.37109375, 0.37109375, 0.37109375]]",434883,14,2,2,2,2
2,2,2,2,4,1,1,cut,first,sink_equal,both,all,zero,0,0,2,2,1.0,1.0,2.0,0.0008504898437879591,0.0008504898437879591,0.03410836086943703,1.965891639130563,0.030454989470759697,0.002802881554889794,0.3291015625,0.17578125,0.21502606545391473,1.0,0.0,4.0,4.0,65536,32,4,"((0, 2),)","((0, 4),)","((2, 6),)","((4, 7),)","(0, 1)","(0, 1)","[[0.2890625, 0.234375], [0.41015625, 0.3828125]]",434884,15,2,2,2,2
2,2,2,2,4,1,1,erased_value,first,sink_equal,both,all,zero,0,0,4,4,2.0,2.0,4.0,0.0,0.0,0.0,4.0,0.0,0.0,0.2890625,0.0,0.0,1.0,0.0,4.0,4.0,65536,32,4,"((0, 2),)","((0, 4),)","((2, 6),)","((4, 7),)","(0, 1, 2, 3)","(0, 1, 2, 3)","[[0.2890625, 0.2890625, 0.2890625, 0.2890625], [0.2890625, 0.2890625, 0.2890625, 0.2890625], [0.2890625, 0.2890625, 0.2890625, 0.2890625], [0.2890625, 0.2890625, 0.2890625, 0.2890625]]",434884,15,2,2,2,2
2,2,2,2,4,1,2,cut,first,sink_equal,both,all,zero,0,0,2,2,1.0,1.0,2.0,0.001090217430559438,0.001090217430559438,0.007207187139190108,1.99279281286081,0.003336150492320715,0.0027808192163101333,0.247802734375,0.064453125,0.09830024266390333,1.0,0.0,4.0,4.0,65536,32,4,"((0, 2),)","((0, 4),)","((2, 6),)","((4, 7),)","(0, 1)","(0, 1)","[[0.271484375, 0.2578125], [0.2548828125, 0.20703125]]",434884,15,2,2,2,2
2,2,2,2,4,1,2,erased_value,first,sink_equal,both,all,zero,0,0,4,4,2.0,2.0,4.0,0.0,0.0,0.0,4.0,0.0,0.0,0.271484375,0.0,0.0,1.0,0.0,4.0,4.0,65536,32,4,"((0, 2),)","((0, 4),)","((2, 6),)","((4, 7),)","(0, 1, 2, 3)","(0, 1, 2, 3)","[[0.271484375, 0.271484375, 0.271484375, 0.271484375], [0.271484375, 0.271484375, 0.271484375, 0.271484375], [0.271484375, 0.271484375, 0.271484375, 0.271484375], [0.271484375, 0.271484375, 0.271484375, 0.271484375]]",434884,15,2,2,2,2
2,2,2,2,4,1,3,cut,first,sink_equal,both,all,zero,0,0,2,2,1.0,1.0,2.0,9.007956538633656e-05,9.007956538633656e-05,0.0005494838308128802,1.9994505161691871,0.00029250126548118274,0.00016690299994553438,0.210662841796875,0.014892578125,0.027475043097681683,1.0,0.0,4.0,4.0,65536,32,4,"((0, 2),)","((0, 4),)","((2, 6),)","((4, 7),)","(0, 1)","(0, 1)","[[0.200927734375, 0.2119140625], [0.2139892578125, 0.2158203125]]",434884,15,2,2,2,2
2,2,2,2,4,1,3,erased_value,first,sink_equal,both,all,zero,0,0,4,4,2.0,2.0,4.0,0.0,0.0,0.0,4.0,0.0,0.0,0.200927734375,0.0,0.0,1.0,0.0,4.0,4.0,65536,32,4,"((0, 2),)","((0, 4),)","((2, 6),)","((4, 7),)","(0, 1, 2, 3)","(0, 1, 2, 3)","[[0.200927734375, 0.200927734375, 0.200927734375, 0.200927734375], [0.200927734375, 0.200927734375, 0.200927734375, 0.200927734375], [0.200927734375, 0.200927734375, 0.200927734375, 0.200927734375], [0.200927734375, 0.200927734375, 0.200927734375, 0.200927734375]]",434884,15,2,2,2,2
2,2,2,2,4,1,1,cut,first,sink_equal,both,all,zero,0,0,2,2,1.0,1.0,2.0,0.0012208226331971161,0.0012208226331971161,0.027500925772296902,1.972499074227703,0.02616451801085877,0.00011558512824115172,0.154296875,0.0703125,0.194046958439948,1.0,0.0,4.0,4.0,65536,32,4,"((0, 2),)","((0, 4),)","((2, 6),)","((4, 7),)","(0, 1)","(0, 1)","[[0.1796875, 0.1875], [0.1328125, 0.1171875]]",434885,16,2,2,2,2
2,2,2,2,4,1,1,erased_value,first,sink_equal,both,all,zero,0,0,4,4,2.0,2.0,4.0,0.0,0.0,0.0,4.0,0.0,0.0,0.1796875,0.0,0.0,1.0,0.0,4.0,4.0,65536,32,4,"((0, 2),)","((0, 4),)","((2, 6),)","((4, 7),)","(0, 1, 2, 3)","(0, 1, 2, 3)","[[0.1796875, 0.1796875, 0.1796875, 0.1796875], [0.1796875, 0.1796875, 0.1796875, 0.1796875], [0.1796875, 0.1796875, 0.1796875, 0.1796875], [0.1796875, 0.1796875, 0.1796875, 0.1796875]]",434885,16,2,2,2,2
2,2,2,2,4,1,2,cut,first,sink_equal,both,all,zero,0,0,2,2,1.0,1.0,2.0,9.581901224496115e-06,9.581901224496115e-06,0.00031305738515396975,1.999686942614846,0.00015971869117686194,0.0001437567927524818,0.3199462890625,0.0185546875,0.02079621529936916,1.0,0.0,4.0,4.0,65536,32,4,"((0, 2),)","((0, 4),)","((2, 6),)","((4, 7),)","(0, 1)","(0, 1)","[[0.3095703125, 0.32080078125], [0.3212890625, 0.328125]]",434885,16,2,2,2,2
2,2,2,2,4,1,2,erased_value,first,sink_equal,both,all,zero,0,0,4,4,2.0,2.0,4.0,0.0,0.0,0.0,4.0,0.0,0.0,0.3095703125,0.0,0.0,1.0,0.0,4.0,4.0,65536,32,4,"((0, 2),)","((0, 4),)","((2, 6),)","((4, 7),)","(0, 1, 2, 3)","(0, 1, 2, 3)","[[0.3095703125, 0.3095703125, 0.3095703125, 0.3095703125], [0.3095703125, 0.3095703125, 0.3095703125, 0.3095703125], [0.3095703125, 0.3095703125, 0.3095703125, 0.3095703125], [0.3095703125, 0.3095703125, 0.3095703125, 0.3095703125]]",434885,16,2,2,2,2
2,2,2,2,4,1,3,cut,first,sink_equal,both,all,zero,0,0,2,2,1.0,1.0,2.0,1.2558148530845796e-05,1.2558148530845796e-05,0.0010009339348471258,1.9989990660651529,0.00016899027839211572,0.0008193855079240558,0.4396514892578125,0.0430908203125,0.037308288630758316,1.0,0.0,4.0,4.0,65536,32,4,"((0, 2),)","((0, 4),)","((2, 6),)","((4, 7),)","(0, 1)","(0, 1)","[[0.4632568359375, 0.42950439453125], [0.4456787109375, 0.420166015625]]",434885,16,2,2,2,2
2,2,2,2,4,1,3,erased_value,first,sink_equal,both,all,zero,0,0,4,4,2.0,2.0,4.0,0.0,0.0,0.0,4.0,0.0,0.0,0.4632568359375,0.0,0.0,1.0,0.0,4.0,4.0,65536,32,4,"((0, 2),)","((0, 4),)","((2, 6),)","((4, 7),)","(0, 1, 2, 3)","(0, 1, 2, 3)","[[0.4632568359375, 0.4632568359375, 0.4632568359375, 0.4632568359375], [0.4632568359375, 0.4632568359375, 0.4632568359375, 0.4632568359375], [0.4632568359375, 0.4632568359375, 0.4632568359375, 0.4632568359375], [0.4632568359375, 0.4632568359375, 0.4632568359375, 0.4632568359375]]",434885,16,2,2,2,2
2,2,2,2,4,1,1,cut,first,sink_equal,both,all,zero,0,0,2,2,1.0,1.0,2.0,0.0,0.0,0.0010765290825336393,1.9989234709174664,0.001076529082533459,0.0,0.455078125,0.03515625,0.03862660944206009,1.0,0.0,4.0,4.0,65536,32,4,"((0, 2),)","((0, 4),)","((2, 6),)","((4, 7),)","(0, 1)","(0, 1)","[[0.4375, 0.4375], [0.47265625, 0.47265625]]",434886,17,2,2,2,2
2,2,2,2,4,1,1,erased_value,first,sink_equal,both,all,zero,0,0,4,4,2.0,2.0,4.0,0.0,0.0,0.0,4.0,0.0,0.0,0.4375,0.0,0.0,1.0,0.0,4.0,4.0,65536,32,4,"((0, 2),)","((0, 4),)","((2, 6),)","((4, 7),)","(0, 1, 2, 3)","(0, 1, 2, 3)","[[0.4375, 0.4375, 0.4375, 0.4375], [0.4375, 0.4375, 0.4375, 0.4375], [0.4375, 0.4375, 0.4375, 0.4375], [0.4375, 0.4375, 0.4375, 0.4375]]",434886,17,2,2,2,2
2,2,2,2,4,1,2,cut,first,sink_equal,both,all,zero,0,0,2,2,1.0,1.0,2.0,4.48273372091149e-06,4.48273372091149e-06,0.0018530965473559924,1.998146903452644,0.0011148427990565063,0.0007337710145784923,0.4937744140625,0.0703125,0.050632797958112104,1.0,0.0,4.0,4.0,65536,32,4,"((0, 2),)","((0, 4),)","((2, 6),)","((4, 7),)","(0, 1)","(0, 1)","[[0.498046875, 0.5283203125], [0.4580078125, 0.49072265625]]",434886,17,2,2,2,2
2,2,2,2,4,1,2,erased_value,first,sink_equal,both,all,zero,0,0,4,4,2.0,2.0,4.0,0.0,0.0,0.0,4.0,0.0,0.0,0.498046875,0.0,0.0,1.0,0.0,4.0,4.0,65536,32,4,"((0, 2),)","((0, 4),)","((2, 6),)","((4, 7),)","(0, 1, 2, 3)","(0, 1, 2, 3)","[[0.498046875, 0.498046875, 0.498046875, 0.498046875], [0.498046875, 0.498046875, 0.498046875, 0.498046875], [0.498046875, 0.498046875, 0.498046875, 0.498046875], [0.498046875, 0.498046875, 0.498046875, 0.498046875]]",434886,17,2,2,2,2
2,2,2,2,4,1,3,cut,first,sink_equal,both,all,zero,0,0,2,2,1.0,1.0,2.0,9.747993154230567e-06,9.747993154230567e-06,5.3776387655135593e-05,1.9999462236123449,4.3351041161342196e-05,6.773533396241954e-07,0.4409027099609375,0.01007080078125,0.00863094856786536,1.0,0.0,4.0,4.0,65536,32,4,"((0, 2),)","((0, 4),)","((2, 6),)","((4, 7),)","(0, 1)","(0, 1)","[[0.4431304931640625, 0.4455108642578125], [0.4395294189453125, 0.4354400634765625]]",434886,17,2,2,2,2
2,2,2,2,4,1,3,erased_value,first,sink_equal,both,all,zero,0,0,4,4,2.0,2.0,4.0,0.0,0.0,0.0,4.0,0.0,0.0,0.4431304931640625,0.0,0.0,1.0,0.0,4.0,4.0,65536,32,4,"((0, 2),)","((0, 4),)","((2, 6),)","((4, 7),)","(0, 1, 2, 3)","(0, 1, 2, 3)","[[0.4431304931640625, 0.4431304931640625, 0.4431304931640625, 0.4431304931640625], [0.4431304931640625, 0.4431304931640625, 0.4431304931640625, 0.4431304931640625], [0.4431304931640625, 0.4431304931640625, 0.4431304931640625, 0.4431304931640625], [0.4431304931640625, 0.4431304931640625, 0.4431304931640625, 0.4431304931640625]]",434886,17,2,2,2,2
2,2,2,2,4,1,1,cut,first,sink_equal,both,all,zero,0,0,2,2,1.0,1.0,2.0,5.405854528049486e-05,5.405854528049486e-05,0.001144738077851315,1.9988552619221487,0.00010904816013853486,0.0009816313724321825,0.4765625,0.046875,0.039735080798494506,1.0,0.0,4.0,4.0,65536,32,4,"((0, 2),)","((0, 4),)","((2, 6),)","((4, 7),)","(0, 1)","(0, 1)","[[0.49609375, 0.46875], [0.4921875, 0.44921875]]",434887,18,2,2,2,2
2,2,2,2,4,1,1,erased_value,first,sink_equal,both,all,zero,0,0,4,4,2.0,2.0,4.0,0.0,0.0,0.0,4.0,0.0,0.0,0.49609375,0.0,0.0,1.0,0.0,4.0,4.0,65536,32,4,"((0, 2),)","((0, 4),)","((2, 6),)","((4, 7),)","(0, 1, 2, 3)","(0, 1, 2, 3)","[[0.49609375, 0.49609375, 0.49609375, 0.49609375], [0.49609375, 0.49609375, 0.49609375, 0.49609375], [0.49609375, 0.49609375, 0.49609375, 0.49609375], [0.49609375, 0.49609375, 0.49609375, 0.49609375]]",434887,18,2,2,2,2
2,2,2,2,4,1,2,cut,first,sink_equal,both,all,zero,0,0,2,2,1.0,1.0,2.0,1.5888481048323714e-05,1.5888481048323714e-05,0.0025499675569737867,1.9974500324430262,0.0002268126185919657,0.002307266457333375,0.3648681640625,0.05419921875,0.059528190506146404,1.0,0.0,4.0,4.0,65536,32,4,"((0, 2),)","((0, 4),)","((2, 6),)","((4, 7),)","(0, 1)","(0, 1)","[[0.33984375, 0.376953125], [0.3486328125, 0.39404296875]]",434887,18,2,2,2,2
2,2,2,2,4,1,2,erased_value,first,sink_equal,both,all,zero,0,0,4,4,2.0,2.0,4.0,0.0,0.0,0.0,4.0,0.0,0.0,0.33984375,0.0,0.0,1.0,0.0,4.0,4.0,65536,32,4,"((0, 2),)","((0, 4),)","((2, 6),)","((4, 7),)","(0, 1, 2, 3)","(0, 1, 2, 3)","[[0.33984375, 0.33984375, 0.33984375, 0.33984375], [0.33984375, 0.33984375, 0.33984375, 0.33984375], [0.33984375, 0.33984375, 0.33984375, 0.33984375], [0.33984375, 0.33984375, 0.33984375, 0.33984375]]",434887,18,2,2,2,2
2,2,2,2,4,1,3,cut,first,sink_equal,both,all,zero,0,0,2,2,1.0,1.0,2.0,3.388509153720272e-08,3.388509153720272e-08,0.000237127039134144,1.9997628729608659,0.0001615710923238787,7.552206171864903e-05,0.30944061279296875,0.015594482421875,0.018133049643236962,1.0,0.0,4.0,4.0,65536,32,4,"((0, 2),)","((0, 4),)","((2, 6),)","((4, 7),)","(0, 1)","(0, 1)","[[0.307861328125, 0.3017578125], [0.317352294921875, 0.310791015625]]",434887,18,2,2,2,2
2,2,2,2,4,1,3,erased_value,first,sink_equal,both,all,zero,0,0,4,4,2.0,2.0,4.0,0.0,0.0,0.0,4.0,0.0,0.0,0.307861328125,0.0,0.0,1.0,0.0,4.0,4.0,65536,32,4,"((0, 2),)","((0, 4),)","((2, 6),)","((4, 7),)","(0, 1, 2, 3)","(0, 1, 2, 3)","[[0.307861328125, 0.307861328125, 0.307861328125, 0.307861328125], [0.307861328125, 0.307861328125, 0.307861328125, 0.307861328125], [0.307861328125, 0.307861328125, 0.307861328125, 0.307861328125], [0.307861328125, 0.307861328125, 0.307861328125, 0.307861328125]]",434887,18,2,2,2,2
2,2,2,2,4,1,1,cut,first,sink_equal,both,all,zero,0,0,2,2,1.0,1.0,2.0,0.0017006407393710087,0.0017006407393710087,0.006397125256213609,1.9936028747437864,0.0,0.004696484516842778,0.12109375,0.03125,0.09404761120718227,1.0,0.0,4.0,4.0,65536,32,4,"((0, 2),)","((0, 4),)","((2, 6),)","((4, 7),)","(0, 1)","(0, 1)","[[0.13671875, 0.10546875], [0.125, 0.1171875]]",434888,19,2,2,2,2
2,2,2,2,4,1,1,erased_value,first,sink_equal,both,all,zero,0,0,4,4,2.0,2.0,4.0,0.0,0.0,0.0,4.0,0.0,0.0,0.13671875,0.0,0.0,1.0,0.0,4.0,4.0,65536,32,4,"((0, 2),)","((0, 4),)","((2, 6),)","((4, 7),)","(0, 1, 2, 3)","(0, 1, 2, 3)","[[0.13671875, 0.13671875, 0.13671875, 0.13671875], [0.13671875, 0.13671875, 0.13671875, 0.13671875], [0.13671875, 0.13671875, 0.13671875, 0.13671875], [0.13671875, 0.13671875, 0.13671875, 0.13671875]]",434888,19,2,2,2,2
2,2,2,2,4,1,2,cut,first,sink_equal,both,all,zero,0,0,2,2,1.0,1.0,2.0,2.309742086724657e-05,2.309742086724657e-05,0.004273178545848744,1.9957268214541513,0.004193683402774366,5.639772220703172e-05,0.2899169921875,0.04931640625,0.07698127268037534,1.0,0.0,4.0,4.0,65536,32,4,"((0, 2),)","((0, 4),)","((2, 6),)","((4, 7),)","(0, 1)","(0, 1)","[[0.2685546875, 0.26708984375], [0.31640625, 0.3076171875]]",434888,19,2,2,2,2
2,2,2,2,4,1,2,erased_value,first,sink_equal,both,all,zero,0,0,4,4,2.0,2.0,4.0,0.0,0.0,0.0,4.0,0.0,0.0,0.2685546875,0.0,0.0,1.0,0.0,4.0,4.0,65536,32,4,"((0, 2),)","((0, 4),)","((2, 6),)","((4, 7),)","(0, 1, 2, 3)","(0, 1, 2, 3)","[[0.2685546875, 0.2685546875, 0.2685546875, 0.2685546875], [0.2685546875, 0.2685546875, 0.2685546875, 0.2685546875], [0.2685546875, 0.2685546875, 0.2685546875, 0.2685546875], [0.2685546875, 0.2685546875, 0.2685546875, 0.2685546875]]",434888,19,2,2,2,2
2,2,2,2,4,1,3,cut,first,sink_equal,both,all,zero,0,0,2,2,1.0,1.0,2.0,1.5356789269647475e-05,1.5356789269647475e-05,0.00018030851637718115,1.9998196914836228,0.00015146218639817445,1.348954070953725e-05,0.33697509765625,0.0128326416015625,0.0157915825093015,1.0,0.0,4.0,4.0,65536,32,4,"((0, 2),)","((0, 4),)","((2, 6),)","((4, 7),)","(0, 1)","(0, 1)","[[0.3419342041015625, 0.3417816162109375], [0.3291015625, 0.3350830078125]]",434888,19,2,2,2,2
2,2,2,2,4,1,3,erased_value,first,sink_equal,both,all,zero,0,0,4,4,2.0,2.0,4.0,0.0,0.0,0.0,4.0,0.0,0.0,0.3419342041015625,0.0,0.0,1.0,0.0,4.0,4.0,65536,32,4,"((0, 2),)","((0, 4),)","((2, 6),)","((4, 7),)","(0, 1, 2, 3)","(0, 1, 2, 3)","[[0.3419342041015625, 0.3419342041015625, 0.3419342041015625, 0.3419342041015625], [0.3419342041015625, 0.3419342041015625, 0.3419342041015625, 0.3419342041015625], [0.3419342041015625, 0.3419342041015625, 0.3419342041015625, 0.3419342041015625], [0.3419342041015625, 0.3419342041015625, 0.3419342041015625, 0.3419342041015625]]",434888,19,2,2,2,2
