kB,kA,q,w,horizon,observer_init,n_rec_B,n_A_states,n_joint_states,n_schedules,logRecB_bits,memory_bits,cut_bits,physical_bound_bits,signature_classes,signature_bits,zero_error_code_size,zero_error_exact,zero_error_bits,shannon_capacity_bits,zero_error_over_volume,capacity_over_volume,capacity_per_boundary_symbol,nontrivial_sccs,interface,seed,extra_B,extra_A
4,3,4,1,1,zero,84,64,16384,144,6.392317422778761,6.0,2.0,2.0,11,3.4594316186372973,1,False,0.0,0.9046252101946556,0.0,0.1415175671613335,0.4523126050973278,2,"((0, 0),)",37530,4,3
4,3,4,1,2,zero,84,64,16384,144,6.392317422778761,6.0,4.0,4.0,21,4.392317422778761,1,False,0.0,0.3186805540789728,0.0,0.04985368106774043,0.1593402770394864,2,"((0, 0),)",37530,4,3
4,3,4,1,3,zero,84,64,16384,144,6.392317422778761,6.0,6.0,6.0,6,2.584962500721156,1,False,0.0,0.08258203965158672,0.0,0.012918951639871484,0.04129101982579336,2,"((0, 0),)",37530,4,3
4,3,4,1,4,zero,84,64,16384,144,6.392317422778761,6.0,8.0,6.0,1,0.0,1,False,0.0,0.02341020567892076,0.0,0.003662240801043367,0.01170510283946038,2,"((0, 0),)",37530,4,3
4,3,4,1,5,zero,84,64,16384,144,6.392317422778761,6.0,10.0,6.0,1,0.0,1,False,0.0,0.010047552303365261,0.0,0.001571816860589748,0.005023776151682631,2,"((0, 0),)",37530,4,3
4,3,4,1,6,zero,84,64,16384,144,6.392317422778761,6.0,12.0,6.0,1,0.0,1,False,0.0,0.004493730113731966,0.0,0.0007029892003983944,0.002246865056865983,2,"((0, 0),)",37530,4,3
4,3,4,1,1,zero,97,64,16384,144,6.599912842187128,6.0,2.0,2.0,7,2.807354922057604,2,False,1.0,1.2715533028364252,0.1515171524096389,0.19266213558284634,0.6357766514182126,2,"((0, 0),)",37531,4,3
4,3,4,1,2,zero,97,64,16384,144,6.599912842187128,6.0,4.0,4.0,16,4.0,1,False,0.0,1.0194792754544184,0.0,0.15446859675749533,0.5097396377272092,2,"((0, 0),)",37531,4,3
4,3,4,1,3,zero,97,64,16384,144,6.599912842187128,6.0,6.0,6.0,8,3.0,1,False,0.0,0.7064804867167647,0.0,0.1070439115802999,0.35324024335838233,2,"((0, 0),)",37531,4,3
4,3,4,1,4,zero,97,64,16384,144,6.599912842187128,6.0,8.0,6.0,5,2.321928094887362,1,False,0.0,0.4381336367383298,0.0,0.06638476101347088,0.2190668183691649,2,"((0, 0),)",37531,4,3
4,3,4,1,5,zero,97,64,16384,144,6.599912842187128,6.0,10.0,6.0,3,1.584962500721156,1,False,0.0,0.39257861781126835,0.0,0.05948239426767532,0.19628930890563417,2,"((0, 0),)",37531,4,3
4,3,4,1,6,zero,97,64,16384,144,6.599912842187128,6.0,12.0,6.0,3,1.584962500721156,1,False,0.0,0.3687159867724526,0.0,0.055866796363672096,0.1843579933862263,2,"((0, 0),)",37531,4,3
4,3,4,1,1,zero,23,64,16384,144,4.523561956057013,6.0,2.0,2.0,3,1.584962500721156,1,True,0.0,0.8755566863732809,0.0,0.1935547019978178,0.43777834318664044,2,"((0, 0),)",37532,4,3
4,3,4,1,2,zero,23,64,16384,144,4.523561956057013,6.0,4.0,4.0,6,2.584962500721156,1,True,0.0,0.6586565667929841,0.0,0.14560573574349928,0.32932828339649206,2,"((0, 0),)",37532,4,3
4,3,4,1,3,zero,23,64,16384,144,4.523561956057013,6.0,6.0,4.523561956057013,7,2.807354922057604,1,True,0.0,0.5297928362503125,0.0,0.1171185100141989,0.26489641812515624,2,"((0, 0),)",37532,4,3
4,3,4,1,4,zero,23,64,16384,144,4.523561956057013,6.0,8.0,4.523561956057013,4,2.0,1,True,0.0,0.35618569468342487,0.0,0.07874009423182435,0.17809284734171243,2,"((0, 0),)",37532,4,3
4,3,4,1,5,zero,23,64,16384,144,4.523561956057013,6.0,10.0,4.523561956057013,2,1.0,1,True,0.0,0.22384705125346321,0.0,0.04948468782520682,0.11192352562673161,2,"((0, 0),)",37532,4,3
4,3,4,1,6,zero,23,64,16384,144,4.523561956057013,6.0,12.0,4.523561956057013,2,1.0,1,True,0.0,0.13914010363778362,0.0,0.03075896936737567,0.06957005181889181,2,"((0, 0),)",37532,4,3
4,3,4,1,1,zero,62,64,16384,144,5.954196310386875,6.0,2.0,2.0,7,2.807354922057604,1,True,0.0,0.9976842284740214,0.0,0.16755984795691037,0.4988421142370107,2,"((0, 0),)",37533,4,3
4,3,4,1,2,zero,62,64,16384,144,5.954196310386875,6.0,4.0,4.0,13,3.700439718141092,1,True,0.0,0.6809754369966087,0.0,0.11436899314331848,0.34048771849830434,2,"((0, 0),)",37533,4,3
4,3,4,1,3,zero,62,64,16384,144,5.954196310386875,6.0,6.0,5.954196310386875,12,3.584962500721156,1,True,0.0,0.5102686232015692,0.0,0.08569899220679447,0.2551343116007846,2,"((0, 0),)",37533,4,3
4,3,4,1,4,zero,62,64,16384,144,5.954196310386875,6.0,8.0,5.954196310386875,3,1.584962500721156,1,True,0.0,0.5432868666307173,0.0,0.09124436587402628,0.2716434333153587,2,"((0, 0),)",37533,4,3
4,3,4,1,5,zero,62,64,16384,144,5.954196310386875,6.0,10.0,5.954196310386875,3,1.584962500721156,1,True,0.0,0.5555705930918559,0.0,0.0933074027342168,0.27778529654592793,2,"((0, 0),)",37533,4,3
4,3,4,1,6,zero,62,64,16384,144,5.954196310386875,6.0,12.0,5.954196310386875,3,1.584962500721156,1,True,0.0,0.6118631542386032,0.0,0.10276166964317762,0.3059315771193016,2,"((0, 0),)",37533,4,3
4,3,4,1,1,zero,84,64,16384,144,6.392317422778761,6.0,2.0,2.0,4,2.0,1,False,0.0,1.0736647215409343,0.0,0.16796173445876986,0.5368323607704671,2,"((0, 0),)",37534,4,3
4,3,4,1,2,zero,84,64,16384,144,6.392317422778761,6.0,4.0,4.0,13,3.700439718141092,1,False,0.0,0.5912672177036287,0.0,0.09249653585672579,0.29563360885181433,2,"((0, 0),)",37534,4,3
4,3,4,1,3,zero,84,64,16384,144,6.392317422778761,6.0,6.0,6.0,7,2.807354922057604,1,False,0.0,0.235396232398724,0.0,0.03682486598051267,0.117698116199362,2,"((0, 0),)",37534,4,3
4,3,4,1,4,zero,84,64,16384,144,6.392317422778761,6.0,8.0,6.0,1,0.0,1,False,0.0,0.06160488290263991,0.0,0.009637331632361284,0.030802441451319953,2,"((0, 0),)",37534,4,3
4,3,4,1,5,zero,84,64,16384,144,6.392317422778761,6.0,10.0,6.0,1,0.0,1,False,0.0,0.015924721007704035,0.0,0.002491228134409744,0.007962360503852017,2,"((0, 0),)",37534,4,3
4,3,4,1,6,zero,84,64,16384,144,6.392317422778761,6.0,12.0,6.0,1,0.0,1,False,0.0,0.0028856775013954643,0.0,0.0004514290061867815,0.0014428387506977322,2,"((0, 0),)",37534,4,3
4,3,4,1,1,zero,111,64,16384,144,6.794415866350106,6.0,2.0,2.0,11,3.4594316186372973,2,False,1.0,1.1970299114150031,0.14717968691798522,0.17617848759352375,0.5985149557075016,2,"((0, 0),)",37535,4,3
4,3,4,1,2,zero,111,64,16384,144,6.794415866350106,6.0,4.0,4.0,12,3.584962500721156,1,False,0.0,0.5737177462069251,0.0,0.08443959826602734,0.28685887310346253,2,"((0, 0),)",37535,4,3
4,3,4,1,3,zero,111,64,16384,144,6.794415866350106,6.0,6.0,6.0,6,2.584962500721156,1,False,0.0,0.3071449335547347,0.0,0.04520549515903123,0.15357246677736736,2,"((0, 0),)",37535,4,3
4,3,4,1,4,zero,111,64,16384,144,6.794415866350106,6.0,8.0,6.0,2,1.0,1,False,0.0,0.09487994802608268,0.0,0.01396440104527356,0.04743997401304134,2,"((0, 0),)",37535,4,3
4,3,4,1,5,zero,111,64,16384,144,6.794415866350106,6.0,10.0,6.0,2,1.0,1,False,0.0,0.027807821214318344,0.0,0.0040927464201946815,0.013903910607159172,2,"((0, 0),)",37535,4,3
4,3,4,1,6,zero,111,64,16384,144,6.794415866350106,6.0,12.0,6.0,1,0.0,1,False,0.0,0.012606388755856787,0.0,0.001855404350253411,0.006303194377928393,2,"((0, 0),)",37535,4,3
4,3,4,1,1,zero,63,64,16384,144,5.977279923499917,6.0,2.0,2.0,5,2.321928094887362,1,True,0.0,0.7629545529267765,0.0,0.12764243312868617,0.38147727646338825,2,"((0, 0),)",37536,4,3
4,3,4,1,2,zero,63,64,16384,144,5.977279923499917,6.0,4.0,4.0,11,3.4594316186372973,1,True,0.0,0.42950871986402844,0.0,0.07185688563378094,0.21475435993201422,2,"((0, 0),)",37536,4,3
4,3,4,1,3,zero,63,64,16384,144,5.977279923499917,6.0,6.0,5.977279923499917,3,1.584962500721156,1,True,0.0,0.1298078051634062,0.0,0.021716869014794103,0.0649039025817031,2,"((0, 0),)",37536,4,3
4,3,4,1,4,zero,63,64,16384,144,5.977279923499917,6.0,8.0,5.977279923499917,2,1.0,1,True,0.0,0.07654493625581103,0.0,0.012805981522610567,0.038272468127905516,2,"((0, 0),)",37536,4,3
4,3,4,1,5,zero,63,64,16384,144,5.977279923499917,6.0,10.0,5.977279923499917,2,1.0,1,True,0.0,0.03297558358465403,0.0,0.005516821030082462,0.016487791792327015,2,"((0, 0),)",37536,4,3
4,3,4,1,6,zero,63,64,16384,144,5.977279923499917,6.0,12.0,5.977279923499917,2,1.0,1,True,0.0,0.0165036710664458,0.0,0.00276106712044068,0.0082518355332229,2,"((0, 0),)",37536,4,3
4,3,4,1,1,zero,14,64,16384,144,3.807354922057604,6.0,2.0,2.0,3,1.584962500721156,1,True,0.0,0.6666666665323951,0.0,0.17509968998952935,0.3333333332661976,2,"((0, 0),)",37537,4,3
4,3,4,1,2,zero,14,64,16384,144,3.807354922057604,6.0,4.0,3.807354922057604,5,2.321928094887362,1,True,0.0,0.6995632480284001,0.0,0.18373996182376817,0.34978162401420004,2,"((0, 0),)",37537,4,3
4,3,4,1,3,zero,14,64,16384,144,3.807354922057604,6.0,6.0,3.807354922057604,4,2.0,1,True,0.0,0.6102144601379292,0.0,0.1602725442281992,0.3051072300689646,2,"((0, 0),)",37537,4,3
4,3,4,1,4,zero,14,64,16384,144,3.807354922057604,6.0,8.0,3.807354922057604,3,1.584962500721156,1,True,0.0,0.5640631241384862,0.0,0.1481509172866002,0.2820315620692431,2,"((0, 0),)",37537,4,3
4,3,4,1,5,zero,14,64,16384,144,3.807354922057604,6.0,10.0,3.807354922057604,3,1.584962500721156,1,True,0.0,0.6198376842416199,0.0,0.16280007956459225,0.30991884212080995,2,"((0, 0),)",37537,4,3
4,3,4,1,6,zero,14,64,16384,144,3.807354922057604,6.0,12.0,3.807354922057604,3,1.584962500721156,1,True,0.0,0.631779090144961,0.0,0.1659364842727952,0.3158895450724805,2,"((0, 0),)",37537,4,3
4,3,4,1,1,zero,82,64,16384,144,6.357552004618084,6.0,2.0,2.0,11,3.4594316186372973,2,False,1.0,1.151578818256234,0.1572932473495469,0.18113557190247676,0.575789409128117,2,"((0, 0),)",37538,4,3
4,3,4,1,2,zero,82,64,16384,144,6.357552004618084,6.0,4.0,4.0,12,3.584962500721156,1,False,0.0,0.690720929883489,0.0,0.10864573807367267,0.3453604649417445,2,"((0, 0),)",37538,4,3
4,3,4,1,3,zero,82,64,16384,144,6.357552004618084,6.0,6.0,6.0,8,3.0,1,False,0.0,0.4952382242130719,0.0,0.07789762849809709,0.24761911210653595,2,"((0, 0),)",37538,4,3
4,3,4,1,4,zero,82,64,16384,144,6.357552004618084,6.0,8.0,6.0,2,1.0,1,False,0.0,0.4651910636079453,0.0,0.07317141303288335,0.23259553180397266,2,"((0, 0),)",37538,4,3
4,3,4,1,5,zero,82,64,16384,144,6.357552004618084,6.0,10.0,6.0,2,1.0,1,False,0.0,0.3930647442536111,0.0,0.06182643004226965,0.19653237212680555,2,"((0, 0),)",37538,4,3
4,3,4,1,6,zero,82,64,16384,144,6.357552004618084,6.0,12.0,6.0,2,1.0,1,False,0.0,0.36338885000923876,0.0,0.057158612268570594,0.18169442500461938,2,"((0, 0),)",37538,4,3
4,3,4,1,1,zero,38,64,16384,144,5.247927513443585,6.0,2.0,2.0,2,1.0,1,True,0.0,0.667566274174057,0.0,0.12720569643234522,0.3337831370870285,2,"((0, 0),)",37539,4,3
4,3,4,1,2,zero,38,64,16384,144,5.247927513443585,6.0,4.0,4.0,3,1.584962500721156,1,True,0.0,0.40191620171790454,0.0,0.07658569991455068,0.20095810085895227,2,"((0, 0),)",37539,4,3
4,3,4,1,3,zero,38,64,16384,144,5.247927513443585,6.0,6.0,5.247927513443585,4,2.0,1,True,0.0,0.1729353361392957,0.0,0.032953072559841624,0.08646766806964785,2,"((0, 0),)",37539,4,3
4,3,4,1,4,zero,38,64,16384,144,5.247927513443585,6.0,8.0,5.247927513443585,2,1.0,1,True,0.0,0.12549844907132027,0.0,0.023913906727909565,0.06274922453566013,2,"((0, 0),)",37539,4,3
4,3,4,1,5,zero,38,64,16384,144,5.247927513443585,6.0,10.0,5.247927513443585,2,1.0,1,True,0.0,0.057250155205560024,0.0,0.010909097936071456,0.028625077602780012,2,"((0, 0),)",37539,4,3
4,3,4,1,6,zero,38,64,16384,144,5.247927513443585,6.0,12.0,5.247927513443585,2,1.0,1,True,0.0,0.024159704869434053,0.0,0.0046036658866846535,0.012079852434717027,2,"((0, 0),)",37539,4,3
4,3,4,1,1,zero,114,64,16384,144,6.832890014164741,6.0,2.0,2.0,10,3.321928094887362,1,False,0.0,0.9841346668492447,0.0,0.1440290513690562,0.49206733342462233,2,"((0, 0),)",37540,4,3
4,3,4,1,2,zero,114,64,16384,144,6.832890014164741,6.0,4.0,4.0,37,5.20945336562895,1,False,0.0,0.9667822319230392,0.0,0.141489505892657,0.4833911159615196,2,"((0, 0),)",37540,4,3
4,3,4,1,3,zero,114,64,16384,144,6.832890014164741,6.0,6.0,6.0,17,4.087462841250339,1,False,0.0,0.8391246660342642,0.0,0.12280669881920228,0.4195623330171321,2,"((0, 0),)",37540,4,3
4,3,4,1,4,zero,114,64,16384,144,6.832890014164741,6.0,8.0,6.0,9,3.169925001442312,1,False,0.0,0.950633437208489,0.0,0.13912611431441216,0.4753167186042445,2,"((0, 0),)",37540,4,3
4,3,4,1,5,zero,114,64,16384,144,6.832890014164741,6.0,10.0,6.0,4,2.0,1,False,0.0,1.19862736694535,0.0,0.17542026352839973,0.599313683472675,2,"((0, 0),)",37540,4,3
4,3,4,1,6,zero,114,64,16384,144,6.832890014164741,6.0,12.0,6.0,4,2.0,1,False,0.0,1.3510214573946704,0.0,0.19772328467075737,0.6755107286973352,2,"((0, 0),)",37540,4,3
4,3,4,1,1,zero,11,64,16384,144,3.4594316186372973,6.0,2.0,2.0,3,1.584962500721156,1,True,0.0,0.2075187495121196,0.0,0.059986371285426124,0.1037593747560598,2,"((0, 0),)",37541,4,3
4,3,4,1,2,zero,11,64,16384,144,3.4594316186372973,6.0,4.0,3.4594316186372973,3,1.584962500721156,1,True,0.0,0.6183809825063875,0.0,0.17875219130649375,0.30919049125319376,2,"((0, 0),)",37541,4,3
4,3,4,1,3,zero,11,64,16384,144,3.4594316186372973,6.0,6.0,3.4594316186372973,3,1.584962500721156,1,True,0.0,0.5549006538252401,0.0,0.16040226112167544,0.27745032691262006,2,"((0, 0),)",37541,4,3
4,3,4,1,4,zero,11,64,16384,144,3.4594316186372973,6.0,8.0,3.4594316186372973,3,1.584962500721156,1,True,0.0,0.7198397324335133,0.0,0.20808034723260838,0.35991986621675665,2,"((0, 0),)",37541,4,3
4,3,4,1,5,zero,11,64,16384,144,3.4594316186372973,6.0,10.0,3.4594316186372973,3,1.584962500721156,1,True,0.0,0.6564615401334806,0.0,0.18975994108305771,0.3282307700667403,2,"((0, 0),)",37541,4,3
4,3,4,1,6,zero,11,64,16384,144,3.4594316186372973,6.0,12.0,3.4594316186372973,3,1.584962500721156,1,True,0.0,0.6469027575069867,0.0,0.18699683324331984,0.32345137875349333,2,"((0, 0),)",37541,4,3
4,3,4,1,1,zero,115,64,16384,144,6.845490050944375,6.0,2.0,2.0,5,2.321928094887362,1,False,0.0,0.41452859181006135,0.0,0.060554991494418245,0.20726429590503068,2,"((0, 0),)",37542,4,3
4,3,4,1,2,zero,115,64,16384,144,6.845490050944375,6.0,4.0,4.0,7,2.807354922057604,1,False,0.0,0.3912373490148179,0.0,0.05715256995528676,0.19561867450740894,2,"((0, 0),)",37542,4,3
4,3,4,1,3,zero,115,64,16384,144,6.845490050944375,6.0,6.0,6.0,2,1.0,1,False,0.0,0.27210297779521725,0.0,0.039749232819011854,0.13605148889760862,2,"((0, 0),)",37542,4,3
4,3,4,1,4,zero,115,64,16384,144,6.845490050944375,6.0,8.0,6.0,2,1.0,1,False,0.0,0.23565092286677009,0.0,0.03442425905421639,0.11782546143338504,2,"((0, 0),)",37542,4,3
4,3,4,1,5,zero,115,64,16384,144,6.845490050944375,6.0,10.0,6.0,2,1.0,1,False,0.0,0.18264188607733994,0.0,0.02668061522522313,0.09132094303866997,2,"((0, 0),)",37542,4,3
4,3,4,1,6,zero,115,64,16384,144,6.845490050944375,6.0,12.0,6.0,2,1.0,1,False,0.0,0.17107617803509262,0.0,0.024991078324844204,0.08553808901754631,2,"((0, 0),)",37542,4,3
4,3,4,1,1,zero,120,64,16384,144,6.906890595608519,6.0,2.0,2.0,8,3.0,2,False,1.0,1.0191955306285032,0.14478295061395813,0.14756213617695343,0.5095977653142516,2,"((0, 0),)",37543,4,3
4,3,4,1,2,zero,120,64,16384,144,6.906890595608519,6.0,4.0,4.0,16,4.0,1,False,0.0,0.4743958936523446,0.0,0.06868443724213194,0.2371979468261723,2,"((0, 0),)",37543,4,3
4,3,4,1,3,zero,120,64,16384,144,6.906890595608519,6.0,6.0,6.0,4,2.0,1,False,0.0,0.1406661192404417,0.0,0.020366055795046016,0.07033305962022085,2,"((0, 0),)",37543,4,3
4,3,4,1,4,zero,120,64,16384,144,6.906890595608519,6.0,8.0,6.0,1,0.0,1,False,0.0,0.05731695722574093,0.0,0.0082985181873568,0.028658478612870464,2,"((0, 0),)",37543,4,3
4,3,4,1,5,zero,120,64,16384,144,6.906890595608519,6.0,10.0,6.0,1,0.0,1,False,0.0,0.027969634591673946,0.0,0.004049526223776784,0.013984817295836973,2,"((0, 0),)",37543,4,3
4,3,4,1,6,zero,120,64,16384,144,6.906890595608519,6.0,12.0,6.0,1,0.0,1,False,0.0,0.012377686480048104,0.0,0.0017920779703558618,0.006188843240024052,2,"((0, 0),)",37543,4,3
4,3,4,1,1,zero,94,64,16384,144,6.554588851677638,6.0,2.0,2.0,6,2.584962500721156,1,False,0.0,0.6849518671043744,0.0,0.10449959297280133,0.3424759335521872,2,"((0, 0),)",37544,4,3
4,3,4,1,2,zero,94,64,16384,144,6.554588851677638,6.0,4.0,4.0,13,3.700439718141092,1,False,0.0,0.5700454074419139,0.0,0.08696890382316072,0.28502270372095695,2,"((0, 0),)",37544,4,3
4,3,4,1,3,zero,94,64,16384,144,6.554588851677638,6.0,6.0,6.0,8,3.0,1,False,0.0,0.24043256275052058,0.0,0.03668156282433828,0.12021628137526029,2,"((0, 0),)",37544,4,3
4,3,4,1,4,zero,94,64,16384,144,6.554588851677638,6.0,8.0,6.0,2,1.0,1,False,0.0,0.19014082542124916,0.0,0.029008810426390495,0.09507041271062458,2,"((0, 0),)",37544,4,3
4,3,4,1,5,zero,94,64,16384,144,6.554588851677638,6.0,10.0,6.0,2,1.0,1,False,0.0,0.1674844100668588,0.0,0.025552237349561812,0.0837422050334294,2,"((0, 0),)",37544,4,3
4,3,4,1,6,zero,94,64,16384,144,6.554588851677638,6.0,12.0,6.0,2,1.0,1,False,0.0,0.14834355771522753,0.0,0.02263201568733929,0.07417177885761377,2,"((0, 0),)",37544,4,3
4,3,4,1,1,zero,83,64,16384,144,6.3750394313469245,6.0,2.0,2.0,9,3.169925001442312,1,False,0.0,1.2227869603510029,0.0,0.1918085328756392,0.6113934801755014,2,"((0, 0),)",37545,4,3
4,3,4,1,2,zero,83,64,16384,144,6.3750394313469245,6.0,4.0,4.0,35,5.129283016944966,1,False,0.0,0.6790942333782242,0.0,0.10652392674451967,0.3395471166891121,2,"((0, 0),)",37545,4,3
4,3,4,1,3,zero,83,64,16384,144,6.3750394313469245,6.0,6.0,6.0,19,4.247927513443585,1,False,0.0,0.5330072087724814,0.0,0.08360845678092804,0.2665036043862407,2,"((0, 0),)",37545,4,3
4,3,4,1,4,zero,83,64,16384,144,6.3750394313469245,6.0,8.0,6.0,7,2.807354922057604,1,False,0.0,0.5425610164656709,0.0,0.08510708401234753,0.27128050823283545,2,"((0, 0),)",37545,4,3
4,3,4,1,5,zero,83,64,16384,144,6.3750394313469245,6.0,10.0,6.0,3,1.584962500721156,1,False,0.0,0.5610821432927376,0.0,0.08801234083883802,0.2805410716463688,2,"((0, 0),)",37545,4,3
4,3,4,1,6,zero,83,64,16384,144,6.3750394313469245,6.0,12.0,6.0,3,1.584962500721156,1,False,0.0,0.5978363434813333,0.0,0.09377766991396033,0.29891817174066665,2,"((0, 0),)",37545,4,3
4,3,4,1,1,zero,75,64,16384,144,6.22881869049588,6.0,2.0,2.0,5,2.321928094887362,2,True,1.0,1.1699250011652065,0.1605440854340214,0.18782453933846452,0.5849625005826032,2,"((0, 0),)",37546,4,3
4,3,4,1,2,zero,75,64,16384,144,6.22881869049588,6.0,4.0,4.0,15,3.9068905956085187,1,True,0.0,1.3042232897597565,0.0,0.20938533525623082,0.6521116448798783,2,"((0, 0),)",37546,4,3
4,3,4,1,3,zero,75,64,16384,144,6.22881869049588,6.0,6.0,6.0,15,3.9068905956085187,1,True,0.0,0.9661695319115848,0.0,0.15511280387496196,0.4830847659557924,2,"((0, 0),)",37546,4,3
4,3,4,1,4,zero,75,64,16384,144,6.22881869049588,6.0,8.0,6.0,7,2.807354922057604,1,True,0.0,0.6200793514752736,0.0,0.09955007237911892,0.3100396757376368,2,"((0, 0),)",37546,4,3
4,3,4,1,5,zero,75,64,16384,144,6.22881869049588,6.0,10.0,6.0,3,1.584962500721156,1,True,0.0,0.5391207569192729,0.0,0.08655264885810203,0.26956037845963643,2,"((0, 0),)",37546,4,3
4,3,4,1,6,zero,75,64,16384,144,6.22881869049588,6.0,12.0,6.0,3,1.584962500721156,1,True,0.0,0.5279262496759998,0.0,0.08475543693084622,0.2639631248379999,2,"((0, 0),)",37546,4,3
4,3,4,1,1,zero,97,64,16384,144,6.599912842187128,6.0,2.0,2.0,13,3.700439718141092,2,False,1.0,1.2745325398464524,0.1515171524096389,0.19311354109095907,0.6372662699232262,2,"((0, 0),)",37547,4,3
4,3,4,1,2,zero,97,64,16384,144,6.599912842187128,6.0,4.0,4.0,32,5.0,1,False,0.0,0.3947153398486332,0.0,0.05980614430626777,0.1973576699243166,2,"((0, 0),)",37547,4,3
4,3,4,1,3,zero,97,64,16384,144,6.599912842187128,6.0,6.0,6.0,4,2.0,1,False,0.0,0.11814234056259297,0.0,0.01790059102105386,0.059071170281296485,2,"((0, 0),)",37547,4,3
4,3,4,1,4,zero,97,64,16384,144,6.599912842187128,6.0,8.0,6.0,1,0.0,1,False,0.0,0.036509787167298094,0.0,0.005531858986670983,0.018254893583649047,2,"((0, 0),)",37547,4,3
4,3,4,1,5,zero,97,64,16384,144,6.599912842187128,6.0,10.0,6.0,1,0.0,1,False,0.0,0.014107143444254466,0.0,0.002137474203307742,0.007053571722127233,2,"((0, 0),)",37547,4,3
4,3,4,1,6,zero,97,64,16384,144,6.599912842187128,6.0,12.0,6.0,1,0.0,1,False,0.0,0.005655149548060263,0.0,0.0008568521559727474,0.0028275747740301315,2,"((0, 0),)",37547,4,3
4,3,4,1,1,zero,69,64,16384,144,6.108524456778169,6.0,2.0,2.0,3,1.584962500721156,1,True,0.0,0.4691583491445667,0.0,0.07680387505430662,0.23457917457228336,2,"((0, 0),)",37548,4,3
4,3,4,1,2,zero,69,64,16384,144,6.108524456778169,6.0,4.0,4.0,8,3.0,1,True,0.0,0.515477158932164,0.0,0.0843865261700275,0.257738579466082,2,"((0, 0),)",37548,4,3
4,3,4,1,3,zero,69,64,16384,144,6.108524456778169,6.0,6.0,6.0,10,3.321928094887362,1,True,0.0,0.21646372705148234,0.0,0.03543633631707717,0.10823186352574117,2,"((0, 0),)",37548,4,3
4,3,4,1,4,zero,69,64,16384,144,6.108524456778169,6.0,8.0,6.0,5,2.321928094887362,1,True,0.0,0.10184066729333528,0.0,0.016671893190233586,0.05092033364666764,2,"((0, 0),)",37548,4,3
4,3,4,1,5,zero,69,64,16384,144,6.108524456778169,6.0,10.0,6.0,2,1.0,1,True,0.0,0.04774636675157231,0.0,0.007816350264193797,0.023873183375786155,2,"((0, 0),)",37548,4,3
4,3,4,1,6,zero,69,64,16384,144,6.108524456778169,6.0,12.0,6.0,1,0.0,1,True,0.0,0.01445998266730103,0.0,0.0023671809402769726,0.007229991333650515,2,"((0, 0),)",37548,4,3
4,3,4,1,1,zero,94,64,16384,144,6.554588851677638,6.0,2.0,2.0,9,3.169925001442312,1,False,0.0,0.7312984634909715,0.0,0.11157045545332667,0.36564923174548575,2,"((0, 0),)",37549,4,3
4,3,4,1,2,zero,94,64,16384,144,6.554588851677638,6.0,4.0,4.0,16,4.0,1,False,0.0,0.5279719037646783,0.0,0.08054996517890586,0.26398595188233914,2,"((0, 0),)",37549,4,3
4,3,4,1,3,zero,94,64,16384,144,6.554588851677638,6.0,6.0,6.0,7,2.807354922057604,1,False,0.0,0.3009356900209979,0.0,0.04591221460732413,0.15046784501049895,2,"((0, 0),)",37549,4,3
4,3,4,1,4,zero,94,64,16384,144,6.554588851677638,6.0,8.0,6.0,3,1.584962500721156,1,False,0.0,0.1966677033763934,0.0,0.030004582717046632,0.0983338516881967,2,"((0, 0),)",37549,4,3
4,3,4,1,5,zero,94,64,16384,144,6.554588851677638,6.0,10.0,6.0,2,1.0,1,False,0.0,0.16526656991327282,0.0,0.025213872853515912,0.08263328495663641,2,"((0, 0),)",37549,4,3
4,3,4,1,6,zero,94,64,16384,144,6.554588851677638,6.0,12.0,6.0,2,1.0,1,False,0.0,0.16838888029005258,0.0,0.025690227732125974,0.08419444014502629,2,"((0, 0),)",37549,4,3
4,3,4,2,1,zero,77,64,16384,144,6.266786540694901,6.0,4.0,4.0,32,5.0,2,True,1.0,1.571480663340581,0.15957141566993818,0.25076339414719,0.3928701658351452,2,"((0, 0), (1, 1))",37667,4,3
4,3,4,2,2,zero,77,64,16384,144,6.266786540694901,6.0,8.0,6.0,49,5.614709844115208,1,True,0.0,0.9658424392325808,0.0,0.15412084534244916,0.2414606098081452,2,"((0, 0), (1, 1))",37667,4,3
4,3,4,2,3,zero,77,64,16384,144,6.266786540694901,6.0,12.0,6.0,17,4.087462841250339,1,True,0.0,0.7769784694389297,0.0,0.1239835543134318,0.19424461735973242,2,"((0, 0), (1, 1))",37667,4,3
4,3,4,2,4,zero,77,64,16384,144,6.266786540694901,6.0,16.0,6.0,5,2.321928094887362,1,True,0.0,0.9229945737542831,0.0,0.14728355078964211,0.23074864343857077,2,"((0, 0), (1, 1))",37667,4,3
4,3,4,2,5,zero,77,64,16384,144,6.266786540694901,6.0,20.0,6.0,3,1.584962500721156,1,True,0.0,0.9306537219010662,0.0,0.14850573190225008,0.23266343047526655,2,"((0, 0), (1, 1))",37667,4,3
4,3,4,2,6,zero,77,64,16384,144,6.266786540694901,6.0,24.0,6.0,3,1.584962500721156,1,True,0.0,0.9382363783263408,0.0,0.1497157071225699,0.2345590945815852,2,"((0, 0), (1, 1))",37667,4,3
4,3,4,2,1,zero,22,64,16384,144,4.459431618637297,6.0,4.0,4.0,14,3.807354922057604,1,True,0.0,1.2832461751640705,0.0,0.28776002973136783,0.3208115437910176,2,"((0, 0), (1, 1))",37668,4,3
4,3,4,2,2,zero,22,64,16384,144,4.459431618637297,6.0,8.0,4.459431618637297,16,4.0,1,True,0.0,0.6390863109791962,0.0,0.14331115837907762,0.15977157774479905,2,"((0, 0), (1, 1))",37668,4,3
4,3,4,2,3,zero,22,64,16384,144,4.459431618637297,6.0,12.0,4.459431618637297,10,3.321928094887362,1,True,0.0,0.26552113408517025,0.0,0.059541474517846193,0.06638028352129256,2,"((0, 0), (1, 1))",37668,4,3
4,3,4,2,4,zero,22,64,16384,144,4.459431618637297,6.0,16.0,4.459431618637297,3,1.584962500721156,1,True,0.0,0.08961430773850956,0.0,0.020095455071894048,0.02240357693462739,2,"((0, 0), (1, 1))",37668,4,3
4,3,4,2,5,zero,22,64,16384,144,4.459431618637297,6.0,20.0,4.459431618637297,2,1.0,1,True,0.0,0.042963549865654094,0.0,0.009634310723836774,0.010740887466413523,2,"((0, 0), (1, 1))",37668,4,3
4,3,4,2,6,zero,22,64,16384,144,4.459431618637297,6.0,24.0,4.459431618637297,1,0.0,1,True,0.0,0.015366232869299478,0.0,0.003445782822429522,0.0038415582173248696,2,"((0, 0), (1, 1))",37668,4,3
4,3,4,2,1,zero,56,64,16384,144,5.807354922057604,6.0,4.0,4.0,37,5.20945336562895,1,True,0.0,1.0960328100485892,0.0,0.18873184517888117,0.2740082025121473,2,"((0, 0), (1, 1))",37669,4,3
4,3,4,2,2,zero,56,64,16384,144,5.807354922057604,6.0,8.0,5.807354922057604,46,5.523561956057013,1,True,0.0,0.46996343350312003,0.0,0.08092555729943354,0.11749085837578001,2,"((0, 0), (1, 1))",37669,4,3
4,3,4,2,3,zero,56,64,16384,144,5.807354922057604,6.0,12.0,5.807354922057604,14,3.807354922057604,1,True,0.0,0.2329078532125418,0.0,0.040105668817985766,0.05822696330313545,2,"((0, 0), (1, 1))",37669,4,3
4,3,4,2,4,zero,56,64,16384,144,5.807354922057604,6.0,16.0,5.807354922057604,4,2.0,1,True,0.0,0.13573035532394864,0.0,0.023372147414034414,0.03393258883098716,2,"((0, 0), (1, 1))",37669,4,3
4,3,4,2,5,zero,56,64,16384,144,5.807354922057604,6.0,20.0,5.807354922057604,3,1.584962500721156,1,True,0.0,0.07921564359411694,0.0,0.013640572111967637,0.019803910898529235,2,"((0, 0), (1, 1))",37669,4,3
4,3,4,2,6,zero,56,64,16384,144,5.807354922057604,6.0,24.0,5.807354922057604,3,1.584962500721156,1,True,0.0,0.04199569424465796,0.0,0.007231466787943188,0.01049892356116449,2,"((0, 0), (1, 1))",37669,4,3
4,3,4,2,1,zero,45,64,16384,144,5.491853096329675,6.0,4.0,4.0,15,3.9068905956085187,1,True,0.0,1.1268925749433527,0.0,0.20519350302659764,0.2817231437358382,2,"((0, 0), (1, 1))",37670,4,3
4,3,4,2,2,zero,45,64,16384,144,5.491853096329675,6.0,8.0,5.491853096329675,25,4.643856189774724,1,True,0.0,0.8679564829438761,0.0,0.15804437367852217,0.21698912073596902,2,"((0, 0), (1, 1))",37670,4,3
4,3,4,2,3,zero,45,64,16384,144,5.491853096329675,6.0,12.0,5.491853096329675,10,3.321928094887362,1,True,0.0,0.9391498276138499,0.0,0.17100782033691037,0.23478745690346248,2,"((0, 0), (1, 1))",37670,4,3
4,3,4,2,4,zero,45,64,16384,144,5.491853096329675,6.0,16.0,5.491853096329675,4,2.0,1,True,0.0,0.7433353220706691,0.0,0.1353523681409935,0.18583383051766728,2,"((0, 0), (1, 1))",37670,4,3
4,3,4,2,5,zero,45,64,16384,144,5.491853096329675,6.0,20.0,5.491853096329675,3,1.584962500721156,1,True,0.0,0.7191731157070698,0.0,0.1309527227135243,0.17979327892676744,2,"((0, 0), (1, 1))",37670,4,3
4,3,4,2,6,zero,45,64,16384,144,5.491853096329675,6.0,24.0,5.491853096329675,3,1.584962500721156,1,True,0.0,0.7295183172353226,0.0,0.13283645873974226,0.18237957930883064,2,"((0, 0), (1, 1))",37670,4,3
4,3,4,2,1,zero,77,64,16384,144,6.266786540694901,6.0,4.0,4.0,50,5.643856189774724,1,True,0.0,1.406735230323837,0.0,0.22447473217555122,0.35168380758095924,2,"((0, 0), (1, 1))",37671,4,3
4,3,4,2,2,zero,77,64,16384,144,6.266786540694901,6.0,8.0,6.0,27,4.754887502163468,1,True,0.0,0.6117661540981887,0.0,0.09762039126840152,0.15294153852454717,2,"((0, 0), (1, 1))",37671,4,3
4,3,4,2,3,zero,77,64,16384,144,6.266786540694901,6.0,12.0,6.0,1,0.0,1,True,0.0,0.11697279098407722,0.0,0.01866551385219298,0.029243197746019304,2,"((0, 0), (1, 1))",37671,4,3
4,3,4,2,4,zero,77,64,16384,144,6.266786540694901,6.0,16.0,6.0,1,0.0,1,True,0.0,0.03150121578507546,0.0,0.005026693598148694,0.007875303946268866,2,"((0, 0), (1, 1))",37671,4,3
4,3,4,2,5,zero,77,64,16384,144,6.266786540694901,6.0,20.0,6.0,1,0.0,1,True,0.0,0.0059512672224610605,0.0,0.0009496521357182123,0.0014878168056152651,2,"((0, 0), (1, 1))",37671,4,3
4,3,4,2,6,zero,77,64,16384,144,6.266786540694901,6.0,24.0,6.0,1,0.0,1,True,0.0,0.00099582956630434,0.0,0.0001589059336611641,0.000248957391576085,2,"((0, 0), (1, 1))",37671,4,3
4,3,4,2,1,zero,113,64,16384,144,6.820178962415188,6.0,4.0,4.0,68,6.087462841250339,1,False,0.0,1.3796717443139648,0.0,0.20229260139903868,0.3449179360784912,2,"((0, 0), (1, 1))",37672,4,3
4,3,4,2,2,zero,113,64,16384,144,6.820178962415188,6.0,8.0,6.0,87,6.442943495848728,1,False,0.0,0.6587776623644146,0.0,0.09659243049116789,0.16469441559110365,2,"((0, 0), (1, 1))",37672,4,3
4,3,4,2,3,zero,113,64,16384,144,6.820178962415188,6.0,12.0,6.0,12,3.584962500721156,1,False,0.0,0.3304766708777373,0.0,0.04845571834682585,0.08261916771943432,2,"((0, 0), (1, 1))",37672,4,3
4,3,4,2,4,zero,113,64,16384,144,6.820178962415188,6.0,16.0,6.0,5,2.321928094887362,1,False,0.0,0.2263755259719794,0.0,0.03319202138528846,0.05659388149299485,2,"((0, 0), (1, 1))",37672,4,3
4,3,4,2,5,zero,113,64,16384,144,6.820178962415188,6.0,20.0,6.0,3,1.584962500721156,1,False,0.0,0.17909289025001893,0.0,0.0262592655173667,0.04477322256250473,2,"((0, 0), (1, 1))",37672,4,3
4,3,4,2,6,zero,113,64,16384,144,6.820178962415188,6.0,24.0,6.0,2,1.0,1,False,0.0,0.144700911841129,0.0,0.021216585758020483,0.03617522796028225,2,"((0, 0), (1, 1))",37672,4,3
4,3,4,2,1,zero,95,64,16384,144,6.569855608330948,6.0,4.0,4.0,67,6.066089190457772,1,False,0.0,1.406465749940289,0.0,0.21407863943871325,0.35161643748507226,2,"((0, 0), (1, 1))",37673,4,3
4,3,4,2,2,zero,95,64,16384,144,6.569855608330948,6.0,8.0,6.0,36,5.169925001442312,1,False,0.0,0.7696789578962688,0.0,0.11715310103927892,0.1924197394740672,2,"((0, 0), (1, 1))",37673,4,3
4,3,4,2,3,zero,95,64,16384,144,6.569855608330948,6.0,12.0,6.0,3,1.584962500721156,1,False,0.0,0.5011998960783628,0.0,0.07628780995472914,0.1252999740195907,2,"((0, 0), (1, 1))",37673,4,3
4,3,4,2,4,zero,95,64,16384,144,6.569855608330948,6.0,16.0,6.0,2,1.0,1,False,0.0,0.46139451007990434,0.0,0.0702290183508493,0.11534862751997609,2,"((0, 0), (1, 1))",37673,4,3
4,3,4,2,5,zero,95,64,16384,144,6.569855608330948,6.0,20.0,6.0,2,1.0,1,False,0.0,0.4045816864242639,0.0,0.061581518764465916,0.10114542160606597,2,"((0, 0), (1, 1))",37673,4,3
4,3,4,2,6,zero,95,64,16384,144,6.569855608330948,6.0,24.0,6.0,2,1.0,1,False,0.0,0.3554450775607376,0.0,0.054102418493035556,0.0888612693901844,2,"((0, 0), (1, 1))",37673,4,3
4,3,4,2,1,zero,98,64,16384,144,6.614709844115208,6.0,4.0,4.0,32,5.0,1,False,0.0,1.0460677034564756,0.0,0.15814264391160138,0.2615169258641189,2,"((0, 0), (1, 1))",37674,4,3
4,3,4,2,2,zero,98,64,16384,144,6.614709844115208,6.0,8.0,6.0,36,5.169925001442312,1,False,0.0,0.4017935207258951,0.0,0.06074242562330252,0.10044838018147377,2,"((0, 0), (1, 1))",37674,4,3
4,3,4,2,3,zero,98,64,16384,144,6.614709844115208,6.0,12.0,6.0,4,2.0,1,False,0.0,0.13611338715911214,0.0,0.020577378353217674,0.034028346789778036,2,"((0, 0), (1, 1))",37674,4,3
4,3,4,2,4,zero,98,64,16384,144,6.614709844115208,6.0,16.0,6.0,1,0.0,1,False,0.0,0.048064651600875696,0.0,0.0072663280375988865,0.012016162900218924,2,"((0, 0), (1, 1))",37674,4,3
4,3,4,2,5,zero,98,64,16384,144,6.614709844115208,6.0,20.0,6.0,1,0.0,1,False,0.0,0.012829113665559857,0.0,0.0019394824516714526,0.003207278416389964,2,"((0, 0), (1, 1))",37674,4,3
4,3,4,2,6,zero,98,64,16384,144,6.614709844115208,6.0,24.0,6.0,1,0.0,1,False,0.0,0.003940270151771158,0.0,0.0005956829920932403,0.0009850675379427895,2,"((0, 0), (1, 1))",37674,4,3
4,3,4,2,1,zero,81,64,16384,144,6.339850002884624,6.0,4.0,4.0,31,4.954196310386875,1,False,0.0,1.189292008417951,0.0,0.1875899284489104,0.29732300210448775,2,"((0, 0), (1, 1))",37675,4,3
4,3,4,2,2,zero,81,64,16384,144,6.339850002884624,6.0,8.0,6.0,46,5.523561956057013,1,False,0.0,0.6426772391166499,0.0,0.10137104802546314,0.16066930977916247,2,"((0, 0), (1, 1))",37675,4,3
4,3,4,2,3,zero,81,64,16384,144,6.339850002884624,6.0,12.0,6.0,8,3.0,1,False,0.0,0.2956546485400144,0.0,0.04663432863640179,0.0739136621350036,2,"((0, 0), (1, 1))",37675,4,3
4,3,4,2,4,zero,81,64,16384,144,6.339850002884624,6.0,16.0,6.0,2,1.0,1,False,0.0,0.10638638129853752,0.0,0.016780583334011348,0.02659659532463438,2,"((0, 0), (1, 1))",37675,4,3
4,3,4,2,5,zero,81,64,16384,144,6.339850002884624,6.0,20.0,6.0,1,0.0,1,False,0.0,0.035469604672828406,0.0,0.005594707233876161,0.008867401168207101,2,"((0, 0), (1, 1))",37675,4,3
4,3,4,2,6,zero,81,64,16384,144,6.339850002884624,6.0,24.0,6.0,1,0.0,1,False,0.0,0.007464848367498832,0.0,0.0011774487352385838,0.001866212091874708,2,"((0, 0), (1, 1))",37675,4,3
4,3,4,2,1,zero,47,64,16384,144,5.554588851677638,6.0,4.0,4.0,28,4.807354922057604,1,True,0.0,1.4875373398849505,0.0,0.26780332075085517,0.37188433497123763,2,"((0, 0), (1, 1))",37676,4,3
4,3,4,2,2,zero,47,64,16384,144,5.554588851677638,6.0,8.0,5.554588851677638,30,4.906890595608519,1,True,0.0,0.9528777786918031,0.0,0.17154785063956768,0.23821944467295078,2,"((0, 0), (1, 1))",37676,4,3
4,3,4,2,3,zero,47,64,16384,144,5.554588851677638,6.0,12.0,5.554588851677638,13,3.700439718141092,1,True,0.0,0.846296257120838,0.0,0.15235983791405794,0.2115740642802095,2,"((0, 0), (1, 1))",37676,4,3
4,3,4,2,4,zero,47,64,16384,144,5.554588851677638,6.0,16.0,5.554588851677638,6,2.584962500721156,1,True,0.0,0.8412841133792619,0.0,0.15145749502686795,0.21032102834481547,2,"((0, 0), (1, 1))",37676,4,3
4,3,4,2,5,zero,47,64,16384,144,5.554588851677638,6.0,20.0,5.554588851677638,4,2.0,1,True,0.0,0.8132117899769685,0.0,0.14640359740241735,0.20330294749424213,2,"((0, 0), (1, 1))",37676,4,3
4,3,4,2,6,zero,47,64,16384,144,5.554588851677638,6.0,24.0,5.554588851677638,4,2.0,1,True,0.0,0.8201681137649037,0.0,0.14765595360261283,0.20504202844122593,2,"((0, 0), (1, 1))",37676,4,3
4,3,4,2,1,zero,101,64,16384,144,6.658211482751795,6.0,4.0,4.0,30,4.906890595608519,1,False,0.0,1.2247547865888906,0.0,0.18394651322831032,0.30618869664722265,2,"((0, 0), (1, 1))",37677,4,3
4,3,4,2,2,zero,101,64,16384,144,6.658211482751795,6.0,8.0,6.0,42,5.392317422778761,1,False,0.0,0.8457548729729302,0.0,0.12702433306059321,0.21143871824323254,2,"((0, 0), (1, 1))",37677,4,3
4,3,4,2,3,zero,101,64,16384,144,6.658211482751795,6.0,12.0,6.0,4,2.0,1,False,0.0,0.47420598681270765,0.0,0.07122122630696637,0.11855149670317691,2,"((0, 0), (1, 1))",37677,4,3
4,3,4,2,4,zero,101,64,16384,144,6.658211482751795,6.0,16.0,6.0,2,1.0,1,False,0.0,0.46341467345024084,0.0,0.06960047373843924,0.11585366836256021,2,"((0, 0), (1, 1))",37677,4,3
4,3,4,2,5,zero,101,64,16384,144,6.658211482751795,6.0,20.0,6.0,2,1.0,1,False,0.0,0.3991295715177206,0.0,0.05994546321510998,0.09978239287943015,2,"((0, 0), (1, 1))",37677,4,3
4,3,4,2,6,zero,101,64,16384,144,6.658211482751795,6.0,24.0,6.0,2,1.0,1,False,0.0,0.34540407582550564,0.0,0.05187640505566405,0.08635101895637641,2,"((0, 0), (1, 1))",37677,4,3
4,3,4,2,1,zero,85,64,16384,144,6.409390936137702,6.0,4.0,4.0,65,6.022367813028454,2,False,1.0,1.6561293345975912,0.15602106502222501,0.258391062598465,0.4140323336493978,2,"((0, 0), (1, 1))",37678,4,3
4,3,4,2,2,zero,85,64,16384,144,6.409390936137702,6.0,8.0,6.0,71,6.149747119504682,1,False,0.0,1.2007548306443532,0.0,0.1873430475077134,0.3001887076610883,2,"((0, 0), (1, 1))",37678,4,3
4,3,4,2,3,zero,85,64,16384,144,6.409390936137702,6.0,12.0,6.0,9,3.169925001442312,1,False,0.0,1.088903131310064,0.0,0.16989182625303192,0.272225782827516,2,"((0, 0), (1, 1))",37678,4,3
4,3,4,2,4,zero,85,64,16384,144,6.409390936137702,6.0,16.0,6.0,4,2.0,1,False,0.0,1.114577299813035,0.0,0.17389753736642552,0.27864432495325875,2,"((0, 0), (1, 1))",37678,4,3
4,3,4,2,5,zero,85,64,16384,144,6.409390936137702,6.0,20.0,6.0,4,2.0,1,False,0.0,1.1627596408682574,0.0,0.1814149975331254,0.29068991021706436,2,"((0, 0), (1, 1))",37678,4,3
4,3,4,2,6,zero,85,64,16384,144,6.409390936137702,6.0,24.0,6.0,4,2.0,1,False,0.0,1.2060067671406731,0.0,0.18816246023329833,0.3015016917851683,2,"((0, 0), (1, 1))",37678,4,3
4,3,4,2,1,zero,30,64,16384,144,4.906890595608519,6.0,4.0,4.0,10,3.321928094887362,2,True,1.0,1.2988161927861228,0.2037950470905062,0.26469230717075987,0.3247040481965307,2,"((0, 0), (1, 1))",37679,4,3
4,3,4,2,2,zero,30,64,16384,144,4.906890595608519,6.0,8.0,4.906890595608519,17,4.087462841250339,1,True,0.0,0.9053068695564984,0.0,0.18449705611262535,0.2263267173891246,2,"((0, 0), (1, 1))",37679,4,3
4,3,4,2,3,zero,30,64,16384,144,4.906890595608519,6.0,12.0,4.906890595608519,9,3.169925001442312,1,True,0.0,0.6526075025632958,0.0,0.1329981767165045,0.16315187564082395,2,"((0, 0), (1, 1))",37679,4,3
4,3,4,2,4,zero,30,64,16384,144,4.906890595608519,6.0,16.0,4.906890595608519,5,2.321928094887362,1,True,0.0,0.553318345201773,0.0,0.1127635382164363,0.13832958630044326,2,"((0, 0), (1, 1))",37679,4,3
4,3,4,2,5,zero,30,64,16384,144,4.906890595608519,6.0,20.0,4.906890595608519,3,1.584962500721156,1,True,0.0,0.45867910102338433,0.0,0.09347652899249165,0.11466977525584608,2,"((0, 0), (1, 1))",37679,4,3
4,3,4,2,6,zero,30,64,16384,144,4.906890595608519,6.0,24.0,4.906890595608519,2,1.0,1,True,0.0,0.4014527096818348,0.0,0.08181407387422082,0.1003631774204587,2,"((0, 0), (1, 1))",37679,4,3
4,3,4,2,1,zero,73,64,16384,144,6.189824558880018,6.0,4.0,4.0,45,5.491853096329675,2,True,1.0,1.5569974994577593,0.16155546744299637,0.2515414588324748,0.38924937486443983,2,"((0, 0), (1, 1))",37680,4,3
4,3,4,2,2,zero,73,64,16384,144,6.189824558880018,6.0,8.0,6.0,44,5.459431618637297,1,True,0.0,1.0438417492817593,0.0,0.16863834174172965,0.26096043732043983,2,"((0, 0), (1, 1))",37680,4,3
4,3,4,2,3,zero,73,64,16384,144,6.189824558880018,6.0,12.0,6.0,8,3.0,1,True,0.0,0.5522280202165609,0.0,0.08921545594120694,0.13805700505414023,2,"((0, 0), (1, 1))",37680,4,3
4,3,4,2,4,zero,73,64,16384,144,6.189824558880018,6.0,16.0,6.0,2,1.0,1,True,0.0,0.3208722124519592,0.0,0.051838660272144704,0.0802180531129898,2,"((0, 0), (1, 1))",37680,4,3
4,3,4,2,5,zero,73,64,16384,144,6.189824558880018,6.0,20.0,6.0,2,1.0,1,True,0.0,0.28907791213786044,0.0,0.046702117222877475,0.07226947803446511,2,"((0, 0), (1, 1))",37680,4,3
4,3,4,2,6,zero,73,64,16384,144,6.189824558880018,6.0,24.0,6.0,2,1.0,1,True,0.0,0.2223585948981538,0.0,0.035923246738739104,0.05558964872453845,2,"((0, 0), (1, 1))",37680,4,3
4,3,4,2,1,zero,75,64,16384,144,6.22881869049588,6.0,4.0,4.0,24,4.584962500721156,2,True,1.0,1.542763059942184,0.1605440854340214,0.24768148449981028,0.385690764985546,2,"((0, 0), (1, 1))",37681,4,3
4,3,4,2,2,zero,75,64,16384,144,6.22881869049588,6.0,8.0,6.0,45,5.491853096329675,1,True,0.0,0.9911963370072655,0.0,0.15913070941038351,0.24779908425181638,2,"((0, 0), (1, 1))",37681,4,3
4,3,4,2,3,zero,75,64,16384,144,6.22881869049588,6.0,12.0,6.0,12,3.584962500721156,1,True,0.0,0.6770608916902102,0.0,0.10869812163954783,0.16926522292255256,2,"((0, 0), (1, 1))",37681,4,3
4,3,4,2,4,zero,75,64,16384,144,6.22881869049588,6.0,16.0,6.0,3,1.584962500721156,1,True,0.0,0.568856135072462,0.0,0.09132648794874057,0.1422140337681155,2,"((0, 0), (1, 1))",37681,4,3
4,3,4,2,5,zero,75,64,16384,144,6.22881869049588,6.0,20.0,6.0,2,1.0,1,True,0.0,0.5315301449607923,0.0,0.08533402100334322,0.13288253624019808,2,"((0, 0), (1, 1))",37681,4,3
4,3,4,2,6,zero,75,64,16384,144,6.22881869049588,6.0,24.0,6.0,2,1.0,1,True,0.0,0.5105775602234405,0.0,0.08197020744920624,0.12764439005586012,2,"((0, 0), (1, 1))",37681,4,3
4,3,4,2,1,zero,78,64,16384,144,6.285402218862249,6.0,4.0,4.0,32,5.0,1,True,0.0,1.2476284118380225,0.0,0.19849619298729013,0.31190710295950563,2,"((0, 0), (1, 1))",37682,4,3
4,3,4,2,2,zero,78,64,16384,144,6.285402218862249,6.0,8.0,6.0,16,4.0,1,True,0.0,0.29902229353892407,0.0,0.04757409042838495,0.07475557338473102,2,"((0, 0), (1, 1))",37682,4,3
4,3,4,2,3,zero,78,64,16384,144,6.285402218862249,6.0,12.0,6.0,1,0.0,1,True,0.0,0.08187562385548386,0.0,0.013026314148962223,0.020468905963870965,2,"((0, 0), (1, 1))",37682,4,3
4,3,4,2,4,zero,78,64,16384,144,6.285402218862249,6.0,16.0,6.0,1,0.0,1,True,0.0,0.022312621643685967,0.0,0.0035499115039490476,0.005578155410921492,2,"((0, 0), (1, 1))",37682,4,3
4,3,4,2,5,zero,78,64,16384,144,6.285402218862249,6.0,20.0,6.0,1,0.0,1,True,0.0,0.005855301552358718,0.0,0.0009315714966954995,0.0014638253880896795,2,"((0, 0), (1, 1))",37682,4,3
4,3,4,2,6,zero,78,64,16384,144,6.285402218862249,6.0,24.0,6.0,1,0.0,1,True,0.0,0.0012410281366327818,0.0,0.00019744609707052707,0.00031025703415819546,2,"((0, 0), (1, 1))",37682,4,3
4,3,4,2,1,zero,75,64,16384,144,6.22881869049588,6.0,4.0,4.0,42,5.392317422778761,2,True,1.0,1.7445188418563218,0.1605440854340214,0.2800721819882414,0.43612971046408044,2,"((0, 0), (1, 1))",37683,4,3
4,3,4,2,2,zero,75,64,16384,144,6.22881869049588,6.0,8.0,6.0,43,5.426264754702098,1,True,0.0,0.9841178729522405,0.0,0.15799430387239194,0.24602946823806013,2,"((0, 0), (1, 1))",37683,4,3
4,3,4,2,3,zero,75,64,16384,144,6.22881869049588,6.0,12.0,6.0,8,3.0,1,True,0.0,0.5862730841142131,0.0,0.09412267610369944,0.14656827102855327,2,"((0, 0), (1, 1))",37683,4,3
4,3,4,2,4,zero,75,64,16384,144,6.22881869049588,6.0,16.0,6.0,5,2.321928094887362,1,True,0.0,0.49211932674297326,0.0,0.079006847236357,0.12302983168574332,2,"((0, 0), (1, 1))",37683,4,3
4,3,4,2,5,zero,75,64,16384,144,6.22881869049588,6.0,20.0,6.0,5,2.321928094887362,1,True,0.0,0.4056930214522127,0.0,0.06513161509601031,0.10142325536305317,2,"((0, 0), (1, 1))",37683,4,3
4,3,4,2,6,zero,75,64,16384,144,6.22881869049588,6.0,24.0,6.0,4,2.0,1,True,0.0,0.31756431044264394,0.0,0.050983071786499926,0.07939107761066098,2,"((0, 0), (1, 1))",37683,4,3
4,3,4,2,1,zero,52,64,16384,144,5.700439718141092,6.0,4.0,4.0,18,4.169925001442312,1,True,0.0,1.2628921781736349,0.0,0.22154294065326294,0.3157230445434087,2,"((0, 0), (1, 1))",37684,4,3
4,3,4,2,2,zero,52,64,16384,144,5.700439718141092,6.0,8.0,5.700439718141092,19,4.247927513443585,1,True,0.0,0.741575038705255,0.0,0.13009084831565976,0.18539375967631375,2,"((0, 0), (1, 1))",37684,4,3
4,3,4,2,3,zero,52,64,16384,144,5.700439718141092,6.0,12.0,5.700439718141092,5,2.321928094887362,1,True,0.0,0.5240103044654194,0.0,0.09192454097844556,0.13100257611635485,2,"((0, 0), (1, 1))",37684,4,3
4,3,4,2,4,zero,52,64,16384,144,5.700439718141092,6.0,16.0,5.700439718141092,2,1.0,1,True,0.0,0.3618115381377823,0.0,0.06347081208250523,0.09045288453444557,2,"((0, 0), (1, 1))",37684,4,3
4,3,4,2,5,zero,52,64,16384,144,5.700439718141092,6.0,20.0,5.700439718141092,2,1.0,1,True,0.0,0.2529746770107586,0.0,0.04437809879923674,0.06324366925268965,2,"((0, 0), (1, 1))",37684,4,3
4,3,4,2,6,zero,52,64,16384,144,5.700439718141092,6.0,24.0,5.700439718141092,2,1.0,1,True,0.0,0.2729570470328156,0.0,0.04788350733087423,0.0682392617582039,2,"((0, 0), (1, 1))",37684,4,3
4,3,4,2,1,zero,56,64,16384,144,5.807354922057604,6.0,4.0,4.0,14,3.807354922057604,3,True,1.584962500721156,1.684808621061239,0.272923305359058,0.29011635136367636,0.42120215526530974,2,"((0, 0), (1, 1))",37685,4,3
4,3,4,2,2,zero,56,64,16384,144,5.807354922057604,6.0,8.0,5.807354922057604,33,5.044394119358453,2,True,1.0,1.5048868422610688,0.17219543379409813,0.2591346426141753,0.3762217105652672,2,"((0, 0), (1, 1))",37685,4,3
4,3,4,2,3,zero,56,64,16384,144,5.807354922057604,6.0,12.0,5.807354922057604,22,4.459431618637297,2,True,1.0,1.5743879246719932,0.17219543379409813,0.2711024116490838,0.3935969811679983,2,"((0, 0), (1, 1))",37685,4,3
4,3,4,2,4,zero,56,64,16384,144,5.807354922057604,6.0,16.0,5.807354922057604,11,3.4594316186372973,1,True,0.0,1.4670580589201465,0.0,0.2526206988568822,0.36676451473003663,2,"((0, 0), (1, 1))",37685,4,3
4,3,4,2,5,zero,56,64,16384,144,5.807354922057604,6.0,20.0,5.807354922057604,7,2.807354922057604,1,True,0.0,1.3245453880378122,0.0,0.2280806676731431,0.33113634700945305,2,"((0, 0), (1, 1))",37685,4,3
4,3,4,2,6,zero,56,64,16384,144,5.807354922057604,6.0,24.0,5.807354922057604,6,2.584962500721156,1,True,0.0,1.3210030715372945,0.0,0.22747069694670047,0.3302507678843236,2,"((0, 0), (1, 1))",37685,4,3
4,3,4,2,1,zero,81,64,16384,144,6.339850002884624,6.0,4.0,4.0,44,5.459431618637297,1,False,0.0,1.1246479301925276,0.0,0.1773934603627553,0.2811619825481319,2,"((0, 0), (1, 1))",37686,4,3
4,3,4,2,2,zero,81,64,16384,144,6.339850002884624,6.0,8.0,6.0,42,5.392317422778761,1,False,0.0,0.4134197488167237,0.0,0.06520970506062734,0.10335493720418093,2,"((0, 0), (1, 1))",37686,4,3
4,3,4,2,3,zero,81,64,16384,144,6.339850002884624,6.0,12.0,6.0,5,2.321928094887362,1,False,0.0,0.11559470410161751,0.0,0.01823303454324977,0.028898676025404378,2,"((0, 0), (1, 1))",37686,4,3
4,3,4,2,4,zero,81,64,16384,144,6.339850002884624,6.0,16.0,6.0,2,1.0,1,False,0.0,0.04282832968869437,0.0,0.006755416874091269,0.010707082422173593,2,"((0, 0), (1, 1))",37686,4,3
4,3,4,2,5,zero,81,64,16384,144,6.339850002884624,6.0,20.0,6.0,1,0.0,1,False,0.0,0.015547425625255497,0.0,0.0024523333546032536,0.003886856406313874,2,"((0, 0), (1, 1))",37686,4,3
4,3,4,2,6,zero,81,64,16384,144,6.339850002884624,6.0,24.0,6.0,1,0.0,1,False,0.0,0.0073682264130872106,0.0,0.0011622083187669545,0.0018420566032718026,2,"((0, 0), (1, 1))",37686,4,3
4,3,4,3,1,zero,82,64,16384,144,6.357552004618084,6.0,6.0,6.0,68,6.087462841250339,2,False,1.0,1.7745207703211128,0.1572932473495469,0.2791201344530273,0.29575346172018546,2,"((0, 0), (1, 1), (2, 2))",37804,4,3
4,3,4,3,2,zero,82,64,16384,144,6.357552004618084,6.0,12.0,6.0,44,5.459431618637297,1,False,0.0,1.03069201540753,0.0,0.16212089412069963,0.17178200256792167,2,"((0, 0), (1, 1), (2, 2))",37804,4,3
4,3,4,3,3,zero,82,64,16384,144,6.357552004618084,6.0,18.0,6.0,6,2.584962500721156,1,False,0.0,0.9260931599859038,0.0,0.14566820048238627,0.15434885999765063,2,"((0, 0), (1, 1), (2, 2))",37804,4,3
4,3,4,3,4,zero,82,64,16384,144,6.357552004618084,6.0,24.0,6.0,3,1.584962500721156,1,False,0.0,0.9350088745922366,0.0,0.14707058218525815,0.15583481243203942,2,"((0, 0), (1, 1), (2, 2))",37804,4,3
4,3,4,3,5,zero,82,64,16384,144,6.357552004618084,6.0,30.0,6.0,3,1.584962500721156,1,False,0.0,0.8850743641093198,0.0,0.1392162208765902,0.14751239401821997,2,"((0, 0), (1, 1), (2, 2))",37804,4,3
4,3,4,3,6,zero,82,64,16384,144,6.357552004618084,6.0,36.0,6.0,3,1.584962500721156,1,False,0.0,0.8750945889456517,0.0,0.13764646963327848,0.14584909815760863,2,"((0, 0), (1, 1), (2, 2))",37804,4,3
4,3,4,3,1,zero,82,64,16384,144,6.357552004618084,6.0,6.0,6.0,51,5.672425341971495,2,False,1.0,1.7015495506298408,0.1572932473495469,0.26764225434472994,0.2835915917716401,2,"((0, 0), (1, 1), (2, 2))",37805,4,3
4,3,4,3,2,zero,82,64,16384,144,6.357552004618084,6.0,12.0,6.0,51,5.672425341971495,1,False,0.0,0.6869557986825714,0.0,0.10805350836038324,0.1144926331137619,2,"((0, 0), (1, 1), (2, 2))",37805,4,3
4,3,4,3,3,zero,82,64,16384,144,6.357552004618084,6.0,18.0,6.0,5,2.321928094887362,1,False,0.0,0.4214406739113284,0.0,0.06628977216469431,0.07024011231855473,2,"((0, 0), (1, 1), (2, 2))",37805,4,3
4,3,4,3,4,zero,82,64,16384,144,6.357552004618084,6.0,24.0,6.0,1,0.0,1,False,0.0,0.23938931761381246,0.0,0.03765432314826865,0.039898219602302075,2,"((0, 0), (1, 1), (2, 2))",37805,4,3
4,3,4,3,5,zero,82,64,16384,144,6.357552004618084,6.0,30.0,6.0,1,0.0,1,False,0.0,0.08262694627213743,0.0,0.012996660697721036,0.013771157712022905,2,"((0, 0), (1, 1), (2, 2))",37805,4,3
4,3,4,3,6,zero,82,64,16384,144,6.357552004618084,6.0,36.0,6.0,1,0.0,1,False,0.0,0.03027784585884629,0.0,0.004762500697886964,0.005046307643141048,2,"((0, 0), (1, 1), (2, 2))",37805,4,3
4,3,4,3,1,zero,59,64,16384,144,5.882643049361842,6.0,6.0,5.882643049361842,49,5.614709844115208,1,True,0.0,1.8787740429458046,0.0,0.3193758361982573,0.3131290071576341,2,"((0, 0), (1, 1), (2, 2))",37806,4,3
4,3,4,3,2,zero,59,64,16384,144,5.882643049361842,6.0,12.0,5.882643049361842,40,5.321928094887363,1,True,0.0,1.0775104058075389,0.0,0.18316773544919215,0.1795850676345898,2,"((0, 0), (1, 1), (2, 2))",37806,4,3
4,3,4,3,3,zero,59,64,16384,144,5.882643049361842,6.0,18.0,5.882643049361842,4,2.0,1,True,0.0,0.6805394649306012,0.0,0.11568600359058455,0.1134232441551002,2,"((0, 0), (1, 1), (2, 2))",37806,4,3
4,3,4,3,4,zero,59,64,16384,144,5.882643049361842,6.0,24.0,5.882643049361842,3,1.584962500721156,1,True,0.0,0.5880451828674257,0.0,0.09996275108536762,0.09800753047790428,2,"((0, 0), (1, 1), (2, 2))",37806,4,3
4,3,4,3,5,zero,59,64,16384,144,5.882643049361842,6.0,30.0,5.882643049361842,2,1.0,1,True,0.0,0.5645472049563203,0.0,0.0959682918407846,0.09409120082605338,2,"((0, 0), (1, 1), (2, 2))",37806,4,3
4,3,4,3,6,zero,59,64,16384,144,5.882643049361842,6.0,36.0,5.882643049361842,2,1.0,1,True,0.0,0.5434710776395314,0.0,0.09238552689313488,0.0905785129399219,2,"((0, 0), (1, 1), (2, 2))",37806,4,3
4,3,4,3,1,zero,73,64,16384,144,6.189824558880018,6.0,6.0,6.0,62,5.954196310386875,2,True,1.0,1.4629824839352692,0.16155546744299637,0.23635281905307834,0.24383041398921154,2,"((0, 0), (1, 1), (2, 2))",37807,4,3
4,3,4,3,2,zero,73,64,16384,144,6.189824558880018,6.0,12.0,6.0,45,5.491853096329675,1,True,0.0,0.8542307981041841,0.0,0.13800565589192532,0.1423717996840307,2,"((0, 0), (1, 1), (2, 2))",37807,4,3
4,3,4,3,3,zero,73,64,16384,144,6.189824558880018,6.0,18.0,6.0,4,2.0,1,True,0.0,0.48711948398362565,0.0,0.07869681593556582,0.08118658066393761,2,"((0, 0), (1, 1), (2, 2))",37807,4,3
4,3,4,3,4,zero,73,64,16384,144,6.189824558880018,6.0,24.0,6.0,2,1.0,1,True,0.0,0.38505916318111744,0.0,0.06220841310093444,0.0641765271968529,2,"((0, 0), (1, 1), (2, 2))",37807,4,3
4,3,4,3,5,zero,73,64,16384,144,6.189824558880018,6.0,30.0,6.0,2,1.0,1,True,0.0,0.37901593496711944,0.0,0.06123209654195729,0.06316932249451991,2,"((0, 0), (1, 1), (2, 2))",37807,4,3
4,3,4,3,6,zero,73,64,16384,144,6.189824558880018,6.0,36.0,6.0,2,1.0,1,True,0.0,0.35061894381781383,0.0,0.05664440736285659,0.0584364906363023,2,"((0, 0), (1, 1), (2, 2))",37807,4,3
4,3,4,3,1,zero,33,64,16384,144,5.044394119358453,6.0,6.0,5.044394119358453,30,4.906890595608519,2,True,1.0,1.6498188181969042,0.19823986317056053,0.3270598567755702,0.2749698030328174,2,"((0, 0), (1, 1), (2, 2))",37808,4,3
4,3,4,3,2,zero,33,64,16384,144,5.044394119358453,6.0,12.0,5.044394119358453,28,4.807354922057604,1,True,0.0,0.9492292752183855,0.0,0.1881750816367831,0.15820487920306425,2,"((0, 0), (1, 1), (2, 2))",37808,4,3
4,3,4,3,3,zero,33,64,16384,144,5.044394119358453,6.0,18.0,5.044394119358453,8,3.0,1,True,0.0,0.8287541648837575,0.0,0.16429211224858825,0.13812569414729292,2,"((0, 0), (1, 1), (2, 2))",37808,4,3
4,3,4,3,4,zero,33,64,16384,144,5.044394119358453,6.0,24.0,5.044394119358453,7,2.807354922057604,1,True,0.0,0.8215733566899982,0.0,0.16286858981480337,0.13692889278166637,2,"((0, 0), (1, 1), (2, 2))",37808,4,3
4,3,4,3,5,zero,33,64,16384,144,5.044394119358453,6.0,30.0,5.044394119358453,7,2.807354922057604,1,True,0.0,0.8228151998982776,0.0,0.16311477264249197,0.13713586664971292,2,"((0, 0), (1, 1), (2, 2))",37808,4,3
4,3,4,3,6,zero,33,64,16384,144,5.044394119358453,6.0,36.0,5.044394119358453,5,2.321928094887362,1,True,0.0,0.8734092460067558,0.0,0.17314452942028172,0.14556820766779263,2,"((0, 0), (1, 1), (2, 2))",37808,4,3
4,3,4,3,1,zero,112,64,16384,144,6.807354922057604,6.0,6.0,6.0,111,6.794415866350106,2,False,1.0,1.91677566460007,0.1468999356504447,0.28157422178608865,0.3194626107666783,2,"((0, 0), (1, 1), (2, 2))",37809,4,3
4,3,4,3,2,zero,112,64,16384,144,6.807354922057604,6.0,12.0,6.0,31,4.954196310386875,1,False,0.0,0.9664209356134128,0.0,0.1419671732528529,0.1610701559355688,2,"((0, 0), (1, 1), (2, 2))",37809,4,3
4,3,4,3,3,zero,112,64,16384,144,6.807354922057604,6.0,18.0,6.0,3,1.584962500721156,1,False,0.0,0.5181843359557795,0.0,0.07612124560697243,0.08636405599262992,2,"((0, 0), (1, 1), (2, 2))",37809,4,3
4,3,4,3,4,zero,112,64,16384,144,6.807354922057604,6.0,24.0,6.0,2,1.0,1,False,0.0,0.4876462111541739,0.0,0.07163519703873131,0.08127436852569565,2,"((0, 0), (1, 1), (2, 2))",37809,4,3
4,3,4,3,5,zero,112,64,16384,144,6.807354922057604,6.0,30.0,6.0,2,1.0,1,False,0.0,0.4902554411027879,0.0,0.07201849275027992,0.08170924018379798,2,"((0, 0), (1, 1), (2, 2))",37809,4,3
4,3,4,3,6,zero,112,64,16384,144,6.807354922057604,6.0,36.0,6.0,2,1.0,1,False,0.0,0.4822758031949034,0.0,0.07084628445509784,0.08037930053248389,2,"((0, 0), (1, 1), (2, 2))",37809,4,3
4,3,4,3,1,zero,76,64,16384,144,6.247927513443585,6.0,6.0,6.0,54,5.754887502163468,1,True,0.0,1.02941585662493,0.0,0.1647611715100646,0.17156930943748835,2,"((0, 0), (1, 1), (2, 2))",37810,4,3
4,3,4,3,2,zero,76,64,16384,144,6.247927513443585,6.0,12.0,6.0,47,5.554588851677638,1,True,0.0,0.4561551152088503,0.0,0.0730090280700836,0.07602585253480838,2,"((0, 0), (1, 1), (2, 2))",37810,4,3
4,3,4,3,3,zero,76,64,16384,144,6.247927513443585,6.0,18.0,6.0,11,3.4594316186372973,1,True,0.0,0.19836866560018618,0.0,0.03174951456676776,0.033061444266697694,2,"((0, 0), (1, 1), (2, 2))",37810,4,3
4,3,4,3,4,zero,76,64,16384,144,6.247927513443585,6.0,24.0,6.0,3,1.584962500721156,1,True,0.0,0.08566904498324511,0.0,0.013711593932373915,0.014278174163874184,2,"((0, 0), (1, 1), (2, 2))",37810,4,3
4,3,4,3,5,zero,76,64,16384,144,6.247927513443585,6.0,30.0,6.0,1,0.0,1,True,0.0,0.03662613918753951,0.0,0.005862126138424544,0.006104356531256585,2,"((0, 0), (1, 1), (2, 2))",37810,4,3
4,3,4,3,6,zero,76,64,16384,144,6.247927513443585,6.0,36.0,6.0,1,0.0,1,True,0.0,0.01781939291053078,0.0,0.002852048598865627,0.0029698988184217964,2,"((0, 0), (1, 1), (2, 2))",37810,4,3
4,3,4,3,1,zero,31,64,16384,144,4.954196310386875,6.0,6.0,4.954196310386875,26,4.700439718141092,2,True,1.0,1.882527132206414,0.20184908658209985,0.3799863821018846,0.31375452203440235,2,"((0, 0), (1, 1), (2, 2))",37811,4,3
4,3,4,3,2,zero,31,64,16384,144,4.954196310386875,6.0,12.0,4.954196310386875,20,4.321928094887363,1,True,0.0,1.088432125920058,0.0,0.2196990304235768,0.18140535432000968,2,"((0, 0), (1, 1), (2, 2))",37811,4,3
4,3,4,3,3,zero,31,64,16384,144,4.954196310386875,6.0,18.0,4.954196310386875,4,2.0,1,True,0.0,0.8422822823788629,0.0,0.1700139093424598,0.14038038039647716,2,"((0, 0), (1, 1), (2, 2))",37811,4,3
4,3,4,3,4,zero,31,64,16384,144,4.954196310386875,6.0,24.0,4.954196310386875,4,2.0,1,True,0.0,0.7094701099229408,0.0,0.14320589364524758,0.11824501832049013,2,"((0, 0), (1, 1), (2, 2))",37811,4,3
4,3,4,3,5,zero,31,64,16384,144,4.954196310386875,6.0,30.0,4.954196310386875,4,2.0,1,True,0.0,0.7270375044615526,0.0,0.14675185618649375,0.12117291741025876,2,"((0, 0), (1, 1), (2, 2))",37811,4,3
4,3,4,3,6,zero,31,64,16384,144,4.954196310386875,6.0,36.0,4.954196310386875,4,2.0,1,True,0.0,0.7295123116434461,0.0,0.14725139375562576,0.12158538527390768,2,"((0, 0), (1, 1), (2, 2))",37811,4,3
4,3,4,3,1,zero,65,64,16384,144,6.022367813028454,6.0,6.0,6.0,42,5.392317422778761,1,True,0.0,1.2511251972477135,0.0,0.20774639412443377,0.20852086620795227,2,"((0, 0), (1, 1), (2, 2))",37812,4,3
4,3,4,3,2,zero,65,64,16384,144,6.022367813028454,6.0,12.0,6.0,33,5.044394119358453,1,True,0.0,0.3501053955485105,0.0,0.05813417685833005,0.058350899258085086,2,"((0, 0), (1, 1), (2, 2))",37812,4,3
4,3,4,3,3,zero,65,64,16384,144,6.022367813028454,6.0,18.0,6.0,3,1.584962500721156,1,True,0.0,0.0960160970470871,0.0,0.015943246913509873,0.016002682841181184,2,"((0, 0), (1, 1), (2, 2))",37812,4,3
4,3,4,3,4,zero,65,64,16384,144,6.022367813028454,6.0,24.0,6.0,2,1.0,1,True,0.0,0.033876830009094056,0.0,0.0056251678842675155,0.005646138334849009,2,"((0, 0), (1, 1), (2, 2))",37812,4,3
4,3,4,3,5,zero,65,64,16384,144,6.022367813028454,6.0,30.0,6.0,1,0.0,1,True,0.0,0.008654977424680917,0.0,0.0014371386294203456,0.0014424962374468195,2,"((0, 0), (1, 1), (2, 2))",37812,4,3
4,3,4,3,6,zero,65,64,16384,144,6.022367813028454,6.0,36.0,6.0,1,0.0,1,True,0.0,0.002150221048297097,0.0,0.00035703914391369934,0.00035837017471618287,2,"((0, 0), (1, 1), (2, 2))",37812,4,3
4,3,4,3,1,zero,31,64,16384,144,4.954196310386875,6.0,6.0,4.954196310386875,27,4.754887502163468,1,True,0.0,1.4188692651401291,0.0,0.28639746514795034,0.2364782108566882,2,"((0, 0), (1, 1), (2, 2))",37813,4,3
4,3,4,3,2,zero,31,64,16384,144,4.954196310386875,6.0,12.0,4.954196310386875,19,4.247927513443585,1,True,0.0,0.9547737031364695,0.0,0.19272019987070535,0.15912895052274492,2,"((0, 0), (1, 1), (2, 2))",37813,4,3
4,3,4,3,3,zero,31,64,16384,144,4.954196310386875,6.0,18.0,4.954196310386875,6,2.584962500721156,1,True,0.0,0.75997744904705,0.0,0.15340075391314137,0.12666290817450834,2,"((0, 0), (1, 1), (2, 2))",37813,4,3
4,3,4,3,4,zero,31,64,16384,144,4.954196310386875,6.0,24.0,4.954196310386875,5,2.321928094887362,1,True,0.0,0.5669940044634577,0.0,0.11444722189847599,0.09449900074390961,2,"((0, 0), (1, 1), (2, 2))",37813,4,3
4,3,4,3,5,zero,31,64,16384,144,4.954196310386875,6.0,30.0,4.954196310386875,4,2.0,1,True,0.0,0.5262494803095041,0.0,0.10622297691477815,0.08770824671825068,2,"((0, 0), (1, 1), (2, 2))",37813,4,3
4,3,4,3,6,zero,31,64,16384,144,4.954196310386875,6.0,36.0,4.954196310386875,4,2.0,1,True,0.0,0.5163315708697962,0.0,0.10422105595356912,0.0860552618116327,2,"((0, 0), (1, 1), (2, 2))",37813,4,3
4,3,4,3,1,zero,87,64,16384,144,6.442943495848728,6.0,6.0,6.0,63,5.977279923499917,2,False,1.0,1.7189528389690922,0.15520856277015513,0.2667961996060707,0.28649213982818206,2,"((0, 0), (1, 1), (2, 2))",37814,4,3
4,3,4,3,2,zero,87,64,16384,144,6.442943495848728,6.0,12.0,6.0,55,5.78135971352466,1,False,0.0,0.6769199453825203,0.0,0.10506377183327288,0.11281999089708672,2,"((0, 0), (1, 1), (2, 2))",37814,4,3
4,3,4,3,3,zero,87,64,16384,144,6.442943495848728,6.0,18.0,6.0,3,1.584962500721156,1,False,0.0,0.20740659205150738,0.0,0.03219127906137034,0.0345677653419179,2,"((0, 0), (1, 1), (2, 2))",37814,4,3
4,3,4,3,4,zero,87,64,16384,144,6.442943495848728,6.0,24.0,6.0,1,0.0,1,False,0.0,0.03674111514257182,0.0,0.005702535675851356,0.006123519190428636,2,"((0, 0), (1, 1), (2, 2))",37814,4,3
4,3,4,3,5,zero,87,64,16384,144,6.442943495848728,6.0,30.0,6.0,1,0.0,1,False,0.0,0.008209927001651041,0.0,0.0012742509703741471,0.0013683211669418402,2,"((0, 0), (1, 1), (2, 2))",37814,4,3
4,3,4,3,6,zero,87,64,16384,144,6.442943495848728,6.0,36.0,6.0,1,0.0,1,False,0.0,0.0012647616816324565,0.0,0.0001963018428529381,0.00021079361360540943,2,"((0, 0), (1, 1), (2, 2))",37814,4,3
4,3,4,3,1,zero,29,64,16384,144,4.857980995127572,6.0,6.0,4.857980995127572,25,4.643856189774724,2,True,1.0,1.5599071870592693,0.20584683246043448,0.321101953388417,0.2599845311765449,2,"((0, 0), (1, 1), (2, 2))",37815,4,3
4,3,4,3,2,zero,29,64,16384,144,4.857980995127572,6.0,12.0,4.857980995127572,23,4.523561956057013,1,True,0.0,1.149211105851962,0.0,0.23656146596797945,0.19153518430866034,2,"((0, 0), (1, 1), (2, 2))",37815,4,3
4,3,4,3,3,zero,29,64,16384,144,4.857980995127572,6.0,18.0,4.857980995127572,7,2.807354922057604,1,True,0.0,0.6328423943823334,0.0,0.13026860233028037,0.10547373239705556,2,"((0, 0), (1, 1), (2, 2))",37815,4,3
4,3,4,3,4,zero,29,64,16384,144,4.857980995127572,6.0,24.0,4.857980995127572,4,2.0,1,True,0.0,0.4894540966465209,0.0,0.10075257542946969,0.08157568277442015,2,"((0, 0), (1, 1), (2, 2))",37815,4,3
4,3,4,3,5,zero,29,64,16384,144,4.857980995127572,6.0,30.0,4.857980995127572,3,1.584962500721156,1,True,0.0,0.48048018432908646,0.0,0.09890532400414813,0.08008003072151441,2,"((0, 0), (1, 1), (2, 2))",37815,4,3
4,3,4,3,6,zero,29,64,16384,144,4.857980995127572,6.0,36.0,4.857980995127572,3,1.584962500721156,1,True,0.0,0.5092773508269418,0.0,0.1048331295115674,0.08487955847115697,2,"((0, 0), (1, 1), (2, 2))",37815,4,3
4,3,4,3,1,zero,88,64,16384,144,6.459431618637297,6.0,6.0,6.0,73,6.189824558880018,2,False,1.0,1.833753994287061,0.1548123827357682,0.2838878252068122,0.30562566571451016,2,"((0, 0), (1, 1), (2, 2))",37816,4,3
4,3,4,3,2,zero,88,64,16384,144,6.459431618637297,6.0,12.0,6.0,51,5.672425341971495,1,False,0.0,0.9451023880644167,0.0,0.146313552625517,0.15751706467740278,2,"((0, 0), (1, 1), (2, 2))",37816,4,3
4,3,4,3,3,zero,88,64,16384,144,6.459431618637297,6.0,18.0,6.0,4,2.0,1,False,0.0,0.5834441859544169,0.0,0.09032438462093391,0.0972406976590695,2,"((0, 0), (1, 1), (2, 2))",37816,4,3
4,3,4,3,4,zero,88,64,16384,144,6.459431618637297,6.0,24.0,6.0,2,1.0,1,False,0.0,0.4734926854942242,0.0,0.07330253084931855,0.07891544758237069,2,"((0, 0), (1, 1), (2, 2))",37816,4,3
4,3,4,3,5,zero,88,64,16384,144,6.459431618637297,6.0,30.0,6.0,2,1.0,1,False,0.0,0.4460060066472329,0.0,0.069047252603523,0.07433433444120548,2,"((0, 0), (1, 1), (2, 2))",37816,4,3
4,3,4,3,6,zero,88,64,16384,144,6.459431618637297,6.0,36.0,6.0,2,1.0,1,False,0.0,0.40968425970554967,0.0,0.06342419641435541,0.06828070995092494,2,"((0, 0), (1, 1), (2, 2))",37816,4,3
4,3,4,3,1,zero,101,64,16384,144,6.658211482751795,6.0,6.0,6.0,78,6.285402218862249,2,False,1.0,1.8225393533730725,0.15019048322368797,0.27372806617728956,0.30375655889551206,2,"((0, 0), (1, 1), (2, 2))",37817,4,3
4,3,4,3,2,zero,101,64,16384,144,6.658211482751795,6.0,12.0,6.0,76,6.247927513443585,1,False,0.0,0.8421147172508631,0.0,0.12647761631368648,0.14035245287514383,2,"((0, 0), (1, 1), (2, 2))",37817,4,3
4,3,4,3,3,zero,101,64,16384,144,6.658211482751795,6.0,18.0,6.0,1,0.0,1,False,0.0,0.30566229004541956,0.0,0.04590756704518063,0.050943715007569924,2,"((0, 0), (1, 1), (2, 2))",37817,4,3
4,3,4,3,4,zero,101,64,16384,144,6.658211482751795,6.0,24.0,6.0,1,0.0,1,False,0.0,0.12812040439873187,0.0,0.019242465447459858,0.021353400733121978,2,"((0, 0), (1, 1), (2, 2))",37817,4,3
4,3,4,3,5,zero,101,64,16384,144,6.658211482751795,6.0,30.0,6.0,1,0.0,1,False,0.0,0.0477735489677012,0.0,0.007175132404769563,0.007962258161283533,2,"((0, 0), (1, 1), (2, 2))",37817,4,3
4,3,4,3,6,zero,101,64,16384,144,6.658211482751795,6.0,36.0,6.0,1,0.0,1,False,0.0,0.030297483890460216,0.0,0.004550393745970121,0.005049580648410036,2,"((0, 0), (1, 1), (2, 2))",37817,4,3
4,3,4,3,1,zero,73,64,16384,144,6.189824558880018,6.0,6.0,6.0,51,5.672425341971495,1,True,0.0,1.4122534552029415,0.0,0.22815726710329795,0.23537557586715693,2,"((0, 0), (1, 1), (2, 2))",37818,4,3
4,3,4,3,2,zero,73,64,16384,144,6.189824558880018,6.0,12.0,6.0,34,5.087462841250339,1,True,0.0,0.4556259177158686,0.0,0.07360885811573134,0.07593765295264476,2,"((0, 0), (1, 1), (2, 2))",37818,4,3
4,3,4,3,3,zero,73,64,16384,144,6.189824558880018,6.0,18.0,6.0,2,1.0,1,True,0.0,0.16565183134966052,0.0,0.026761959046482806,0.027608638558276753,2,"((0, 0), (1, 1), (2, 2))",37818,4,3
4,3,4,3,4,zero,73,64,16384,144,6.189824558880018,6.0,24.0,6.0,1,0.0,1,True,0.0,0.06986689774788601,0.0,0.011287379324451756,0.011644482957981003,2,"((0, 0), (1, 1), (2, 2))",37818,4,3
4,3,4,3,5,zero,73,64,16384,144,6.189824558880018,6.0,30.0,6.0,1,0.0,1,True,0.0,0.027257411101617893,0.0,0.004403583791807797,0.004542901850269649,2,"((0, 0), (1, 1), (2, 2))",37818,4,3
4,3,4,3,6,zero,73,64,16384,144,6.189824558880018,6.0,36.0,6.0,1,0.0,1,True,0.0,0.00737375009556827,0.0,0.001191269643497371,0.0012289583492613783,2,"((0, 0), (1, 1), (2, 2))",37818,4,3
4,3,4,3,1,zero,127,64,16384,144,6.9886846867721655,6.0,6.0,6.0,113,6.820178962415188,3,False,1.584962500721156,2.067149001379247,0.22678981407203766,0.29578512896594744,0.34452483356320784,2,"((0, 0), (1, 1), (2, 2))",37819,4,3
4,3,4,3,2,zero,127,64,16384,144,6.9886846867721655,6.0,12.0,6.0,52,5.700439718141092,1,False,0.0,1.3498399951436535,0.0,0.1931465011862051,0.22497333252394225,2,"((0, 0), (1, 1), (2, 2))",37819,4,3
4,3,4,3,3,zero,127,64,16384,144,6.9886846867721655,6.0,18.0,6.0,4,2.0,1,False,0.0,1.2860340169689957,0.0,0.18401660321049207,0.21433900282816595,2,"((0, 0), (1, 1), (2, 2))",37819,4,3
4,3,4,3,4,zero,127,64,16384,144,6.9886846867721655,6.0,24.0,6.0,3,1.584962500721156,1,False,0.0,1.245384193700387,0.0,0.1782000833515337,0.20756403228339784,2,"((0, 0), (1, 1), (2, 2))",37819,4,3
4,3,4,3,5,zero,127,64,16384,144,6.9886846867721655,6.0,30.0,6.0,3,1.584962500721156,1,False,0.0,1.1717357230733756,0.0,0.1676618384702888,0.19528928717889593,2,"((0, 0), (1, 1), (2, 2))",37819,4,3
4,3,4,3,6,zero,127,64,16384,144,6.9886846867721655,6.0,36.0,6.0,3,1.584962500721156,1,False,0.0,1.127621818757835,0.0,0.16134964865307796,0.1879369697929725,2,"((0, 0), (1, 1), (2, 2))",37819,4,3
4,3,4,3,1,zero,71,64,16384,144,6.149747119504682,6.0,6.0,6.0,49,5.614709844115208,1,True,0.0,1.2815249951903178,0.0,0.20838661660181165,0.2135874991983863,2,"((0, 0), (1, 1), (2, 2))",37820,4,3
4,3,4,3,2,zero,71,64,16384,144,6.149747119504682,6.0,12.0,6.0,43,5.426264754702098,2,True,1.0,1.1889366091290043,0.16260831227163416,0.19333097540842697,0.19815610152150073,2,"((0, 0), (1, 1), (2, 2))",37820,4,3
4,3,4,3,3,zero,71,64,16384,144,6.149747119504682,6.0,18.0,6.0,7,2.807354922057604,1,True,0.0,0.9010451034613056,0.0,0.1465174235544629,0.1501741839102176,2,"((0, 0), (1, 1), (2, 2))",37820,4,3
4,3,4,3,4,zero,71,64,16384,144,6.149747119504682,6.0,24.0,6.0,3,1.584962500721156,1,True,0.0,0.8048926218370583,0.0,0.1308822307968147,0.1341487703061764,2,"((0, 0), (1, 1), (2, 2))",37820,4,3
4,3,4,3,5,zero,71,64,16384,144,6.149747119504682,6.0,30.0,6.0,3,1.584962500721156,1,True,0.0,0.8331725533934888,0.0,0.1354807827383632,0.13886209223224813,2,"((0, 0), (1, 1), (2, 2))",37820,4,3
4,3,4,3,6,zero,71,64,16384,144,6.149747119504682,6.0,36.0,6.0,3,1.584962500721156,1,True,0.0,0.8800643209390481,0.0,0.1431057739183804,0.1466773868231747,2,"((0, 0), (1, 1), (2, 2))",37820,4,3
4,3,4,3,1,zero,35,64,16384,144,5.129283016944966,6.0,6.0,5.129283016944966,25,4.643856189774724,1,True,0.0,1.3887222013351903,0.0,0.2707439220544945,0.23145370022253173,2,"((0, 0), (1, 1), (2, 2))",37821,4,3
4,3,4,3,2,zero,35,64,16384,144,5.129283016944966,6.0,12.0,5.129283016944966,23,4.523561956057013,1,True,0.0,0.4611785223026471,0.0,0.0899109136265458,0.07686308705044119,2,"((0, 0), (1, 1), (2, 2))",37821,4,3
4,3,4,3,3,zero,35,64,16384,144,5.129283016944966,6.0,18.0,5.129283016944966,2,1.0,1,True,0.0,0.14793200004833063,0.0,0.02884067803621409,0.024655333341388436,2,"((0, 0), (1, 1), (2, 2))",37821,4,3
4,3,4,3,4,zero,35,64,16384,144,5.129283016944966,6.0,24.0,5.129283016944966,1,0.0,1,True,0.0,0.03988167199684279,0.0,0.007775291763993278,0.006646945332807131,2,"((0, 0), (1, 1), (2, 2))",37821,4,3
4,3,4,3,5,zero,35,64,16384,144,5.129283016944966,6.0,30.0,5.129283016944966,1,0.0,1,True,0.0,0.0172570052954925,0.0,0.0033644088732251087,0.00287616754924875,2,"((0, 0), (1, 1), (2, 2))",37821,4,3
4,3,4,3,6,zero,35,64,16384,144,5.129283016944966,6.0,36.0,5.129283016944966,1,0.0,1,True,0.0,0.003510845017069702,0.0,0.0006844709105485826,0.0005851408361782837,2,"((0, 0), (1, 1), (2, 2))",37821,4,3
4,3,4,3,1,zero,69,64,16384,144,6.108524456778169,6.0,6.0,6.0,68,6.087462841250339,2,True,1.0,1.70051939919521,0.16370565544521565,0.27838464284255615,0.2834198998658683,2,"((0, 0), (1, 1), (2, 2))",37822,4,3
4,3,4,3,2,zero,69,64,16384,144,6.108524456778169,6.0,12.0,6.0,31,4.954196310386875,1,True,0.0,0.88433089039405,0.0,0.1447699680424091,0.14738848173234168,2,"((0, 0), (1, 1), (2, 2))",37822,4,3
4,3,4,3,3,zero,69,64,16384,144,6.108524456778169,6.0,18.0,6.0,3,1.584962500721156,1,True,0.0,0.4605656758833083,0.0,0.07539720584604573,0.07676094598055139,2,"((0, 0), (1, 1), (2, 2))",37822,4,3
4,3,4,3,4,zero,69,64,16384,144,6.108524456778169,6.0,24.0,6.0,2,1.0,1,True,0.0,0.2841544716683918,0.0,0.04651769403216304,0.04735907861139863,2,"((0, 0), (1, 1), (2, 2))",37822,4,3
4,3,4,3,5,zero,69,64,16384,144,6.108524456778169,6.0,30.0,6.0,2,1.0,1,True,0.0,0.2143690894308115,0.0,0.035093432292465046,0.035728181571801916,2,"((0, 0), (1, 1), (2, 2))",37822,4,3
4,3,4,3,6,zero,69,64,16384,144,6.108524456778169,6.0,36.0,6.0,2,1.0,1,True,0.0,0.15635107505166254,0.0,0.02559555522089652,0.026058512508610424,2,"((0, 0), (1, 1), (2, 2))",37822,4,3
4,3,4,3,1,zero,77,64,16384,144,6.266786540694901,6.0,6.0,6.0,60,5.906890595608519,2,True,1.0,1.9278929502191138,0.15957141566993818,0.3076366073265576,0.32131549170318563,2,"((0, 0), (1, 1), (2, 2))",37823,4,3
4,3,4,3,2,zero,77,64,16384,144,6.266786540694901,6.0,12.0,6.0,38,5.247927513443585,1,True,0.0,0.9270062164040311,0.0,0.14792369428642432,0.15450103606733853,2,"((0, 0), (1, 1), (2, 2))",37823,4,3
4,3,4,3,3,zero,77,64,16384,144,6.266786540694901,6.0,18.0,6.0,13,3.700439718141092,1,True,0.0,0.8459659999759462,0.0,0.13499199222479663,0.14099433332932437,2,"((0, 0), (1, 1), (2, 2))",37823,4,3
4,3,4,3,4,zero,77,64,16384,144,6.266786540694901,6.0,24.0,6.0,4,2.0,1,True,0.0,0.7288123247294845,0.0,0.11629761441478254,0.12146872078824743,2,"((0, 0), (1, 1), (2, 2))",37823,4,3
4,3,4,3,5,zero,77,64,16384,144,6.266786540694901,6.0,30.0,6.0,3,1.584962500721156,1,True,0.0,0.7302717962607528,0.0,0.11653050435315698,0.1217119660434588,2,"((0, 0), (1, 1), (2, 2))",37823,4,3
4,3,4,3,6,zero,77,64,16384,144,6.266786540694901,6.0,36.0,6.0,2,1.0,1,True,0.0,0.7397957062800181,0.0,0.11805024815764427,0.12329928438000302,2,"((0, 0), (1, 1), (2, 2))",37823,4,3
