graph_id,observer_id,size,is_whole,genuine_feedback,boundary_in_edges,boundary_out_edges,boundary_total_edges,boundary_in_nodes,boundary_targets,boundary_mi_bits,boundary_mi_norm,boundary_h_input_bits,live_boundary,vertices
0,0,1,0,0,3,0,3,3,1,1.9166159218625491,0.3194359869770915,6.0,1,0
0,1,1,0,0,3,0,3,3,1,1.992939903591381,0.33215665059856353,6.0,1,4
0,2,1,0,0,2,1,3,2,1,1.748999223062281,0.43724980576557027,4.0,1,12
0,3,11,0,1,5,5,10,4,4,1.5318169226754197,0.19147711533442746,8.0,1,1 2 3 5 6 7 9 11 15 16 17
0,4,1,0,0,0,2,2,0,0,0.0,0.0,0.0,0,8
0,5,1,0,0,0,1,1,0,0,0.0,0.0,0.0,0,10
0,6,1,0,0,0,1,1,0,0,0.0,0.0,0.0,0,13
0,7,1,0,0,0,3,3,0,0,0.0,0.0,0.0,0,14
1,0,1,0,0,1,0,1,1,1,0.8112781244591329,0.40563906222956647,2.0,1,11
1,1,17,0,1,0,1,1,0,0,0.0,0.0,0.0,0,0 1 2 3 4 5 6 7 8 9 10 12 13 14 15 16 17
2,0,15,0,1,8,0,8,2,8,3.855320428455176,0.963830107113794,4.0,1,1 2 3 4 5 6 8 9 10 12 13 14 15 16 17
2,1,1,0,0,0,5,5,0,0,0.0,0.0,0.0,0,0
2,2,1,0,0,1,0,1,1,1,1.5,0.75,2.0,1,11
2,3,1,0,0,0,4,4,0,0,0.0,0.0,0.0,0,7
3,0,1,0,0,3,0,3,3,1,1.9226673650971549,0.32044456084952583,6.0,1,0
3,1,1,0,0,2,0,2,2,1,1.8496017527145812,0.4624004381786453,4.0,1,10
3,2,11,0,1,5,3,8,4,5,2.351833539771743,0.29397919247146787,8.0,1,2 4 5 6 9 11 12 13 14 15 16
3,3,1,0,0,1,3,4,1,1,1.5,0.75,2.0,1,3
3,4,1,0,0,2,1,3,2,1,1.649397470347699,0.41234936758692475,4.0,1,17
3,5,1,0,0,1,2,3,1,1,1.5,0.75,2.0,1,7
3,6,1,0,0,0,3,3,0,0,0.0,0.0,0.0,0,1
3,7,1,0,0,0,2,2,0,0,0.0,0.0,0.0,0,8
4,0,1,0,0,3,0,3,3,1,1.974260138703209,0.32904335645053484,6.0,1,5
4,1,15,0,1,1,2,3,1,1,0.5612781244591329,0.28063906222956647,2.0,1,0 1 2 3 4 6 7 8 9 10 11 12 14 16 17
4,2,1,0,0,0,1,1,0,0,0.0,0.0,0.0,0,13
4,3,1,0,0,0,1,1,0,0,0.0,0.0,0.0,0,15
5,0,1,0,0,4,0,4,4,1,1.9641968943470793,0.24552461179338492,8.0,1,4
5,1,1,0,0,4,0,4,4,1,1.9867325043954427,0.24834156304943034,8.0,1,13
5,2,3,0,1,5,3,8,5,3,1.6656412935399008,0.21235267487361284,7.84375,1,0 1 11
5,3,1,0,0,4,0,4,4,1,1.9887975262112434,0.24859969077640542,8.0,1,14
5,4,1,0,0,2,1,3,2,1,1.8828560636920493,0.4707140159230123,4.0,1,6
5,5,1,0,0,1,1,2,1,1,1.5,0.75,2.0,1,10
5,6,1,0,0,2,3,5,2,1,1.8828560636920493,0.4707140159230123,4.0,1,2
5,7,1,0,0,2,3,5,2,1,1.9544340029249652,0.4886085007312413,4.0,1,3
5,8,1,0,0,0,1,1,0,0,0.0,0.0,0.0,0,5
5,9,1,0,0,0,2,2,0,0,0.0,0.0,0.0,0,7
5,10,1,0,0,0,2,2,0,0,0.0,0.0,0.0,0,8
5,11,1,0,0,1,2,3,1,1,1.5,0.75,2.0,1,9
5,12,1,0,0,0,0,0,0,0,0.0,0.0,0.0,0,12
5,13,1,0,0,1,1,2,1,1,2.0,1.0,2.0,1,17
5,14,1,0,0,1,3,4,1,1,1.5,0.75,2.0,1,16
5,15,1,0,0,0,5,5,0,0,0.0,0.0,0.0,0,15
6,0,17,0,1,0,0,0,0,0,0.0,0.0,0.0,0,0 1 2 3 4 5 6 7 8 9 10 12 13 14 15 16 17
6,1,1,0,0,0,0,0,0,0,0.0,0.0,0.0,0,11
7,0,1,0,0,3,0,3,3,1,1.989824458389819,0.3316374097316365,6.0,1,1
7,1,1,0,0,1,0,1,1,1,1.0,0.5,2.0,1,13
7,2,1,0,0,2,1,3,2,1,1.9772170014624821,0.49430425036562053,4.0,1,2
7,3,2,0,1,3,0,3,3,1,0.6255087231355603,0.10425145385592671,6.0,1,11 14
7,4,1,0,0,2,2,4,2,1,1.9544340029249652,0.4886085007312413,4.0,1,8
7,5,1,0,0,1,3,4,1,1,1.5,0.75,2.0,1,9
7,6,11,0,1,0,6,6,0,0,0.0,0.0,0.0,0,0 3 4 5 6 7 10 12 15 16 17
8,0,1,0,0,4,0,4,4,1,1.9960585066677048,0.2495073133334631,8.0,1,11
8,1,1,0,0,2,0,2,2,1,1.923794940695398,0.4809487351738495,4.0,1,2
8,2,14,0,1,4,5,9,2,4,0.9456036779300625,0.23640091948251563,4.0,1,0 3 4 5 6 8 9 10 12 13 14 15 16 17
8,3,1,0,0,0,3,3,0,0,0.0,0.0,0.0,0,1
8,4,1,0,0,0,2,2,0,0,0.0,0.0,0.0,0,7
9,0,1,0,0,3,0,3,3,1,1.952553313494704,0.32542555224911734,6.0,1,4
9,1,1,0,0,1,0,1,1,1,1.0,0.5,2.0,1,5
9,2,13,0,1,5,4,9,2,4,1.3549061664319986,0.33872654160799964,4.0,1,0 1 3 6 7 8 9 10 13 14 15 16 17
9,3,1,0,0,0,2,2,0,0,0.0,0.0,0.0,0,2
9,4,1,0,0,0,0,0,0,0,0.0,0.0,0.0,0,11
9,5,1,0,0,0,3,3,0,0,0.0,0.0,0.0,0,12
10,0,2,0,1,6,0,6,5,2,1.4032543281832375,0.18004459991644176,7.793926220694674,1,8 16
10,1,1,0,0,3,1,4,3,1,1.917490832652672,0.319581805442112,6.0,1,17
10,2,1,0,0,3,1,4,3,1,1.989824458389819,0.3316374097316365,6.0,1,4
10,3,1,0,0,3,0,3,3,1,1.9715153033374992,0.3285858838895832,6.0,1,7
10,4,1,0,0,1,0,1,1,1,2.0,1.0,2.0,1,2
10,5,1,0,0,3,3,6,3,1,1.983679691947497,0.3306132819912495,6.0,1,15
10,6,9,0,1,2,13,15,2,2,0.12852079747881895,0.03213019936970474,4.0,1,1 3 5 6 9 10 11 13 14
10,7,1,0,0,0,1,1,0,0,0.0,0.0,0.0,0,0
10,8,1,0,0,0,2,2,0,0,0.0,0.0,0.0,0,12
11,0,1,0,0,3,0,3,3,1,1.9903601469005885,0.33172669115009806,6.0,1,5
11,1,1,0,0,1,0,1,1,1,1.5,0.75,2.0,1,1
11,2,1,0,0,2,0,2,2,1,1.9362781244591325,0.4840695311147831,4.0,1,11
11,3,15,0,1,0,6,6,0,0,0.0,0.0,0.0,0,0 2 3 4 6 7 8 9 10 12 13 14 15 16 17
12,0,1,0,0,2,0,2,2,1,1.977217001462483,0.49430425036562076,4.0,1,11
12,1,1,0,0,2,1,3,2,1,1.6225562489182659,0.40563906222956647,4.0,1,7
12,2,13,0,1,3,2,5,2,3,0.9917295986947732,0.2479323996736933,4.0,1,0 1 2 3 4 6 9 10 12 13 14 15 16
12,3,1,0,0,0,2,2,0,0,0.0,0.0,0.0,0,5
12,4,1,0,0,1,2,3,1,1,1.5,0.75,2.0,1,17
12,5,1,0,0,0,1,1,0,0,0.0,0.0,0.0,0,8
13,0,1,0,0,2,0,2,2,1,1.7806390622295662,0.44515976555739156,4.0,1,1
13,1,2,0,1,5,0,5,5,2,1.219035906640924,0.15747470724056695,7.741153662084022,1,12 13
13,2,11,0,1,6,5,11,3,6,3.5760658350997563,0.596010972516626,6.0,1,0 4 5 6 8 9 10 11 15 16 17
13,3,1,0,0,0,2,2,0,0,0.0,0.0,0.0,0,2
13,4,1,0,0,0,1,1,0,0,0.0,0.0,0.0,0,3
13,5,1,0,0,1,3,4,1,1,1.0,0.5,2.0,1,7
13,6,1,0,0,0,3,3,0,0,0.0,0.0,0.0,0,14
14,0,1,0,0,1,0,1,1,1,0.8112781244591329,0.40563906222956647,2.0,1,10
14,1,11,0,1,5,1,6,2,4,2.286784520258008,0.571696130064502,4.0,1,0 1 3 4 5 6 7 9 11 14 16
14,2,1,0,0,1,0,1,1,1,1.5,0.75,2.0,1,8
14,3,2,0,1,0,1,1,0,0,0.0,0.0,0.0,0,2 12
14,4,1,0,0,1,2,3,1,1,1.5,0.75,2.0,1,15
14,5,1,0,0,0,1,1,0,0,0.0,0.0,0.0,0,13
14,6,1,0,0,0,3,3,0,0,0.0,0.0,0.0,0,17
15,0,1,0,0,1,0,1,1,1,1.5,0.75,2.0,1,4
15,1,1,0,0,2,1,3,2,1,1.9056390622295662,0.47640976555739156,4.0,1,7
15,2,1,0,0,1,0,1,1,1,2.0,1.0,2.0,1,12
15,3,1,0,0,2,0,2,2,1,1.9362781244591325,0.4840695311147831,4.0,1,14
15,4,1,0,0,2,1,3,2,1,1.8828560636920493,0.4707140159230123,4.0,1,5
15,5,1,0,0,3,1,4,3,1,1.8924024694620254,0.3154004115770042,6.0,1,8
15,6,4,0,1,5,3,8,5,3,1.3561511650815312,0.17448285292968238,7.772403662084022,1,1 10 13 17
15,7,1,0,0,1,2,3,1,1,2.0,1.0,2.0,1,15
15,8,1,0,0,1,1,2,1,1,1.5,0.75,2.0,1,2
15,9,1,0,0,1,1,2,1,1,1.5,0.75,2.0,1,9
15,10,1,0,0,0,4,4,0,0,0.0,0.0,0.0,0,0
15,11,1,0,0,0,1,1,0,0,0.0,0.0,0.0,0,3
15,12,1,0,0,0,1,1,0,0,0.0,0.0,0.0,0,6
15,13,1,0,0,0,2,2,0,0,0.0,0.0,0.0,0,11
15,14,1,0,0,0,1,1,0,0,0.0,0.0,0.0,0,16
16,0,1,0,0,2,0,2,2,1,1.9544340029249643,0.48860850073124107,4.0,1,14
16,1,1,0,0,3,0,3,3,1,1.9641810361974343,0.3273635060329057,6.0,1,8
16,2,14,0,1,1,5,6,1,1,0.0636255200607998,0.0318127600303999,2.0,1,0 1 2 4 5 6 7 9 10 11 12 13 15 17
16,3,1,0,0,0,0,0,0,0,0.0,0.0,0.0,0,3
16,4,1,0,0,0,1,1,0,0,0.0,0.0,0.0,0,16
17,0,1,0,0,3,0,3,3,1,1.941129292251194,0.32352154870853234,6.0,1,2
17,1,1,0,0,3,0,3,3,1,1.992939903591381,0.33215665059856353,6.0,1,4
17,2,1,0,0,4,1,5,4,1,1.9943258937864279,0.24929073672330349,8.0,1,1
17,3,1,0,0,3,1,4,3,1,1.9466093157144106,0.3244348859524018,6.0,1,14
17,4,1,0,0,3,3,6,3,1,1.9663387708930165,0.3277231284821694,6.0,1,16
17,5,10,0,1,5,8,13,3,3,1.050521711496378,0.17508695191606302,6.0,1,3 5 8 9 10 11 12 13 15 17
17,6,1,0,0,1,2,3,1,1,1.0,0.5,2.0,1,7
17,7,1,0,0,0,5,5,0,0,0.0,0.0,0.0,0,0
17,8,1,0,0,0,2,2,0,0,0.0,0.0,0.0,0,6
18,0,1,0,0,2,0,2,2,1,1.8828560636920493,0.4707140159230123,4.0,1,3
18,1,1,0,0,3,0,3,3,1,1.9663387708930165,0.3277231284821694,6.0,1,7
18,2,1,0,0,3,0,3,3,1,1.960845291140748,0.326807548523458,6.0,1,13
18,3,1,0,0,2,1,3,2,1,1.977217001462483,0.49430425036562076,4.0,1,10
18,4,1,0,0,4,0,4,4,1,1.9991191547681595,0.24988989434601994,8.0,1,16
18,5,8,0,1,6,7,13,4,4,1.7884334956554255,0.2235541869569282,8.0,1,0 2 5 6 8 9 14 15
18,6,1,0,0,1,2,3,1,1,1.5,0.75,2.0,1,1
18,7,1,0,0,0,4,4,0,0,0.0,0.0,0.0,0,4
18,8,1,0,0,0,1,1,0,0,0.0,0.0,0.0,0,11
18,9,1,0,0,0,4,4,0,0,0.0,0.0,0.0,0,12
18,10,1,0,0,0,2,2,0,0,0.0,0.0,0.0,0,17
19,0,1,0,0,3,0,3,3,1,1.9809837333540976,0.3301639555590163,6.0,1,3
19,1,14,0,1,6,3,9,3,5,2.4410786002172316,0.4068464333695386,6.0,1,0 1 2 4 5 6 8 10 11 12 13 14 15 16
19,2,1,0,0,1,2,3,1,1,1.5,0.75,2.0,1,7
19,3,1,0,0,1,1,2,1,1,1.5,0.75,2.0,1,17
19,4,1,0,0,0,5,5,0,0,0.0,0.0,0.0,0,9
20,0,1,0,0,3,0,3,3,1,1.9644617031615086,0.32741028386025145,6.0,1,3
20,1,1,0,0,2,1,3,2,1,1.923794940695398,0.4809487351738495,4.0,1,0
20,2,1,0,0,3,0,3,3,1,1.953306427326721,0.3255510712211202,6.0,1,8
20,3,2,0,1,5,1,6,4,2,1.2473870306438855,0.15592337883048568,8.0,1,4 9
20,4,3,0,1,5,2,7,4,2,1.3520685374343557,0.16900856717929447,8.0,1,12 14 17
20,5,1,0,0,0,2,2,0,0,0.0,0.0,0.0,0,1
20,6,1,0,0,2,0,2,2,1,1.649397470347699,0.41234936758692475,4.0,1,2
20,7,1,0,0,1,4,5,1,1,1.5,0.75,2.0,1,5
20,8,1,0,0,0,2,2,0,0,0.0,0.0,0.0,0,6
20,9,1,0,0,1,1,2,1,1,1.5,0.75,2.0,1,10
20,10,1,0,0,1,2,3,1,1,1.5,0.75,2.0,1,13
20,11,1,0,0,1,1,2,1,1,0.8112781244591329,0.40563906222956647,2.0,1,15
20,12,1,0,0,0,4,4,0,0,0.0,0.0,0.0,0,7
20,13,1,0,0,0,3,3,0,0,0.0,0.0,0.0,0,11
20,14,1,0,0,0,1,1,0,0,0.0,0.0,0.0,0,16
21,0,1,0,0,2,0,2,2,1,1.8050365325772653,0.4512591331443163,4.0,1,6
21,1,1,0,0,3,0,3,3,1,1.992939903591381,0.33215665059856353,6.0,1,7
21,2,1,0,0,1,0,1,1,1,1.5,0.75,2.0,1,10
21,3,1,0,0,2,0,2,2,1,1.8112781244591325,0.4528195311147831,4.0,1,16
21,4,1,0,0,2,1,3,2,1,1.8828560636920493,0.4707140159230123,4.0,1,12
21,5,10,0,1,5,6,11,3,5,2.6387958500257422,0.4397993083376237,6.0,1,0 2 3 4 5 8 9 11 15 17
21,6,1,0,0,2,2,4,2,1,1.9056390622295662,0.47640976555739156,4.0,1,1
21,7,1,0,0,0,4,4,0,0,0.0,0.0,0.0,0,13
21,8,1,0,0,0,4,4,0,0,0.0,0.0,0.0,0,14
22,0,1,0,0,2,0,2,2,1,1.9362781244591325,0.4840695311147831,4.0,1,6
22,1,16,0,1,1,2,3,1,1,0.029015581060613194,0.014507790530306597,2.0,0,1 2 3 4 5 7 8 9 10 11 12 13 14 15 16 17
22,2,1,0,0,0,1,1,0,0,0.0,0.0,0.0,0,0
23,0,1,0,0,2,0,2,2,1,1.8496017527145812,0.4624004381786453,4.0,1,7
23,1,1,0,0,2,0,2,2,1,1.796179691947497,0.44904492298687426,4.0,1,4
23,2,14,0,1,4,3,7,1,4,1.0735511467457837,0.5367755733728918,2.0,1,0 1 2 3 6 8 9 10 11 12 13 14 16 17
23,3,1,0,0,0,0,0,0,0,0.0,0.0,0.0,0,5
23,4,1,0,0,0,5,5,0,0,0.0,0.0,0.0,0,15
24,0,1,0,0,2,0,2,2,1,1.477217001462483,0.36930425036562076,4.0,1,0
24,1,1,0,0,3,0,3,3,1,1.9727536808075534,0.3287922801345922,6.0,1,1
24,2,4,0,1,7,2,9,6,4,2.9243708372602004,0.3695157622599266,7.9140625,1,2 12 13 14
24,3,9,0,1,4,8,12,2,4,1.4364373861200317,0.3591093465300079,4.0,1,3 4 5 7 8 9 11 15 16
24,4,1,0,0,0,3,3,0,0,0.0,0.0,0.0,0,6
24,5,1,0,0,0,0,0,0,0,0.0,0.0,0.0,0,10
24,6,1,0,0,0,3,3,0,0,0.0,0.0,0.0,0,17
25,0,1,0,0,3,0,3,3,1,1.978247160559821,0.3297078600933035,6.0,1,14
25,1,1,0,0,1,1,2,1,1,1.5,0.75,2.0,1,0
25,2,15,0,1,3,3,6,1,3,0.22831167453341727,0.11415583726670864,2.0,1,1 3 4 5 6 7 8 9 10 11 12 13 15 16 17
25,3,1,0,0,0,3,3,0,0,0.0,0.0,0.0,0,2
26,0,1,0,0,1,0,1,1,1,1.5,0.75,2.0,1,11
26,1,1,0,0,4,0,4,4,1,1.9967549196582404,0.24959436495728005,8.0,1,12
26,2,10,0,1,6,4,10,4,6,3.7270195233889396,0.46587744042361745,8.0,1,0 1 2 9 10 13 14 15 16 17
26,3,4,0,1,1,6,7,1,1,0.375,0.1875,2.0,1,3 5 6 8
26,4,1,0,0,0,2,2,0,0,0.0,0.0,0.0,0,4
26,5,1,0,0,0,0,0,0,0,0.0,0.0,0.0,0,7
27,0,1,0,0,3,0,3,3,1,1.989824458389819,0.3316374097316365,6.0,1,2
27,1,1,0,0,2,1,3,2,1,1.8050365325772653,0.4512591331443163,4.0,1,13
27,2,1,0,0,3,0,3,3,1,1.9396161738701139,0.3232693623116856,6.0,1,7
27,3,1,0,0,1,0,1,1,1,2.0,1.0,2.0,1,3
27,4,1,0,0,2,0,2,2,1,1.9362781244591325,0.4840695311147831,4.0,1,11
27,5,1,0,0,4,0,4,4,1,1.993903089672589,0.2492378862090736,8.0,1,14
27,6,1,0,0,2,3,5,2,1,1.977217001462483,0.49430425036562076,4.0,1,17
27,7,3,0,1,5,3,8,3,3,2.091242078861674,0.34854034647694565,6.0,1,0 1 6
27,8,1,0,0,2,1,3,2,1,1.8828560636920493,0.4707140159230123,4.0,1,9
27,9,4,0,1,1,9,10,1,1,0.22460175271458116,0.11230087635729058,2.0,1,4 5 10 16
27,10,1,0,0,0,3,3,0,0,0.0,0.0,0.0,0,8
27,11,1,0,0,0,4,4,0,0,0.0,0.0,0.0,0,12
27,12,1,0,0,0,1,1,0,0,0.0,0.0,0.0,0,15
28,0,1,0,0,3,0,3,3,1,1.9956764763856558,0.332612746064276,6.0,1,0
28,1,1,0,0,3,0,3,3,1,1.9870878855955434,0.3311813142659239,6.0,1,12
28,2,1,0,0,3,0,3,3,1,1.95142573789646,0.32523762298274334,6.0,1,13
28,3,1,0,0,3,1,4,3,1,1.9872447016990265,0.33120745028317106,6.0,1,5
28,4,1,0,0,2,1,3,2,1,1.977217001462483,0.49430425036562076,4.0,1,16
28,5,9,0,1,4,8,12,3,4,1.6878132019411023,0.28130220032351705,6.0,1,2 3 6 7 8 9 10 11 14
28,6,1,0,0,1,2,3,1,1,1.5,0.75,2.0,1,1
28,7,1,0,0,0,1,1,0,0,0.0,0.0,0.0,0,4
28,8,1,0,0,0,3,3,0,0,0.0,0.0,0.0,0,15
28,9,1,0,0,0,3,3,0,0,0.0,0.0,0.0,0,17
29,0,1,0,0,1,0,1,1,1,1.5,0.75,2.0,1,6
29,1,1,0,0,3,0,3,3,1,1.9352638179663053,0.32254396966105087,6.0,1,4
29,2,6,0,1,5,2,7,5,5,3.0358254138131677,0.3900502477686477,7.783164941389348,1,0 2 5 11 12 16
29,3,1,0,0,1,0,1,1,1,1.5,0.75,2.0,1,1
29,4,1,0,0,1,1,2,1,1,1.5,0.75,2.0,1,10
29,5,3,0,1,1,3,4,1,1,0.5959754095806153,0.2979877047903077,2.0,1,9 13 14
29,6,1,0,0,0,2,2,0,0,0.0,0.0,0.0,0,3
29,7,1,0,0,0,0,0,0,0,0.0,0.0,0.0,0,7
29,8,1,0,0,0,2,2,0,0,0.0,0.0,0.0,0,8
29,9,1,0,0,0,2,2,0,0,0.0,0.0,0.0,0,15
29,10,1,0,0,0,0,0,0,0,0.0,0.0,0.0,0,17
30,0,1,0,0,2,0,2,2,1,1.923794940695398,0.4809487351738495,4.0,1,3
30,1,1,0,0,4,0,4,4,1,1.98828564338306,0.2485357054228825,8.0,1,16
30,2,1,0,0,3,1,4,3,1,1.9575547988658988,0.3262591331443165,6.0,1,8
30,3,1,0,0,1,0,1,1,1,1.5,0.75,2.0,1,1
30,4,1,0,0,2,0,2,2,1,1.8112781244591325,0.4528195311147831,4.0,1,17
30,5,8,0,1,8,7,15,5,6,3.9177049445429706,0.5086547097532566,7.702091162084022,1,0 2 5 6 9 10 12 15
30,6,1,0,0,0,2,2,0,0,0.0,0.0,0.0,0,4
30,7,1,0,0,0,2,2,0,0,0.0,0.0,0.0,0,7
30,8,1,0,0,1,3,4,1,1,0.8112781244591329,0.40563906222956647,2.0,1,14
30,9,1,0,0,0,4,4,0,0,0.0,0.0,0.0,0,11
30,10,1,0,0,0,2,2,0,0,0.0,0.0,0.0,0,13
31,0,1,0,0,4,0,4,4,1,1.9940435471468625,0.2492554433933578,8.0,1,15
31,1,1,0,0,1,0,1,1,1,2.0,1.0,2.0,1,16
31,2,14,0,1,3,5,8,2,3,1.2537267155946648,0.3134316788986662,4.0,1,0 1 2 4 5 6 7 8 9 11 12 13 14 17
31,3,1,0,0,0,2,2,0,0,0.0,0.0,0.0,0,3
31,4,1,0,0,0,1,1,0,0,0.0,0.0,0.0,0,10
32,0,1,0,0,3,0,3,3,1,1.9625745152068985,0.3270957525344831,6.0,1,3
32,1,1,0,0,1,1,2,1,1,1.5,0.75,2.0,1,16
32,2,1,0,0,1,1,2,1,1,2.0,1.0,2.0,1,5
32,3,1,0,0,1,0,1,1,1,0.8112781244591329,0.40563906222956647,2.0,1,13
32,4,1,0,0,1,0,1,1,1,1.5,0.75,2.0,1,15
32,5,1,0,0,1,2,3,1,1,1.5,0.75,2.0,1,17
32,6,2,0,1,4,2,6,3,2,1.3670652117022488,0.2278442019503748,6.0,1,2 6
32,7,2,0,1,2,1,3,2,2,1.0794340029249643,0.26985850073124107,4.0,1,7 8
32,8,1,0,0,0,4,4,0,0,0.0,0.0,0.0,0,0
32,9,1,0,0,2,0,2,2,1,1.823192411043098,0.4557981027607745,4.0,1,11
32,10,3,0,1,1,4,5,1,1,0.38024081494414785,0.19012040747207393,2.0,1,9 12 14
32,11,1,0,0,1,1,2,1,1,1.0,0.5,2.0,1,1
32,12,1,0,0,1,1,2,1,1,1.0,0.5,2.0,1,4
32,13,1,0,0,0,2,2,0,0,0.0,0.0,0.0,0,10
33,0,1,0,0,2,0,2,2,1,1.9362781244591325,0.4840695311147831,4.0,1,3
33,1,1,0,0,2,0,2,2,1,1.8802408149441483,0.4700602037360371,4.0,1,9
33,2,1,0,0,2,2,4,2,1,1.923794940695398,0.4809487351738495,4.0,1,6
33,3,1,0,0,2,1,3,2,1,1.923794940695398,0.4809487351738495,4.0,1,8
33,4,1,0,0,3,1,4,3,1,1.9835634900448902,0.3305939150074817,6.0,1,15
33,5,2,0,1,3,1,4,3,1,0.6179316147843519,0.10298860246405865,6.0,1,5 12
33,6,1,0,0,3,1,4,3,1,1.9240618225818755,0.32067697043031257,6.0,1,0
33,7,1,0,0,0,0,0,0,0,0.0,0.0,0.0,0,1
33,8,1,0,0,2,2,4,2,1,1.5919171866886987,0.3979792966721747,4.0,1,7
33,9,1,0,0,3,0,3,3,1,1.9858349011461582,0.3309724835243597,6.0,1,4
33,10,1,0,0,2,3,5,2,1,1.9056390622295662,0.47640976555739156,4.0,1,14
33,11,6,0,1,0,13,13,0,0,0.0,0.0,0.0,0,2 10 11 13 16 17
34,0,10,0,1,6,0,6,5,5,2.5826246720018666,0.3321553191922432,7.775352441389348,1,0 1 2 3 4 5 9 13 14 17
34,1,1,0,0,1,1,2,1,1,1.5,0.75,2.0,1,7
34,2,1,0,0,1,2,3,1,1,1.5,0.75,2.0,1,11
34,3,1,0,0,1,1,2,1,1,0.8112781244591329,0.40563906222956647,2.0,1,15
34,4,1,0,0,0,3,3,0,0,0.0,0.0,0.0,0,6
34,5,1,0,0,0,1,1,0,0,0.0,0.0,0.0,0,8
34,6,1,0,0,1,0,1,1,1,0.8112781244591329,0.40563906222956647,2.0,1,10
34,7,1,0,0,0,1,1,0,0,0.0,0.0,0.0,0,12
34,8,1,0,0,0,1,1,0,0,0.0,0.0,0.0,0,16
35,0,1,0,0,3,0,3,3,1,1.989824458389819,0.3316374097316365,6.0,1,3
35,1,1,0,0,4,1,5,4,1,1.9972383520953603,0.24965479401192003,8.0,1,1
35,2,1,0,0,1,1,2,1,1,1.0,0.5,2.0,1,8
35,3,15,0,1,0,6,6,0,0,0.0,0.0,0.0,0,0 2 4 5 6 7 9 10 11 12 13 14 15 16 17
36,0,1,0,0,2,0,2,2,1,1.8828560636920493,0.4707140159230123,4.0,1,0
36,1,1,0,0,2,0,2,2,1,1.8828560636920493,0.4707140159230123,4.0,1,2
36,2,1,0,0,2,2,4,2,1,1.923794940695398,0.4809487351738495,4.0,1,1
36,3,1,0,0,2,0,2,2,1,1.9056390622295662,0.47640976555739156,4.0,1,5
36,4,1,0,0,2,1,3,2,1,1.8828560636920493,0.4707140159230123,4.0,1,7
36,5,1,0,0,1,0,1,1,1,1.5,0.75,2.0,1,4
36,6,12,0,1,0,8,8,0,0,0.0,0.0,0.0,0,3 6 8 9 10 11 12 13 14 15 16 17
37,0,1,0,0,4,0,4,4,1,1.9844518764104944,0.2480564845513118,8.0,1,3
37,1,1,0,0,3,0,3,3,1,1.9903601469005885,0.33172669115009806,6.0,1,11
37,2,11,0,1,6,6,12,3,6,3.2026628979907166,0.5337771496651195,6.0,1,1 2 4 6 7 8 9 13 14 15 16
37,3,1,0,0,0,4,4,0,0,0.0,0.0,0.0,0,0
37,4,1,0,0,0,1,1,0,0,0.0,0.0,0.0,0,5
37,5,1,0,0,0,0,0,0,0,0.0,0.0,0.0,0,10
37,6,1,0,0,1,1,2,1,1,0.8112781244591329,0.40563906222956647,2.0,1,12
37,7,1,0,0,0,2,2,0,0,0.0,0.0,0.0,0,17
38,0,2,0,1,3,0,3,3,2,1.2528167056067332,0.20880278426778887,6.0,1,0 1
38,1,1,0,0,4,0,4,4,1,1.9991191547681595,0.24988989434601994,8.0,1,8
38,2,1,0,0,2,1,3,2,1,1.923794940695398,0.4809487351738495,4.0,1,13
38,3,1,0,0,1,0,1,1,1,1.0,0.5,2.0,1,7
38,4,11,0,1,4,8,12,2,3,1.9519519189786925,0.4879879797446731,4.0,1,2 3 4 5 6 9 12 14 15 16 17
38,5,1,0,0,0,3,3,0,0,0.0,0.0,0.0,0,10
38,6,1,0,0,0,2,2,0,0,0.0,0.0,0.0,0,11
39,0,1,0,0,4,0,4,4,1,1.9780839188958694,0.24726048986198368,8.0,1,14
39,1,1,0,0,1,0,1,1,1,2.0,1.0,2.0,1,16
39,2,1,0,0,1,0,1,1,1,1.5,0.75,2.0,1,17
39,3,11,0,1,3,5,8,3,3,0.41023534100471615,0.06837255683411936,6.0,1,0 1 2 3 4 6 7 8 9 11 15
39,4,1,0,0,0,0,0,0,0,0.0,0.0,0.0,0,5
39,5,1,0,0,0,2,2,0,0,0.0,0.0,0.0,0,10
39,6,1,0,0,0,1,1,0,0,0.0,0.0,0.0,0,12
39,7,1,0,0,0,1,1,0,0,0.0,0.0,0.0,0,13
40,0,15,0,1,6,0,6,3,6,3.5675179365592484,0.5945863227598748,6.0,1,0 1 4 5 6 7 8 10 11 12 13 14 15 16 17
40,1,1,0,0,1,3,4,1,1,1.5,0.75,2.0,1,2
40,2,1,0,0,0,2,2,0,0,0.0,0.0,0.0,0,3
40,3,1,0,0,0,2,2,0,0,0.0,0.0,0.0,0,9
41,0,1,0,0,1,0,1,1,1,1.0,0.5,2.0,1,14
41,1,1,0,0,2,0,2,2,1,1.649397470347699,0.41234936758692475,4.0,1,17
41,2,1,0,0,1,2,3,1,1,1.0,0.5,2.0,1,0
41,3,1,0,0,1,0,1,1,1,1.0,0.5,2.0,1,2
41,4,1,0,0,4,0,4,4,1,1.9888243724640837,0.24860304655801047,8.0,1,6
41,5,10,0,1,3,5,8,3,2,0.7770234062990866,0.12950390104984777,6.0,1,1 3 4 5 8 9 10 12 13 15
41,6,1,0,0,1,2,3,1,1,1.5,0.75,2.0,1,16
41,7,1,0,0,0,2,2,0,0,0.0,0.0,0.0,0,7
41,8,1,0,0,0,2,2,0,0,0.0,0.0,0.0,0,11
42,0,1,0,0,3,0,3,3,1,1.9375128802304333,0.3229188133717389,6.0,1,1
42,1,1,0,0,3,1,4,3,1,1.9870878855955434,0.3311813142659239,6.0,1,2
42,2,1,0,0,2,0,2,2,1,1.923794940695398,0.4809487351738495,4.0,1,8
42,3,1,0,0,3,1,4,3,1,1.9791544461930677,0.32985907436551126,6.0,1,12
42,4,1,0,0,2,3,5,2,1,1.9362781244591325,0.4840695311147831,4.0,1,10
42,5,10,0,1,3,7,10,2,3,1.6197078683181658,0.40492696707954146,4.0,1,0 3 5 6 7 11 13 14 16 17
42,6,1,0,0,0,2,2,0,0,0.0,0.0,0.0,0,4
42,7,1,0,0,0,1,1,0,0,0.0,0.0,0.0,0,9
42,8,1,0,0,0,1,1,0,0,0.0,0.0,0.0,0,15
43,0,17,0,1,1,0,1,1,1,0.2629253809700298,0.1314626904850149,2.0,1,0 2 3 4 5 6 7 8 9 10 11 12 13 14 15 16 17
43,1,1,0,0,0,1,1,0,0,0.0,0.0,0.0,0,1
44,0,1,0,0,1,0,1,1,1,1.5,0.75,2.0,1,17
44,1,1,0,0,4,0,4,4,1,1.99205105314803,0.24900638164350375,8.0,1,14
44,2,13,0,1,6,4,10,3,4,1.5375529080685482,0.2562588180114247,6.0,1,0 2 3 4 6 7 8 9 10 11 12 15 16
44,3,1,0,0,0,3,3,0,0,0.0,0.0,0.0,0,1
44,4,1,0,0,1,3,4,1,1,1.5,0.75,2.0,1,13
44,5,1,0,0,0,2,2,0,0,0.0,0.0,0.0,0,5
45,0,1,0,0,2,0,2,2,1,1.796179691947497,0.44904492298687426,4.0,1,1
45,1,15,0,1,3,2,5,1,3,0.808300213357839,0.4041501066789195,2.0,1,0 2 3 4 5 6 7 8 10 11 13 14 15 16 17
45,2,1,0,0,0,0,0,0,0,0.0,0.0,0.0,0,9
45,3,1,0,0,0,3,3,0,0,0.0,0.0,0.0,0,12
46,0,14,0,1,6,0,6,3,6,3.3274164793105516,0.5545694132184252,6.0,1,0 2 3 4 5 6 7 8 9 13 14 15 16 17
46,1,1,0,0,0,0,0,0,0,0.0,0.0,0.0,0,1
46,2,1,0,0,1,3,4,1,1,1.5,0.75,2.0,1,11
46,3,1,0,0,1,1,2,1,1,1.5,0.75,2.0,1,12
46,4,1,0,0,0,4,4,0,0,0.0,0.0,0.0,0,10
47,0,1,0,0,1,0,1,1,1,0.8112781244591329,0.40563906222956647,2.0,1,4
47,1,1,0,0,3,0,3,3,1,1.9815944058432748,0.33026573430721246,6.0,1,15
47,2,1,0,0,1,1,2,1,1,1.5,0.75,2.0,1,11
47,3,15,0,1,0,4,4,0,0,0.0,0.0,0.0,0,0 1 2 3 5 6 7 8 9 10 12 13 14 16 17
48,0,1,0,0,3,0,3,3,1,1.9715153033374992,0.3285858838895832,6.0,1,13
48,1,14,0,1,4,3,7,2,4,1.2474125076706155,0.3118531269176539,4.0,1,1 2 3 4 6 7 8 9 10 12 14 15 16 17
48,2,1,0,0,0,1,1,0,0,0.0,0.0,0.0,0,0
48,3,1,0,0,0,3,3,0,0,0.0,0.0,0.0,0,5
48,4,1,0,0,0,0,0,0,0,0.0,0.0,0.0,0,11
49,0,1,0,0,1,0,1,1,1,1.5,0.75,2.0,1,12
49,1,1,0,0,2,0,2,2,1,1.6697367178034828,0.4174341794508707,4.0,1,4
49,2,14,0,1,3,2,5,1,3,0.6718238981651199,0.33591194908255995,2.0,1,0 1 2 3 5 7 8 9 10 11 13 14 16 17
49,3,1,0,0,0,1,1,0,0,0.0,0.0,0.0,0,6
49,4,1,0,0,0,3,3,0,0,0.0,0.0,0.0,0,15
50,0,1,0,0,4,0,4,4,1,1.9879836598557947,0.24849795748197434,8.0,1,5
50,1,13,0,1,12,2,14,4,8,6.927555662512084,0.8659444578140105,8.0,1,0 1 2 4 6 9 10 11 12 13 14 15 16
50,2,1,0,0,1,2,3,1,1,1.5,0.75,2.0,1,3
50,3,1,0,0,0,4,4,0,0,0.0,0.0,0.0,0,7
50,4,1,0,0,0,3,3,0,0,0.0,0.0,0.0,0,8
50,5,1,0,0,0,6,6,0,0,0.0,0.0,0.0,0,17
51,0,1,0,0,1,0,1,1,1,0.8112781244591329,0.40563906222956647,2.0,1,16
51,1,1,0,0,4,1,5,4,1,1.9968046274553455,0.24960057843191819,8.0,1,2
51,2,1,0,0,2,0,2,2,1,1.923794940695398,0.4809487351738495,4.0,1,7
51,3,12,0,1,4,5,9,2,4,1.482428469595936,0.370607117398984,4.0,1,0 1 3 4 9 10 11 12 13 14 15 17
51,4,1,0,0,1,1,2,1,1,1.5,0.75,2.0,1,8
51,5,1,0,0,0,4,4,0,0,0.0,0.0,0.0,0,5
51,6,1,0,0,0,1,1,0,0,0.0,0.0,0.0,0,6
52,0,1,0,0,2,0,2,2,1,1.8828560636920493,0.4707140159230123,4.0,1,9
52,1,1,0,0,3,1,4,3,1,1.9851836144561048,0.33086393574268413,6.0,1,10
52,2,1,0,0,4,1,5,4,1,1.981239942719343,0.24765499283991788,8.0,1,15
52,3,1,0,0,4,1,5,4,1,1.9834779009614874,0.24793473762018592,8.0,1,7
52,4,1,0,0,1,2,3,1,1,1.0,0.5,2.0,1,1
52,5,11,0,1,4,9,13,2,4,1.6646983070475923,0.41617457676189806,4.0,1,0 2 3 5 8 11 12 13 14 16 17
52,6,1,0,0,0,1,1,0,0,0.0,0.0,0.0,0,4
52,7,1,0,0,0,3,3,0,0,0.0,0.0,0.0,0,6
53,0,1,0,0,3,0,3,3,1,1.9809837333540976,0.3301639555590163,6.0,1,15
53,1,1,0,0,3,0,3,3,1,1.9872447016990265,0.33120745028317106,6.0,1,12
53,2,14,0,1,3,5,8,2,3,1.022350913529328,0.255587728382332,4.0,1,0 1 2 4 5 6 7 8 9 10 11 13 14 17
53,3,1,0,0,0,1,1,0,0,0.0,0.0,0.0,0,3
53,4,1,0,0,0,3,3,0,0,0.0,0.0,0.0,0,16
54,0,1,0,0,2,0,2,2,1,1.8828560636920493,0.4707140159230123,4.0,1,7
54,1,17,0,1,0,2,2,0,0,0.0,0.0,0.0,0,0 1 2 3 4 5 6 8 9 10 11 12 13 14 15 16 17
55,0,1,0,0,1,0,1,1,1,1.5,0.75,2.0,1,5
55,1,10,0,1,11,1,12,6,7,5.694150073267455,0.7159638599000336,7.953125,1,0 2 3 4 7 10 12 14 15 16
55,2,3,0,1,3,7,10,3,2,0.7635847755014851,0.12726412925024752,6.0,1,8 11 17
55,3,1,0,0,0,1,1,0,0,0.0,0.0,0.0,0,1
55,4,1,0,0,0,2,2,0,0,0.0,0.0,0.0,0,6
55,5,1,0,0,0,3,3,0,0,0.0,0.0,0.0,0,9
55,6,1,0,0,0,1,1,0,0,0.0,0.0,0.0,0,13
56,0,1,0,0,1,0,1,1,1,1.5,0.75,2.0,1,8
56,1,16,0,1,2,1,3,1,2,0.19772681832733063,0.09886340916366532,2.0,1,0 1 2 3 4 5 6 9 10 11 12 13 14 15 16 17
56,2,1,0,0,0,2,2,0,0,0.0,0.0,0.0,0,7
57,0,2,0,1,5,0,5,5,2,1.2523741088338909,0.16036441447687821,7.809551220694674,1,12 13
57,1,1,0,0,4,1,5,4,1,1.9872512241767808,0.2484064030220976,8.0,1,8
57,2,1,0,0,2,1,3,2,1,1.8828560636920493,0.4707140159230123,4.0,1,9
57,3,14,0,1,0,9,9,0,0,0.0,0.0,0.0,0,0 1 2 3 4 5 6 7 10 11 14 15 16 17
58,0,1,0,0,2,0,2,2,1,1.7806390622295662,0.44515976555739156,4.0,1,5
58,1,1,0,0,4,0,4,4,1,1.9893790914359855,0.24867238642949818,8.0,1,14
58,2,14,0,1,4,5,9,2,4,1.5679288849423276,0.3919822212355819,4.0,1,0 2 3 4 6 7 8 9 10 12 13 15 16 17
58,3,1,0,0,0,4,4,0,0,0.0,0.0,0.0,0,1
58,4,1,0,0,0,1,1,0,0,0.0,0.0,0.0,0,11
59,0,1,0,0,4,0,4,4,1,1.9955885964079414,0.24944857455099267,8.0,1,13
59,1,15,0,1,4,4,8,2,4,1.4000761328821216,0.3500190332205304,4.0,1,1 2 3 4 5 6 7 8 9 10 11 14 15 16 17
59,2,1,0,0,0,1,1,0,0,0.0,0.0,0.0,0,0
59,3,1,0,0,0,3,3,0,0,0.0,0.0,0.0,0,12
60,0,1,0,0,3,0,3,3,1,1.9740950600282918,0.3290158433380486,6.0,1,0
60,1,1,0,0,2,1,3,2,1,1.6774212838293643,0.41935532095734107,4.0,1,2
60,2,1,0,0,2,0,2,2,1,1.9056390622295662,0.47640976555739156,4.0,1,4
60,3,1,0,0,2,1,3,2,1,1.977217001462483,0.49430425036562076,4.0,1,17
60,4,1,0,0,2,2,4,2,1,1.977217001462483,0.49430425036562076,4.0,1,3
60,5,1,0,0,2,1,3,2,1,1.548794940695398,0.3871987351738495,4.0,1,15
60,6,1,0,0,1,1,2,1,1,1.5,0.75,2.0,1,8
60,7,1,0,0,2,2,4,2,1,1.8050365325772653,0.4512591331443163,4.0,1,7
60,8,7,0,1,3,6,9,3,3,1.4722963880614515,0.24538273134357524,6.0,1,1 5 6 9 13 14 16
60,9,1,0,0,0,1,1,0,0,0.0,0.0,0.0,0,10
60,10,1,0,0,0,3,3,0,0,0.0,0.0,0.0,0,11
60,11,1,0,0,0,1,1,0,0,0.0,0.0,0.0,0,12
61,0,1,0,0,0,0,0,0,0,0.0,0.0,0.0,0,0
61,1,1,0,0,4,0,4,4,1,1.9894217425693412,0.24867771782116765,8.0,1,11
61,2,1,0,0,3,1,4,3,1,1.9158189204132121,0.319303153402202,6.0,1,5
61,3,1,0,0,3,1,4,3,1,1.974260138703209,0.32904335645053484,6.0,1,16
61,4,1,0,0,1,0,1,1,1,1.5,0.75,2.0,1,9
61,5,1,0,0,2,1,3,2,1,1.9362781244591325,0.4840695311147831,4.0,1,12
61,6,7,0,1,4,5,9,3,3,1.3183766813665017,0.21972944689441695,6.0,1,1 3 4 8 10 14 17
61,7,1,0,0,1,2,3,1,1,1.5,0.75,2.0,1,7
61,8,1,0,0,2,4,6,2,1,1.977217001462483,0.49430425036562076,4.0,1,6
61,9,1,0,0,0,2,2,0,0,0.0,0.0,0.0,0,2
61,10,1,0,0,0,3,3,0,0,0.0,0.0,0.0,0,13
61,11,1,0,0,0,1,1,0,0,0.0,0.0,0.0,0,15
62,0,1,0,0,2,0,2,2,1,1.8828560636920493,0.4707140159230123,4.0,1,0
62,1,1,0,0,4,1,5,4,1,1.9912544362410554,0.24890680453013192,8.0,1,15
62,2,1,0,0,1,1,2,1,1,2.0,1.0,2.0,1,1
62,3,1,0,0,4,1,5,4,1,1.9908965133546328,0.2488620641693291,8.0,1,6
62,4,1,0,0,3,1,4,3,1,1.9822367178034828,0.3303727863005805,6.0,1,13
62,5,1,0,0,2,0,2,2,1,1.9362781244591325,0.4840695311147831,4.0,1,12
62,6,1,0,0,1,0,1,1,1,0.8112781244591329,0.40563906222956647,2.0,1,10
62,7,9,0,1,3,12,15,2,2,0.29086947104536254,0.07271736776134063,4.0,1,2 5 7 8 9 11 14 16 17
62,8,1,0,0,1,2,3,1,1,1.5,0.75,2.0,1,3
62,9,1,0,0,0,3,3,0,0,0.0,0.0,0.0,0,4
63,0,1,0,0,3,0,3,3,1,1.989824458389819,0.3316374097316365,6.0,1,0
63,1,1,0,0,1,0,1,1,1,1.5,0.75,2.0,1,14
63,2,1,0,0,1,0,1,1,1,1.5,0.75,2.0,1,7
63,3,14,0,1,2,5,7,1,2,0.3101491414906903,0.15507457074534514,2.0,1,1 2 3 4 5 6 8 9 10 11 12 15 16 17
63,4,1,0,0,0,2,2,0,0,0.0,0.0,0.0,0,13
64,0,1,0,0,4,0,4,4,1,1.9860175466106256,0.2482521933263282,8.0,1,5
64,1,1,0,0,2,0,2,2,1,1.9544340029249643,0.48860850073124107,4.0,1,14
64,2,13,0,1,4,5,9,3,4,1.4500312749072517,0.2416718791512086,6.0,1,2 4 6 7 8 9 10 11 12 13 15 16 17
64,3,1,0,0,0,2,2,0,0,0.0,0.0,0.0,0,0
64,4,1,0,0,0,2,2,0,0,0.0,0.0,0.0,0,1
64,5,1,0,0,0,1,1,0,0,0.0,0.0,0.0,0,3
65,0,1,0,0,4,0,4,4,1,1.999466011203575,0.24993325140044687,8.0,1,4
65,1,1,0,0,2,0,2,2,1,1.7806390622295662,0.44515976555739156,4.0,1,9
65,2,11,0,1,7,4,11,3,7,4.5304694975733355,0.7550782495955559,6.0,1,0 2 3 5 6 8 10 11 14 16 17
65,3,1,0,0,1,3,4,1,1,1.5,0.75,2.0,1,15
65,4,1,0,0,2,5,7,2,1,1.9362781244591325,0.4840695311147831,4.0,1,13
65,5,1,0,0,1,2,3,1,1,0.8112781244591329,0.40563906222956647,2.0,1,12
65,6,1,0,0,1,3,4,1,1,1.0,0.5,2.0,1,1
65,7,1,0,0,0,1,1,0,0,0.0,0.0,0.0,0,7
66,0,1,0,0,1,0,1,1,1,0.8112781244591329,0.40563906222956647,2.0,1,3
66,1,1,0,0,1,0,1,1,1,1.5,0.75,2.0,1,15
66,2,10,0,1,6,2,8,3,5,2.3087350220427254,0.38478917034045423,6.0,1,0 1 5 8 10 11 12 13 16 17
66,3,1,0,0,3,4,7,3,1,1.9423688204115273,0.3237281367352545,6.0,1,2
66,4,1,0,0,1,2,3,1,1,1.5,0.75,2.0,1,4
66,5,1,0,0,0,1,1,0,0,0.0,0.0,0.0,0,6
66,6,1,0,0,1,1,2,1,1,1.5,0.75,2.0,1,14
66,7,1,0,0,1,2,3,1,1,1.5,0.75,2.0,1,7
66,8,1,0,0,0,2,2,0,0,0.0,0.0,0.0,0,9
67,0,1,0,0,2,0,2,2,1,1.977217001462483,0.49430425036562076,4.0,1,4
67,1,1,0,0,4,0,4,4,1,1.9919068229218837,0.24898835286523546,8.0,1,5
67,2,1,0,0,4,0,4,4,1,1.9861175985055173,0.24826469981318966,8.0,1,7
67,3,1,0,0,3,1,4,3,1,1.9820681692545428,0.33034469487575713,6.0,1,11
67,4,1,0,0,2,2,4,2,1,1.9544340029249652,0.4886085007312413,4.0,1,10
67,5,2,0,1,3,3,6,3,2,1.2802133286189257,0.21336888810315427,6.0,1,0 6
67,6,1,0,0,2,1,3,2,1,1.9056390622295662,0.47640976555739156,4.0,1,12
67,7,1,0,0,1,3,4,1,1,0.8112781244591329,0.40563906222956647,2.0,1,15
67,8,1,0,0,1,0,1,1,1,1.5,0.75,2.0,1,17
67,9,6,0,1,1,9,10,1,1,0.5487949406953985,0.27439747034769923,2.0,1,1 2 3 8 9 14
67,10,1,0,0,0,3,3,0,0,0.0,0.0,0.0,0,13
67,11,1,0,0,0,1,1,0,0,0.0,0.0,0.0,0,16
68,0,1,0,0,2,0,2,2,1,1.8802408149441483,0.4700602037360371,4.0,1,17
68,1,1,0,0,3,0,3,3,1,1.9484001458972324,0.32473335764953876,6.0,1,2
68,2,1,0,0,2,0,2,2,1,1.7640976555739165,0.44102441389347913,4.0,1,14
68,3,12,0,1,5,4,9,3,4,1.7664157850911675,0.2944026308485279,6.0,1,0 3 4 5 6 8 9 10 12 13 15 16
68,4,1,0,0,0,2,2,0,0,0.0,0.0,0.0,0,1
68,5,1,0,0,0,3,3,0,0,0.0,0.0,0.0,0,7
68,6,1,0,0,0,3,3,0,0,0.0,0.0,0.0,0,11
69,0,1,0,0,1,0,1,1,1,1.5,0.75,2.0,1,6
69,1,16,0,1,2,1,3,1,2,0.7214927039946026,0.3607463519973013,2.0,1,0 1 2 3 4 5 7 8 9 10 11 12 13 14 15 17
69,2,1,0,0,0,2,2,0,0,0.0,0.0,0.0,0,16
70,0,1,0,0,2,0,2,2,1,1.7640976555739165,0.44102441389347913,4.0,1,0
70,1,1,0,0,2,0,2,2,1,1.9544340029249652,0.4886085007312413,4.0,1,14
70,2,1,0,0,3,0,3,3,1,1.9809837333540976,0.3301639555590163,6.0,1,9
70,3,5,0,1,5,2,7,5,3,1.8546869439394342,0.23973855142331363,7.736289941389348,1,5 6 11 12 17
70,4,1,0,0,1,1,2,1,1,1.5,0.75,2.0,1,10
70,5,3,0,1,6,4,10,5,3,2.0052179198252382,0.2585116847057866,7.756778662084022,1,1 3 8
70,6,1,0,0,1,2,3,1,1,1.5,0.75,2.0,1,2
70,7,1,0,0,0,3,3,0,0,0.0,0.0,0.0,0,4
70,8,1,0,0,0,1,1,0,0,0.0,0.0,0.0,0,7
70,9,1,0,0,1,2,3,1,1,1.5,0.75,2.0,1,15
70,10,1,0,0,0,5,5,0,0,0.0,0.0,0.0,0,13
70,11,1,0,0,0,1,1,0,0,0.0,0.0,0.0,0,16
71,0,1,0,0,2,0,2,2,1,1.8496017527145812,0.4624004381786453,4.0,1,4
71,1,1,0,0,1,0,1,1,1,1.5,0.75,2.0,1,11
71,2,14,0,1,2,2,4,2,2,0.2951540290097414,0.07378850725243535,4.0,1,1 2 3 5 6 8 9 10 12 13 14 15 16 17
71,3,1,0,0,0,2,2,0,0,0.0,0.0,0.0,0,0
71,4,1,0,0,0,1,1,0,0,0.0,0.0,0.0,0,7
72,0,1,0,0,4,0,4,4,1,1.9908965133546328,0.2488620641693291,8.0,1,5
72,1,1,0,0,2,0,2,2,1,1.8496017527145812,0.4624004381786453,4.0,1,2
72,2,1,0,0,1,0,1,1,1,0.8112781244591329,0.40563906222956647,2.0,1,13
72,3,1,0,0,2,0,2,2,1,1.7806390622295662,0.44515976555739156,4.0,1,15
72,4,1,0,0,3,0,3,3,1,1.9620310230081115,0.3270051705013519,6.0,1,10
72,5,12,0,1,1,12,13,1,1,0.4746017527145816,0.2373008763572908,2.0,1,0 1 3 4 7 8 9 11 12 14 16 17
72,6,1,0,0,0,1,1,0,0,0.0,0.0,0.0,0,6
73,0,1,0,0,1,0,1,1,1,0.8112781244591329,0.40563906222956647,2.0,1,11
73,1,1,0,0,4,0,4,4,1,1.9956766551085057,0.2494595818885632,8.0,1,8
73,2,1,0,0,2,1,3,2,1,1.977217001462483,0.49430425036562076,4.0,1,4
73,3,15,0,1,0,6,6,0,0,0.0,0.0,0.0,0,0 1 2 3 5 6 7 9 10 12 13 14 15 16 17
74,0,1,0,0,4,0,4,4,1,1.9768752635591014,0.24710940794488767,8.0,1,8
74,1,1,0,0,2,1,3,2,1,1.9056390622295662,0.47640976555739156,4.0,1,2
74,2,1,0,0,2,1,3,2,1,1.9544340029249643,0.48860850073124107,4.0,1,0
74,3,2,0,1,3,1,4,3,2,1.180773623023633,0.19679560383727215,6.0,1,6 15
74,4,1,0,0,1,2,3,1,1,1.5,0.75,2.0,1,1
74,5,1,0,0,2,0,2,2,1,1.977217001462483,0.49430425036562076,4.0,1,12
74,6,1,0,0,4,0,4,4,1,1.9930473034134089,0.2491309129266761,8.0,1,16
74,7,1,0,0,2,2,4,2,1,1.923794940695398,0.4809487351738495,4.0,1,10
74,8,1,0,0,2,0,2,2,1,1.9056390622295662,0.47640976555739156,4.0,1,11
74,9,3,0,1,2,9,11,2,2,0.9393355704133297,0.23483389260333243,4.0,1,9 13 14
74,10,1,0,0,2,1,3,2,1,1.8496017527145812,0.4624004381786453,4.0,1,5
74,11,1,0,0,1,3,4,1,1,1.5,0.75,2.0,1,3
74,12,1,0,0,0,4,4,0,0,0.0,0.0,0.0,0,4
74,13,1,0,0,0,3,3,0,0,0.0,0.0,0.0,0,7
74,14,1,0,0,0,0,0,0,0,0.0,0.0,0.0,0,17
75,0,1,0,0,2,0,2,2,1,1.9544340029249652,0.4886085007312413,4.0,1,1
75,1,1,0,0,4,1,5,4,1,1.9924666519596421,0.24905833149495527,8.0,1,0
75,2,1,0,0,0,0,0,0,0,0.0,0.0,0.0,0,2
75,3,1,0,0,2,0,2,2,1,1.748999223062281,0.43724980576557027,4.0,1,4
75,4,1,0,0,1,1,2,1,1,1.0,0.5,2.0,1,14
75,5,1,0,0,2,2,4,2,1,1.923794940695398,0.4809487351738495,4.0,1,13
75,6,1,0,0,1,1,2,1,1,1.5,0.75,2.0,1,6
75,7,1,0,0,1,2,3,1,1,0.8112781244591329,0.40563906222956647,2.0,1,12
75,8,4,0,1,5,2,7,3,4,1.6226068055432492,0.2704344675905415,6.0,1,9 11 16 17
75,9,1,0,0,0,1,1,0,0,0.0,0.0,0.0,0,3
75,10,1,0,0,0,1,1,0,0,0.0,0.0,0.0,0,5
75,11,1,0,0,1,1,2,1,1,1.5,0.75,2.0,1,10
75,12,1,0,0,0,4,4,0,0,0.0,0.0,0.0,0,7
75,13,1,0,0,0,2,2,0,0,0.0,0.0,0.0,0,8
75,14,1,0,0,0,1,1,0,0,0.0,0.0,0.0,0,15
76,0,1,0,0,2,0,2,2,1,1.9544340029249652,0.4886085007312413,4.0,1,4
76,1,1,0,0,2,1,3,2,1,1.8496017527145812,0.4624004381786453,4.0,1,3
76,2,1,0,0,3,0,3,3,1,1.9641810361974334,0.3273635060329056,6.0,1,15
76,3,1,0,0,1,0,1,1,1,1.5,0.75,2.0,1,12
76,4,14,0,1,0,7,7,0,0,0.0,0.0,0.0,0,0 1 2 5 6 7 8 9 10 11 13 14 16 17
77,0,1,0,0,3,0,3,3,1,1.9715667056067314,0.3285944509344552,6.0,1,1
77,1,1,0,0,2,0,2,2,1,1.8496017527145812,0.4624004381786453,4.0,1,2
77,2,1,0,0,3,0,3,3,1,1.989824458389819,0.3316374097316365,6.0,1,9
77,3,1,0,0,3,0,3,3,1,1.960845291140748,0.326807548523458,6.0,1,15
77,4,12,0,1,2,9,11,2,2,0.5266898160900855,0.13167245402252137,4.0,1,0 3 5 6 7 8 10 11 12 13 16 17
77,5,1,0,0,1,3,4,1,1,1.5,0.75,2.0,1,14
77,6,1,0,0,0,2,2,0,0,0.0,0.0,0.0,0,4
78,0,1,0,0,4,0,4,4,1,1.988520494787812,0.2485650618484765,8.0,1,6
78,1,1,0,0,4,1,5,4,1,1.9908454347209847,0.2488556793401231,8.0,1,1
78,2,1,0,0,1,1,2,1,1,1.5,0.75,2.0,1,14
78,3,1,0,0,2,2,4,2,1,1.748999223062281,0.43724980576557027,4.0,1,11
78,4,12,0,1,3,7,10,2,3,0.29927027872177625,0.07481756968044406,4.0,1,0 3 4 5 7 8 9 10 13 15 16 17
78,5,1,0,0,0,1,1,0,0,0.0,0.0,0.0,0,2
78,6,1,0,0,0,2,2,0,0,0.0,0.0,0.0,0,12
79,0,1,0,0,3,0,3,3,1,1.9108760320406137,0.31847933867343564,6.0,1,0
79,1,1,0,0,2,0,2,2,1,1.923794940695398,0.4809487351738495,4.0,1,6
79,2,12,0,1,4,4,8,3,3,1.1238294093408463,0.1873049015568077,6.0,1,1 2 3 4 5 7 8 9 10 11 13 15
79,3,1,0,0,1,3,4,1,1,2.0,1.0,2.0,1,12
79,4,1,0,0,2,1,3,2,1,1.8496017527145812,0.4624004381786453,4.0,1,16
79,5,1,0,0,0,3,3,0,0,0.0,0.0,0.0,0,14
79,6,1,0,0,0,1,1,0,0,0.0,0.0,0.0,0,17
80,0,1,0,0,3,0,3,3,1,1.923794940695398,0.32063249011589967,6.0,1,8
80,1,15,0,1,1,3,4,1,1,0.6022170014624826,0.3011085007312413,2.0,1,0 1 3 4 5 6 7 9 10 11 12 13 14 16 17
80,2,1,0,0,1,0,1,1,1,1.5,0.75,2.0,1,15
80,3,1,0,0,0,2,2,0,0,0.0,0.0,0.0,0,2
81,0,17,0,1,1,0,1,1,1,0.0364970701139522,0.0182485350569761,2.0,0,0 1 2 4 5 6 7 8 9 10 11 12 13 14 15 16 17
81,1,1,0,0,0,1,1,0,0,0.0,0.0,0.0,0,3
82,0,1,0,0,3,0,3,3,1,1.9104251344986816,0.3184041890831136,6.0,1,0
82,1,1,0,0,4,0,4,4,1,1.9991191547681595,0.24988989434601994,8.0,1,9
82,2,1,0,0,2,1,3,2,1,1.9362781244591325,0.4840695311147831,4.0,1,16
82,3,9,0,1,9,7,16,4,5,3.0566958440448317,0.38208698050560397,8.0,1,1 2 3 4 6 7 11 14 17
82,4,1,0,0,1,1,2,1,1,1.5,0.75,2.0,1,5
82,5,3,0,1,3,8,11,2,2,0.5030118164809609,0.12575295412024023,4.0,1,8 12 15
82,6,1,0,0,0,3,3,0,0,0.0,0.0,0.0,0,10
82,7,1,0,0,0,2,2,0,0,0.0,0.0,0.0,0,13
83,0,1,0,0,3,0,3,3,1,1.9715153033374992,0.3285858838895832,6.0,1,4
83,1,1,0,0,1,0,1,1,1,1.5,0.75,2.0,1,16
83,2,15,0,1,1,4,5,1,1,0.12603085894709398,0.06301542947354699,2.0,1,0 1 2 5 6 7 8 9 10 11 12 13 14 15 17
83,3,1,0,0,0,1,1,0,0,0.0,0.0,0.0,0,3
84,0,1,0,0,3,0,3,3,1,1.978247160559821,0.3297078600933035,6.0,1,5
84,1,1,0,0,3,0,3,3,1,1.9835634900448902,0.3305939150074817,6.0,1,3
84,2,1,0,0,1,0,1,1,1,2.0,1.0,2.0,1,7
84,3,1,0,0,4,0,4,4,1,1.9876022174465025,0.2484502771808128,8.0,1,8
84,4,4,0,1,4,6,10,4,2,0.7836470156593744,0.0979558769574218,8.0,1,4 10 12 13
84,5,1,0,0,0,2,2,0,0,0.0,0.0,0.0,0,0
84,6,1,0,0,1,0,1,1,1,1.5,0.75,2.0,1,17
84,7,1,0,0,0,2,2,0,0,0.0,0.0,0.0,0,1
84,8,1,0,0,1,2,3,1,1,1.5,0.75,2.0,1,2
84,9,1,0,0,3,1,4,3,1,1.95142573789646,0.32523762298274334,6.0,1,6
84,10,1,0,0,0,0,0,0,0,0.0,0.0,0.0,0,9
84,11,1,0,0,0,1,1,0,0,0.0,0.0,0.0,0,11
84,12,1,0,0,1,1,2,1,1,0.8112781244591329,0.40563906222956647,2.0,1,16
84,13,1,0,0,0,4,4,0,0,0.0,0.0,0.0,0,14
84,14,1,0,0,0,2,2,0,0,0.0,0.0,0.0,0,15
85,0,1,0,0,2,0,2,2,1,1.8496017527145812,0.4624004381786453,4.0,1,0
85,1,1,0,0,2,0,2,2,1,1.649397470347699,0.41234936758692475,4.0,1,11
85,2,1,0,0,2,0,2,2,1,1.977217001462483,0.49430425036562076,4.0,1,13
85,3,1,0,0,1,0,1,1,1,1.5,0.75,2.0,1,9
85,4,12,0,1,3,7,10,2,3,1.7221989659287438,0.43054974148218594,4.0,1,1 2 3 4 5 6 7 10 12 14 15 17
85,5,1,0,0,0,2,2,0,0,0.0,0.0,0.0,0,8
85,6,1,0,0,0,1,1,0,0,0.0,0.0,0.0,0,16
86,0,17,0,1,2,0,2,1,2,1.2184998057655703,0.6092499028827851,2.0,1,0 1 2 3 4 5 6 7 8 9 11 12 13 14 15 16 17
86,1,1,0,0,0,2,2,0,0,0.0,0.0,0.0,0,10
87,0,15,0,1,7,0,7,3,6,3.423899476047845,0.5706499126746408,6.0,1,1 3 4 6 7 8 9 10 11 12 13 14 15 16 17
87,1,1,0,0,1,2,3,1,1,1.5,0.75,2.0,1,0
87,2,1,0,0,0,4,4,0,0,0.0,0.0,0.0,0,2
87,3,1,0,0,0,2,2,0,0,0.0,0.0,0.0,0,5
88,0,1,0,0,3,0,3,3,1,1.9635349455167193,0.32725582425278654,6.0,1,8
88,1,1,0,0,3,0,3,3,1,1.97330242819723,0.3288837380328717,6.0,1,3
88,2,1,0,0,2,0,2,2,1,1.8112781244591325,0.4528195311147831,4.0,1,15
88,3,13,0,1,4,8,12,2,3,1.2982858123270233,0.32457145308175583,4.0,1,0 1 2 4 5 7 9 10 11 13 14 16 17
88,4,1,0,0,0,2,2,0,0,0.0,0.0,0.0,0,6
88,5,1,0,0,0,2,2,0,0,0.0,0.0,0.0,0,12
89,0,18,1,1,0,0,0,0,0,0.0,0.0,0.0,0,0 1 2 3 4 5 6 7 8 9 10 11 12 13 14 15 16 17
90,0,18,1,1,0,0,0,0,0,0.0,0.0,0.0,0,0 1 2 3 4 5 6 7 8 9 10 11 12 13 14 15 16 17
91,0,1,0,0,1,0,1,1,1,1.5,0.75,2.0,1,16
91,1,15,0,1,7,1,8,2,6,3.069271587964119,0.7673178969910297,4.0,1,0 1 2 3 4 5 6 9 10 11 12 13 14 15 17
91,2,1,0,0,0,4,4,0,0,0.0,0.0,0.0,0,7
91,3,1,0,0,0,3,3,0,0,0.0,0.0,0.0,0,8
92,0,1,0,0,4,0,4,4,1,1.9856104779371044,0.24820130974213805,8.0,1,0
92,1,1,0,0,1,0,1,1,1,1.5,0.75,2.0,1,15
92,2,6,0,1,6,4,10,6,4,2.7190775989394904,0.34256095734670744,7.9375,1,3 4 10 12 14 17
92,3,1,0,0,1,0,1,1,1,1.5,0.75,2.0,1,2
92,4,1,0,0,1,2,3,1,1,1.5,0.75,2.0,1,5
92,5,1,0,0,1,1,2,1,1,1.0,0.5,2.0,1,6
92,6,1,0,0,1,1,2,1,1,1.0,0.5,2.0,1,13
92,7,1,0,0,1,2,3,1,1,1.5,0.75,2.0,1,16
92,8,2,0,1,0,4,4,0,0,0.0,0.0,0.0,0,1 7
92,9,1,0,0,0,0,0,0,0,0.0,0.0,0.0,0,8
92,10,1,0,0,0,1,1,0,0,0.0,0.0,0.0,0,9
92,11,1,0,0,0,1,1,0,0,0.0,0.0,0.0,0,11
93,0,1,0,0,4,0,4,4,1,1.9908196812024777,0.2488524601503097,8.0,1,12
93,1,1,0,0,1,0,1,1,1,0.8112781244591329,0.40563906222956647,2.0,1,16
93,2,1,0,0,2,1,3,2,1,1.8828560636920493,0.4707140159230123,4.0,1,11
93,3,12,0,1,3,5,8,2,3,0.6284108590920638,0.15710271477301596,4.0,1,0 1 2 3 4 5 6 8 9 10 14 15
93,4,1,0,0,0,1,1,0,0,0.0,0.0,0.0,0,7
93,5,1,0,0,0,0,0,0,0,0.0,0.0,0.0,0,13
93,6,1,0,0,0,3,3,0,0,0.0,0.0,0.0,0,17
94,0,1,0,0,1,0,1,1,1,1.5,0.75,2.0,1,14
94,1,1,0,0,4,1,5,4,1,1.9963865766735296,0.2495483220841912,8.0,1,9
94,2,1,0,0,4,1,5,4,1,1.9975826201611682,0.24969782752014602,8.0,1,12
94,3,1,0,0,1,1,2,1,1,1.5,0.75,2.0,1,4
94,4,1,0,0,1,0,1,1,1,1.5,0.75,2.0,1,10
94,5,1,0,0,2,1,3,2,1,1.8802408149441483,0.4700602037360371,4.0,1,1
94,6,1,0,0,2,1,3,2,1,1.9056390622295662,0.47640976555739156,4.0,1,7
94,7,10,0,1,1,9,10,1,1,0.5524212838293647,0.27621064191468236,2.0,1,0 2 3 5 6 8 11 13 15 17
94,8,1,0,0,0,2,2,0,0,0.0,0.0,0.0,0,16
95,0,1,0,0,4,0,4,4,1,1.999466011203575,0.24993325140044687,8.0,1,0
95,1,1,0,0,3,0,3,3,1,1.8848502747979623,0.31414171246632705,6.0,1,1
95,2,1,0,0,1,1,2,1,1,1.5,0.75,2.0,1,2
95,3,6,0,1,3,3,6,3,3,0.6294245081577419,0.10490408469295698,6.0,1,3 5 6 7 9 14
95,4,1,0,0,2,0,2,2,1,1.8828560636920493,0.4707140159230123,4.0,1,13
95,5,1,0,0,1,1,2,1,1,1.5,0.75,2.0,1,16
95,6,1,0,0,2,4,6,2,1,1.9362781244591325,0.4840695311147831,4.0,1,12
95,7,1,0,0,1,1,2,1,1,1.5,0.75,2.0,1,8
95,8,1,0,0,1,3,4,1,1,1.5,0.75,2.0,1,15
95,9,1,0,0,2,3,5,2,1,1.977217001462483,0.49430425036562076,4.0,1,4
95,10,1,0,0,1,1,2,1,1,1.5,0.75,2.0,1,11
95,11,1,0,0,0,4,4,0,0,0.0,0.0,0.0,0,10
95,12,1,0,0,0,0,0,0,0,0.0,0.0,0.0,0,17
96,0,1,0,0,4,0,4,4,1,1.9963865766735296,0.2495483220841912,8.0,1,1
96,1,1,0,0,4,0,4,4,1,1.9976304190500045,0.24970380238125056,8.0,1,15
96,2,1,0,0,1,0,1,1,1,1.5,0.75,2.0,1,9
96,3,1,0,0,4,1,5,4,1,1.9959400529661089,0.2494925066207636,8.0,1,6
96,4,1,0,0,2,1,3,2,1,1.9544340029249643,0.48860850073124107,4.0,1,13
96,5,1,0,0,3,1,4,3,1,1.9851836144561048,0.33086393574268413,6.0,1,16
96,6,1,0,0,2,3,5,2,1,1.9362781244591325,0.4840695311147831,4.0,1,0
96,7,1,0,0,1,1,2,1,1,0.8112781244591329,0.40563906222956647,2.0,1,5
96,8,1,0,0,1,2,3,1,1,0.8112781244591329,0.40563906222956647,2.0,1,2
96,9,1,0,0,2,0,2,2,1,1.977217001462483,0.49430425036562076,4.0,1,17
96,10,1,0,0,1,3,4,1,1,1.5,0.75,2.0,1,10
96,11,1,0,0,0,3,3,0,0,0.0,0.0,0.0,0,3
96,12,1,0,0,1,0,1,1,1,1.5,0.75,2.0,1,8
96,13,1,0,0,0,4,4,0,0,0.0,0.0,0.0,0,4
96,14,1,0,0,1,2,3,1,1,0.0,0.0,2.0,0,7
96,15,2,0,1,1,4,5,1,1,0.8215779392329163,0.41078896961645817,2.0,1,11 12
96,16,1,0,0,0,3,3,0,0,0.0,0.0,0.0,0,14
97,0,1,0,0,4,0,4,4,1,1.9940435471468625,0.2492554433933578,8.0,1,10
97,1,1,0,0,2,1,3,2,1,1.7028195311147831,0.4257048827786958,4.0,1,9
97,2,10,0,1,7,2,9,4,6,4.165877323713687,0.5207346654642109,8.0,1,3 4 5 6 7 11 12 14 16 17
97,3,1,0,0,1,2,3,1,1,1.5,0.75,2.0,1,0
97,4,1,0,0,1,0,1,1,1,1.5,0.75,2.0,1,13
97,5,1,0,0,1,2,3,1,1,0.8112781244591329,0.40563906222956647,2.0,1,2
97,6,1,0,0,1,3,4,1,1,0.8112781244591329,0.40563906222956647,2.0,1,15
97,7,1,0,0,1,4,5,1,1,1.5,0.75,2.0,1,8
97,8,1,0,0,0,4,4,0,0,0.0,0.0,0.0,0,1
98,0,1,0,0,3,0,3,3,1,1.974260138703209,0.32904335645053484,6.0,1,11
98,1,2,0,1,5,1,6,5,2,1.3890980643742044,0.17985079453834554,7.723613720694674,1,13 15
98,2,8,0,1,8,5,13,5,6,3.899362112905038,0.49731679239785204,7.840801220694674,1,0 2 3 4 6 8 10 12
98,3,1,0,0,2,1,3,2,1,1.75,0.4375,4.0,1,7
98,4,1,0,0,1,2,3,1,1,1.5,0.75,2.0,1,9
98,5,1,0,0,1,1,2,1,1,2.0,1.0,2.0,1,14
98,6,1,0,0,0,4,4,0,0,0.0,0.0,0.0,0,1
98,7,1,0,0,0,3,3,0,0,0.0,0.0,0.0,0,5
98,8,1,0,0,0,2,2,0,0,0.0,0.0,0.0,0,16
98,9,1,0,0,0,1,1,0,0,0.0,0.0,0.0,0,17
99,0,1,0,0,2,0,2,2,1,1.9362781244591325,0.4840695311147831,4.0,1,3
99,1,16,0,1,0,1,1,0,0,0.0,0.0,0.0,0,0 1 2 4 5 6 7 8 9 10 11 12 13 14 15 16
99,2,1,0,0,0,1,1,0,0,0.0,0.0,0.0,0,17
