classes_by_vertex,vertex_costs_qcoords,quotient_dim_qcoords,quotient_cost_qcoords,quotient_cost_bits,collapsed_vertices,fully_collapsed_vertices,cost_B_qcoords,cost_B_bits,cost_C_qcoords,cost_C_bits,cost_D_qcoords,cost_D_bits,cost_A_qcoords,cost_A_bits,cost_A_panel_qcoords,cost_A_panel_bits,constraint_mode,initial_pool,observer_init,close_admissibility,kB,kC,kD,kA,kM,k_total,q,w,n_initial_states,n_schedules,branch_order_seed_merges,sink_seed_merges,strict_schedule_seed_merges,admissibility_merges,admissibility_iterations,extra_B,extra_C,extra_D,extra_A,seed,instance
"[4, 4, 4, 4, 4, 4, 4, 4]","[0.0, 0.0, 0.0, 0.0, 0.0, 0.0, 0.0, 0.0]",8.0,0.0,0.0,0,0,0.0,0.0,0.0,0.0,0.0,0.0,0.0,0.0,0.0,0.0,branch_order,all,zero,True,2,2,2,2,2,8,4,1,4096,32,0,0,0,0,1,2,2,2,2,11905,0
"[4, 4, 4, 4, 4, 4, 1, 1]","[0.0, 0.0, 0.0, 0.0, 0.0, 0.0, 1.0, 1.0]",6.0,2.0,4.0,2,2,0.0,0.0,0.0,0.0,0.0,0.0,2.0,4.0,2.0,4.0,sink_equal,all,zero,True,2,2,2,2,2,8,4,1,4096,32,0,3,0,0,1,2,2,2,2,11905,0
"[2, 2, 2, 3, 1, 1, 1, 1]","[0.5, 0.5, 0.5, 0.20751874963942185, 1.0, 1.0, 1.0, 1.0]",2.292481250360578,5.707518749639422,11.415037499278844,8,4,1.0,2.0,0.7075187496394219,1.4150374992788437,2.0,4.0,2.0,4.0,2.0,4.0,strict_schedule,all,zero,True,2,2,2,2,2,8,4,1,4096,32,0,0,19,0,1,2,2,2,2,11905,0
"[4, 4, 4, 4, 4, 4, 4, 4]","[0.0, 0.0, 0.0, 0.0, 0.0, 0.0, 0.0, 0.0]",8.0,0.0,0.0,0,0,0.0,0.0,0.0,0.0,0.0,0.0,0.0,0.0,0.0,0.0,branch_order,all,zero,True,2,2,2,2,2,8,4,1,4096,32,0,0,0,0,1,2,2,2,2,11906,1
"[4, 4, 4, 4, 4, 4, 1, 1]","[0.0, 0.0, 0.0, 0.0, 0.0, 0.0, 1.0, 1.0]",6.0,2.0,4.0,2,2,0.0,0.0,0.0,0.0,0.0,0.0,2.0,4.0,2.0,4.0,sink_equal,all,zero,True,2,2,2,2,2,8,4,1,4096,32,0,3,0,0,1,2,2,2,2,11906,1
"[2, 2, 1, 2, 1, 2, 1, 1]","[0.5, 0.5, 1.0, 0.5, 1.0, 0.5, 1.0, 1.0]",2.0,6.0,12.0,8,4,1.0,2.0,1.5,3.0,1.5,3.0,2.0,4.0,2.0,4.0,strict_schedule,all,zero,True,2,2,2,2,2,8,4,1,4096,32,0,0,20,0,1,2,2,2,2,11906,1
"[4, 4, 4, 4, 4, 4, 4, 4]","[0.0, 0.0, 0.0, 0.0, 0.0, 0.0, 0.0, 0.0]",8.0,0.0,0.0,0,0,0.0,0.0,0.0,0.0,0.0,0.0,0.0,0.0,0.0,0.0,branch_order,all,zero,True,2,2,2,2,2,8,4,1,4096,32,0,0,0,0,1,2,2,2,2,11907,2
"[4, 4, 4, 4, 4, 4, 1, 1]","[0.0, 0.0, 0.0, 0.0, 0.0, 0.0, 1.0, 1.0]",6.0,2.0,4.0,2,2,0.0,0.0,0.0,0.0,0.0,0.0,2.0,4.0,2.0,4.0,sink_equal,all,zero,True,2,2,2,2,2,8,4,1,4096,32,0,3,0,0,1,2,2,2,2,11907,2
"[2, 3, 1, 2, 2, 2, 1, 1]","[0.5, 0.20751874963942185, 1.0, 0.5, 0.5, 0.5, 1.0, 1.0]",2.792481250360578,5.207518749639422,10.415037499278844,8,3,0.7075187496394219,1.4150374992788437,1.5,3.0,1.0,2.0,2.0,4.0,2.0,4.0,strict_schedule,all,zero,True,2,2,2,2,2,8,4,1,4096,32,0,0,18,0,1,2,2,2,2,11907,2
"[4, 4, 4, 4, 4, 4, 4, 4]","[0.0, 0.0, 0.0, 0.0, 0.0, 0.0, 0.0, 0.0]",8.0,0.0,0.0,0,0,0.0,0.0,0.0,0.0,0.0,0.0,0.0,0.0,0.0,0.0,branch_order,all,zero,True,2,2,2,2,2,8,4,1,4096,32,0,0,0,0,1,2,2,2,2,11908,3
"[4, 4, 4, 4, 4, 4, 1, 1]","[0.0, 0.0, 0.0, 0.0, 0.0, 0.0, 1.0, 1.0]",6.0,2.0,4.0,2,2,0.0,0.0,0.0,0.0,0.0,0.0,2.0,4.0,2.0,4.0,sink_equal,all,zero,True,2,2,2,2,2,8,4,1,4096,32,0,3,0,0,1,2,2,2,2,11908,3
"[2, 2, 1, 2, 1, 1, 1, 1]","[0.5, 0.5, 1.0, 0.5, 1.0, 1.0, 1.0, 1.0]",1.5,6.5,13.0,8,5,1.0,2.0,1.5,3.0,2.0,4.0,2.0,4.0,2.0,4.0,strict_schedule,all,zero,True,2,2,2,2,2,8,4,1,4096,32,0,0,21,0,1,2,2,2,2,11908,3
"[4, 4, 4, 4, 4, 4, 4, 4]","[0.0, 0.0, 0.0, 0.0, 0.0, 0.0, 0.0, 0.0]",8.0,0.0,0.0,0,0,0.0,0.0,0.0,0.0,0.0,0.0,0.0,0.0,0.0,0.0,branch_order,all,zero,True,2,2,2,2,2,8,4,1,4096,32,0,0,0,0,1,2,2,2,2,11909,4
"[4, 4, 4, 4, 4, 4, 1, 1]","[0.0, 0.0, 0.0, 0.0, 0.0, 0.0, 1.0, 1.0]",6.0,2.0,4.0,2,2,0.0,0.0,0.0,0.0,0.0,0.0,2.0,4.0,2.0,4.0,sink_equal,all,zero,True,2,2,2,2,2,8,4,1,4096,32,0,3,0,0,1,2,2,2,2,11909,4
"[2, 2, 1, 2, 1, 2, 1, 1]","[0.5, 0.5, 1.0, 0.5, 1.0, 0.5, 1.0, 1.0]",2.0,6.0,12.0,8,4,1.0,2.0,1.5,3.0,1.5,3.0,2.0,4.0,2.0,4.0,strict_schedule,all,zero,True,2,2,2,2,2,8,4,1,4096,32,0,0,19,1,2,2,2,2,2,11909,4
"[4, 4, 4, 4, 4, 4, 4, 4]","[0.0, 0.0, 0.0, 0.0, 0.0, 0.0, 0.0, 0.0]",8.0,0.0,0.0,0,0,0.0,0.0,0.0,0.0,0.0,0.0,0.0,0.0,0.0,0.0,branch_order,all,zero,True,2,2,2,2,2,8,4,1,4096,32,0,0,0,0,1,2,2,2,2,11910,5
"[4, 4, 4, 4, 4, 4, 1, 1]","[0.0, 0.0, 0.0, 0.0, 0.0, 0.0, 1.0, 1.0]",6.0,2.0,4.0,2,2,0.0,0.0,0.0,0.0,0.0,0.0,2.0,4.0,2.0,4.0,sink_equal,all,zero,True,2,2,2,2,2,8,4,1,4096,32,0,3,0,0,1,2,2,2,2,11910,5
"[2, 3, 1, 3, 1, 2, 1, 1]","[0.5, 0.20751874963942185, 1.0, 0.20751874963942185, 1.0, 0.5, 1.0, 1.0]",2.584962500721156,5.415037499278844,10.830074998557688,8,4,0.7075187496394219,1.4150374992788437,1.207518749639422,2.415037499278844,1.5,3.0,2.0,4.0,2.0,4.0,strict_schedule,all,zero,True,2,2,2,2,2,8,4,1,4096,32,0,0,18,0,1,2,2,2,2,11910,5
"[4, 4, 4, 4, 4, 4, 4, 4]","[0.0, 0.0, 0.0, 0.0, 0.0, 0.0, 0.0, 0.0]",8.0,0.0,0.0,0,0,0.0,0.0,0.0,0.0,0.0,0.0,0.0,0.0,0.0,0.0,branch_order,all,zero,True,2,2,2,2,2,8,4,1,4096,32,0,0,0,0,1,2,2,2,2,11911,6
"[4, 4, 4, 4, 4, 4, 1, 1]","[0.0, 0.0, 0.0, 0.0, 0.0, 0.0, 1.0, 1.0]",6.0,2.0,4.0,2,2,0.0,0.0,0.0,0.0,0.0,0.0,2.0,4.0,2.0,4.0,sink_equal,all,zero,True,2,2,2,2,2,8,4,1,4096,32,0,3,0,0,1,2,2,2,2,11911,6
"[3, 3, 1, 2, 1, 2, 1, 1]","[0.20751874963942185, 0.20751874963942185, 1.0, 0.5, 1.0, 0.5, 1.0, 1.0]",2.584962500721156,5.415037499278844,10.830074998557688,8,4,0.4150374992788437,0.8300749985576875,1.5,3.0,1.5,3.0,2.0,4.0,2.0,4.0,strict_schedule,all,zero,True,2,2,2,2,2,8,4,1,4096,32,0,0,17,1,2,2,2,2,2,11911,6
"[4, 4, 4, 4, 4, 4, 4, 4]","[0.0, 0.0, 0.0, 0.0, 0.0, 0.0, 0.0, 0.0]",8.0,0.0,0.0,0,0,0.0,0.0,0.0,0.0,0.0,0.0,0.0,0.0,0.0,0.0,branch_order,all,zero,True,2,2,2,2,2,8,4,1,4096,32,0,0,0,0,1,2,2,2,2,11912,7
"[4, 4, 4, 4, 4, 4, 1, 1]","[0.0, 0.0, 0.0, 0.0, 0.0, 0.0, 1.0, 1.0]",6.0,2.0,4.0,2,2,0.0,0.0,0.0,0.0,0.0,0.0,2.0,4.0,2.0,4.0,sink_equal,all,zero,True,2,2,2,2,2,8,4,1,4096,32,0,3,0,0,1,2,2,2,2,11912,7
"[3, 2, 1, 2, 1, 1, 1, 1]","[0.20751874963942185, 0.5, 1.0, 0.5, 1.0, 1.0, 1.0, 1.0]",1.792481250360578,6.207518749639422,12.415037499278844,8,5,0.7075187496394219,1.4150374992788437,1.5,3.0,2.0,4.0,2.0,4.0,2.0,4.0,strict_schedule,all,zero,True,2,2,2,2,2,8,4,1,4096,32,0,0,19,1,2,2,2,2,2,11912,7
"[4, 4, 4, 4, 4, 4, 4, 4]","[0.0, 0.0, 0.0, 0.0, 0.0, 0.0, 0.0, 0.0]",8.0,0.0,0.0,0,0,0.0,0.0,0.0,0.0,0.0,0.0,0.0,0.0,0.0,0.0,branch_order,all,zero,True,2,2,2,2,2,8,4,1,4096,32,0,0,0,0,1,2,2,2,2,11913,8
"[4, 4, 4, 4, 4, 4, 1, 1]","[0.0, 0.0, 0.0, 0.0, 0.0, 0.0, 1.0, 1.0]",6.0,2.0,4.0,2,2,0.0,0.0,0.0,0.0,0.0,0.0,2.0,4.0,2.0,4.0,sink_equal,all,zero,True,2,2,2,2,2,8,4,1,4096,32,0,3,0,0,1,2,2,2,2,11913,8
"[1, 2, 1, 3, 1, 2, 1, 1]","[1.0, 0.5, 1.0, 0.20751874963942185, 1.0, 0.5, 1.0, 1.0]",1.792481250360578,6.207518749639422,12.415037499278844,8,5,1.5,3.0,1.207518749639422,2.415037499278844,1.5,3.0,2.0,4.0,2.0,4.0,strict_schedule,all,zero,True,2,2,2,2,2,8,4,1,4096,32,0,0,20,0,1,2,2,2,2,11913,8
"[4, 4, 4, 4, 4, 4, 4, 4]","[0.0, 0.0, 0.0, 0.0, 0.0, 0.0, 0.0, 0.0]",8.0,0.0,0.0,0,0,0.0,0.0,0.0,0.0,0.0,0.0,0.0,0.0,0.0,0.0,branch_order,all,zero,True,2,2,2,2,2,8,4,1,4096,32,0,0,0,0,1,2,2,2,2,11914,9
"[4, 4, 4, 4, 4, 4, 1, 1]","[0.0, 0.0, 0.0, 0.0, 0.0, 0.0, 1.0, 1.0]",6.0,2.0,4.0,2,2,0.0,0.0,0.0,0.0,0.0,0.0,2.0,4.0,2.0,4.0,sink_equal,all,zero,True,2,2,2,2,2,8,4,1,4096,32,0,3,0,0,1,2,2,2,2,11914,9
"[2, 2, 1, 2, 1, 2, 1, 1]","[0.5, 0.5, 1.0, 0.5, 1.0, 0.5, 1.0, 1.0]",2.0,6.0,12.0,8,4,1.0,2.0,1.5,3.0,1.5,3.0,2.0,4.0,2.0,4.0,strict_schedule,all,zero,True,2,2,2,2,2,8,4,1,4096,32,0,0,17,3,2,2,2,2,2,11914,9
"[4, 4, 4, 4, 4, 4, 4, 4]","[0.0, 0.0, 0.0, 0.0, 0.0, 0.0, 0.0, 0.0]",8.0,0.0,0.0,0,0,0.0,0.0,0.0,0.0,0.0,0.0,0.0,0.0,0.0,0.0,branch_order,all,zero,True,2,2,2,2,2,8,4,1,4096,32,0,0,0,0,1,2,2,2,2,11915,10
"[4, 4, 4, 4, 4, 4, 1, 1]","[0.0, 0.0, 0.0, 0.0, 0.0, 0.0, 1.0, 1.0]",6.0,2.0,4.0,2,2,0.0,0.0,0.0,0.0,0.0,0.0,2.0,4.0,2.0,4.0,sink_equal,all,zero,True,2,2,2,2,2,8,4,1,4096,32,0,3,0,0,1,2,2,2,2,11915,10
"[2, 2, 1, 1, 1, 3, 1, 1]","[0.5, 0.5, 1.0, 1.0, 1.0, 0.20751874963942185, 1.0, 1.0]",1.792481250360578,6.207518749639422,12.415037499278844,8,5,1.0,2.0,2.0,4.0,1.207518749639422,2.415037499278844,2.0,4.0,2.0,4.0,strict_schedule,all,zero,True,2,2,2,2,2,8,4,1,4096,32,0,0,20,0,1,2,2,2,2,11915,10
"[4, 4, 4, 4, 4, 4, 4, 4]","[0.0, 0.0, 0.0, 0.0, 0.0, 0.0, 0.0, 0.0]",8.0,0.0,0.0,0,0,0.0,0.0,0.0,0.0,0.0,0.0,0.0,0.0,0.0,0.0,branch_order,all,zero,True,2,2,2,2,2,8,4,1,4096,32,0,0,0,0,1,2,2,2,2,11916,11
"[4, 4, 4, 4, 4, 4, 1, 1]","[0.0, 0.0, 0.0, 0.0, 0.0, 0.0, 1.0, 1.0]",6.0,2.0,4.0,2,2,0.0,0.0,0.0,0.0,0.0,0.0,2.0,4.0,2.0,4.0,sink_equal,all,zero,True,2,2,2,2,2,8,4,1,4096,32,0,3,0,0,1,2,2,2,2,11916,11
"[3, 3, 1, 2, 1, 2, 1, 1]","[0.20751874963942185, 0.20751874963942185, 1.0, 0.5, 1.0, 0.5, 1.0, 1.0]",2.584962500721156,5.415037499278844,10.830074998557688,8,4,0.4150374992788437,0.8300749985576875,1.5,3.0,1.5,3.0,2.0,4.0,2.0,4.0,strict_schedule,all,zero,True,2,2,2,2,2,8,4,1,4096,32,0,0,17,1,2,2,2,2,2,11916,11
"[4, 4, 4, 4, 4, 4, 4, 4]","[0.0, 0.0, 0.0, 0.0, 0.0, 0.0, 0.0, 0.0]",8.0,0.0,0.0,0,0,0.0,0.0,0.0,0.0,0.0,0.0,0.0,0.0,0.0,0.0,branch_order,all,zero,True,2,2,2,2,2,8,4,1,4096,32,0,0,0,0,1,2,2,2,2,11917,12
"[4, 4, 4, 4, 4, 4, 1, 1]","[0.0, 0.0, 0.0, 0.0, 0.0, 0.0, 1.0, 1.0]",6.0,2.0,4.0,2,2,0.0,0.0,0.0,0.0,0.0,0.0,2.0,4.0,2.0,4.0,sink_equal,all,zero,True,2,2,2,2,2,8,4,1,4096,32,0,3,0,0,1,2,2,2,2,11917,12
"[3, 3, 1, 3, 1, 3, 1, 1]","[0.20751874963942185, 0.20751874963942185, 1.0, 0.20751874963942185, 1.0, 0.20751874963942185, 1.0, 1.0]",3.1699250014423126,4.830074998557688,9.660149997115376,8,4,0.4150374992788437,0.8300749985576875,1.207518749639422,2.415037499278844,1.207518749639422,2.415037499278844,2.0,4.0,2.0,4.0,strict_schedule,all,zero,True,2,2,2,2,2,8,4,1,4096,32,0,0,16,0,1,2,2,2,2,11917,12
"[4, 4, 4, 4, 4, 4, 4, 4]","[0.0, 0.0, 0.0, 0.0, 0.0, 0.0, 0.0, 0.0]",8.0,0.0,0.0,0,0,0.0,0.0,0.0,0.0,0.0,0.0,0.0,0.0,0.0,0.0,branch_order,all,zero,True,2,2,2,2,2,8,4,1,4096,32,0,0,0,0,1,2,2,2,2,11918,13
"[4, 4, 4, 4, 4, 4, 1, 1]","[0.0, 0.0, 0.0, 0.0, 0.0, 0.0, 1.0, 1.0]",6.0,2.0,4.0,2,2,0.0,0.0,0.0,0.0,0.0,0.0,2.0,4.0,2.0,4.0,sink_equal,all,zero,True,2,2,2,2,2,8,4,1,4096,32,0,2,0,1,2,2,2,2,2,11918,13
"[1, 1, 1, 2, 1, 3, 2, 1]","[1.0, 1.0, 1.0, 0.5, 1.0, 0.20751874963942185, 0.5, 1.0]",1.792481250360578,6.207518749639422,12.415037499278844,8,5,2.0,4.0,1.5,3.0,1.207518749639422,2.415037499278844,1.5,3.0,1.5,3.0,strict_schedule,all,zero,True,2,2,2,2,2,8,4,1,4096,32,0,0,19,1,2,2,2,2,2,11918,13
"[4, 4, 4, 4, 4, 4, 4, 4]","[0.0, 0.0, 0.0, 0.0, 0.0, 0.0, 0.0, 0.0]",8.0,0.0,0.0,0,0,0.0,0.0,0.0,0.0,0.0,0.0,0.0,0.0,0.0,0.0,branch_order,all,zero,True,2,2,2,2,2,8,4,1,4096,32,0,0,0,0,1,2,2,2,2,11919,14
"[4, 4, 4, 4, 4, 4, 1, 1]","[0.0, 0.0, 0.0, 0.0, 0.0, 0.0, 1.0, 1.0]",6.0,2.0,4.0,2,2,0.0,0.0,0.0,0.0,0.0,0.0,2.0,4.0,2.0,4.0,sink_equal,all,zero,True,2,2,2,2,2,8,4,1,4096,32,0,3,0,0,1,2,2,2,2,11919,14
"[2, 2, 1, 2, 1, 3, 1, 1]","[0.5, 0.5, 1.0, 0.5, 1.0, 0.20751874963942185, 1.0, 1.0]",2.292481250360578,5.707518749639422,11.415037499278844,8,4,1.0,2.0,1.5,3.0,1.207518749639422,2.415037499278844,2.0,4.0,2.0,4.0,strict_schedule,all,zero,True,2,2,2,2,2,8,4,1,4096,32,0,0,19,0,1,2,2,2,2,11919,14
"[4, 4, 4, 4, 4, 4, 4, 4]","[0.0, 0.0, 0.0, 0.0, 0.0, 0.0, 0.0, 0.0]",8.0,0.0,0.0,0,0,0.0,0.0,0.0,0.0,0.0,0.0,0.0,0.0,0.0,0.0,branch_order,all,zero,True,2,2,2,2,2,8,4,1,4096,32,0,0,0,0,1,2,2,2,2,11920,15
"[4, 4, 4, 4, 4, 4, 1, 1]","[0.0, 0.0, 0.0, 0.0, 0.0, 0.0, 1.0, 1.0]",6.0,2.0,4.0,2,2,0.0,0.0,0.0,0.0,0.0,0.0,2.0,4.0,2.0,4.0,sink_equal,all,zero,True,2,2,2,2,2,8,4,1,4096,32,0,3,0,0,1,2,2,2,2,11920,15
"[3, 3, 1, 2, 1, 2, 1, 1]","[0.20751874963942185, 0.20751874963942185, 1.0, 0.5, 1.0, 0.5, 1.0, 1.0]",2.584962500721156,5.415037499278844,10.830074998557688,8,4,0.4150374992788437,0.8300749985576875,1.5,3.0,1.5,3.0,2.0,4.0,2.0,4.0,strict_schedule,all,zero,True,2,2,2,2,2,8,4,1,4096,32,0,0,15,3,2,2,2,2,2,11920,15
"[4, 4, 4, 4, 4, 4, 4, 4]","[0.0, 0.0, 0.0, 0.0, 0.0, 0.0, 0.0, 0.0]",8.0,0.0,0.0,0,0,0.0,0.0,0.0,0.0,0.0,0.0,0.0,0.0,0.0,0.0,branch_order,all,zero,True,2,2,2,2,2,8,4,1,4096,32,0,0,0,0,1,2,2,2,2,11921,16
"[4, 4, 4, 4, 4, 4, 1, 1]","[0.0, 0.0, 0.0, 0.0, 0.0, 0.0, 1.0, 1.0]",6.0,2.0,4.0,2,2,0.0,0.0,0.0,0.0,0.0,0.0,2.0,4.0,2.0,4.0,sink_equal,all,zero,True,2,2,2,2,2,8,4,1,4096,32,0,3,0,0,1,2,2,2,2,11921,16
"[2, 3, 1, 2, 1, 3, 1, 1]","[0.5, 0.20751874963942185, 1.0, 0.5, 1.0, 0.20751874963942185, 1.0, 1.0]",2.584962500721156,5.415037499278844,10.830074998557688,8,4,0.7075187496394219,1.4150374992788437,1.5,3.0,1.207518749639422,2.415037499278844,2.0,4.0,2.0,4.0,strict_schedule,all,zero,True,2,2,2,2,2,8,4,1,4096,32,0,0,18,0,1,2,2,2,2,11921,16
"[4, 4, 4, 4, 4, 4, 4, 4]","[0.0, 0.0, 0.0, 0.0, 0.0, 0.0, 0.0, 0.0]",8.0,0.0,0.0,0,0,0.0,0.0,0.0,0.0,0.0,0.0,0.0,0.0,0.0,0.0,branch_order,all,zero,True,2,2,2,2,2,8,4,1,4096,32,0,0,0,0,1,2,2,2,2,11922,17
"[4, 4, 4, 4, 4, 4, 1, 1]","[0.0, 0.0, 0.0, 0.0, 0.0, 0.0, 1.0, 1.0]",6.0,2.0,4.0,2,2,0.0,0.0,0.0,0.0,0.0,0.0,2.0,4.0,2.0,4.0,sink_equal,all,zero,True,2,2,2,2,2,8,4,1,4096,32,0,3,0,0,1,2,2,2,2,11922,17
"[2, 3, 1, 1, 1, 1, 1, 1]","[0.5, 0.20751874963942185, 1.0, 1.0, 1.0, 1.0, 1.0, 1.0]",1.292481250360578,6.707518749639422,13.415037499278844,8,6,0.7075187496394219,1.4150374992788437,2.0,4.0,2.0,4.0,2.0,4.0,2.0,4.0,strict_schedule,all,zero,True,2,2,2,2,2,8,4,1,4096,32,0,0,20,1,2,2,2,2,2,11922,17
"[4, 4, 4, 4, 4, 4, 4, 4]","[0.0, 0.0, 0.0, 0.0, 0.0, 0.0, 0.0, 0.0]",8.0,0.0,0.0,0,0,0.0,0.0,0.0,0.0,0.0,0.0,0.0,0.0,0.0,0.0,branch_order,all,zero,True,2,2,2,2,2,8,4,1,4096,32,0,0,0,0,1,2,2,2,2,11923,18
"[4, 4, 4, 4, 4, 4, 1, 1]","[0.0, 0.0, 0.0, 0.0, 0.0, 0.0, 1.0, 1.0]",6.0,2.0,4.0,2,2,0.0,0.0,0.0,0.0,0.0,0.0,2.0,4.0,2.0,4.0,sink_equal,all,zero,True,2,2,2,2,2,8,4,1,4096,32,0,3,0,0,1,2,2,2,2,11923,18
"[2, 4, 1, 2, 1, 3, 1, 1]","[0.5, 0.0, 1.0, 0.5, 1.0, 0.20751874963942185, 1.0, 1.0]",2.792481250360578,5.207518749639422,10.415037499278844,7,4,0.5,1.0,1.5,3.0,1.207518749639422,2.415037499278844,2.0,4.0,2.0,4.0,strict_schedule,all,zero,True,2,2,2,2,2,8,4,1,4096,32,0,0,17,0,1,2,2,2,2,11923,18
"[4, 4, 4, 4, 4, 4, 4, 4]","[0.0, 0.0, 0.0, 0.0, 0.0, 0.0, 0.0, 0.0]",8.0,0.0,0.0,0,0,0.0,0.0,0.0,0.0,0.0,0.0,0.0,0.0,0.0,0.0,branch_order,all,zero,True,2,2,2,2,2,8,4,1,4096,32,0,0,0,0,1,2,2,2,2,11924,19
"[4, 4, 4, 4, 4, 4, 1, 1]","[0.0, 0.0, 0.0, 0.0, 0.0, 0.0, 1.0, 1.0]",6.0,2.0,4.0,2,2,0.0,0.0,0.0,0.0,0.0,0.0,2.0,4.0,2.0,4.0,sink_equal,all,zero,True,2,2,2,2,2,8,4,1,4096,32,0,3,0,0,1,2,2,2,2,11924,19
"[3, 1, 1, 1, 1, 2, 1, 1]","[0.20751874963942185, 1.0, 1.0, 1.0, 1.0, 0.5, 1.0, 1.0]",1.292481250360578,6.707518749639422,13.415037499278844,8,6,1.207518749639422,2.415037499278844,2.0,4.0,1.5,3.0,2.0,4.0,2.0,4.0,strict_schedule,all,zero,True,2,2,2,2,2,8,4,1,4096,32,0,0,20,1,2,2,2,2,2,11924,19
"[4, 4, 4, 4, 4, 4, 4, 4]","[0.0, 0.0, 0.0, 0.0, 0.0, 0.0, 0.0, 0.0]",8.0,0.0,0.0,0,0,0.0,0.0,0.0,0.0,0.0,0.0,0.0,0.0,0.0,0.0,branch_order,all,zero,True,2,2,2,2,2,8,4,1,4096,32,0,0,0,0,1,2,2,2,2,11925,20
"[4, 4, 4, 4, 4, 4, 1, 1]","[0.0, 0.0, 0.0, 0.0, 0.0, 0.0, 1.0, 1.0]",6.0,2.0,4.0,2,2,0.0,0.0,0.0,0.0,0.0,0.0,2.0,4.0,2.0,4.0,sink_equal,all,zero,True,2,2,2,2,2,8,4,1,4096,32,0,3,0,0,1,2,2,2,2,11925,20
"[2, 3, 1, 2, 1, 3, 1, 1]","[0.5, 0.20751874963942185, 1.0, 0.5, 1.0, 0.20751874963942185, 1.0, 1.0]",2.584962500721156,5.415037499278844,10.830074998557688,8,4,0.7075187496394219,1.4150374992788437,1.5,3.0,1.207518749639422,2.415037499278844,2.0,4.0,2.0,4.0,strict_schedule,all,zero,True,2,2,2,2,2,8,4,1,4096,32,0,0,18,0,1,2,2,2,2,11925,20
"[4, 4, 4, 4, 4, 4, 4, 4]","[0.0, 0.0, 0.0, 0.0, 0.0, 0.0, 0.0, 0.0]",8.0,0.0,0.0,0,0,0.0,0.0,0.0,0.0,0.0,0.0,0.0,0.0,0.0,0.0,branch_order,all,zero,True,2,2,2,2,2,8,4,1,4096,32,0,0,0,0,1,2,2,2,2,11926,21
"[4, 4, 4, 4, 4, 4, 1, 1]","[0.0, 0.0, 0.0, 0.0, 0.0, 0.0, 1.0, 1.0]",6.0,2.0,4.0,2,2,0.0,0.0,0.0,0.0,0.0,0.0,2.0,4.0,2.0,4.0,sink_equal,all,zero,True,2,2,2,2,2,8,4,1,4096,32,0,3,0,0,1,2,2,2,2,11926,21
"[1, 3, 1, 2, 1, 2, 1, 1]","[1.0, 0.20751874963942185, 1.0, 0.5, 1.0, 0.5, 1.0, 1.0]",1.792481250360578,6.207518749639422,12.415037499278844,8,5,1.207518749639422,2.415037499278844,1.5,3.0,1.5,3.0,2.0,4.0,2.0,4.0,strict_schedule,all,zero,True,2,2,2,2,2,8,4,1,4096,32,0,0,19,1,2,2,2,2,2,11926,21
"[4, 4, 4, 4, 4, 4, 4, 4]","[0.0, 0.0, 0.0, 0.0, 0.0, 0.0, 0.0, 0.0]",8.0,0.0,0.0,0,0,0.0,0.0,0.0,0.0,0.0,0.0,0.0,0.0,0.0,0.0,branch_order,all,zero,True,2,2,2,2,2,8,4,1,4096,32,0,0,0,0,1,2,2,2,2,11927,22
"[4, 4, 4, 4, 4, 4, 1, 1]","[0.0, 0.0, 0.0, 0.0, 0.0, 0.0, 1.0, 1.0]",6.0,2.0,4.0,2,2,0.0,0.0,0.0,0.0,0.0,0.0,2.0,4.0,2.0,4.0,sink_equal,all,zero,True,2,2,2,2,2,8,4,1,4096,32,0,3,0,0,1,2,2,2,2,11927,22
"[2, 3, 1, 2, 1, 2, 1, 2]","[0.5, 0.20751874963942185, 1.0, 0.5, 1.0, 0.5, 1.0, 0.5]",2.792481250360578,5.207518749639422,10.415037499278844,8,3,0.7075187496394219,1.4150374992788437,1.5,3.0,1.5,3.0,1.5,3.0,1.5,3.0,strict_schedule,all,zero,True,2,2,2,2,2,8,4,1,4096,32,0,0,17,1,2,2,2,2,2,11927,22
"[4, 4, 4, 4, 4, 4, 4, 4]","[0.0, 0.0, 0.0, 0.0, 0.0, 0.0, 0.0, 0.0]",8.0,0.0,0.0,0,0,0.0,0.0,0.0,0.0,0.0,0.0,0.0,0.0,0.0,0.0,branch_order,all,zero,True,2,2,2,2,2,8,4,1,4096,32,0,0,0,0,1,2,2,2,2,11928,23
"[4, 4, 4, 4, 4, 4, 1, 1]","[0.0, 0.0, 0.0, 0.0, 0.0, 0.0, 1.0, 1.0]",6.0,2.0,4.0,2,2,0.0,0.0,0.0,0.0,0.0,0.0,2.0,4.0,2.0,4.0,sink_equal,all,zero,True,2,2,2,2,2,8,4,1,4096,32,0,3,0,0,1,2,2,2,2,11928,23
"[2, 2, 1, 1, 1, 3, 1, 1]","[0.5, 0.5, 1.0, 1.0, 1.0, 0.20751874963942185, 1.0, 1.0]",1.792481250360578,6.207518749639422,12.415037499278844,8,5,1.0,2.0,2.0,4.0,1.207518749639422,2.415037499278844,2.0,4.0,2.0,4.0,strict_schedule,all,zero,True,2,2,2,2,2,8,4,1,4096,32,0,0,20,0,1,2,2,2,2,11928,23
"[4, 4, 4, 4, 4, 4, 4, 4]","[0.0, 0.0, 0.0, 0.0, 0.0, 0.0, 0.0, 0.0]",8.0,0.0,0.0,0,0,0.0,0.0,0.0,0.0,0.0,0.0,0.0,0.0,0.0,0.0,branch_order,all,zero,True,2,2,2,2,2,8,4,1,4096,32,0,0,0,0,1,2,2,2,2,11929,24
"[4, 4, 4, 4, 4, 4, 1, 1]","[0.0, 0.0, 0.0, 0.0, 0.0, 0.0, 1.0, 1.0]",6.0,2.0,4.0,2,2,0.0,0.0,0.0,0.0,0.0,0.0,2.0,4.0,2.0,4.0,sink_equal,all,zero,True,2,2,2,2,2,8,4,1,4096,32,0,3,0,0,1,2,2,2,2,11929,24
"[2, 2, 1, 2, 1, 2, 1, 1]","[0.5, 0.5, 1.0, 0.5, 1.0, 0.5, 1.0, 1.0]",2.0,6.0,12.0,8,4,1.0,2.0,1.5,3.0,1.5,3.0,2.0,4.0,2.0,4.0,strict_schedule,all,zero,True,2,2,2,2,2,8,4,1,4096,32,0,0,20,0,1,2,2,2,2,11929,24
"[4, 4, 4, 4, 4, 4, 4, 4]","[0.0, 0.0, 0.0, 0.0, 0.0, 0.0, 0.0, 0.0]",8.0,0.0,0.0,0,0,0.0,0.0,0.0,0.0,0.0,0.0,0.0,0.0,0.0,0.0,branch_order,all,zero,True,2,2,2,2,2,8,4,1,4096,32,0,0,0,0,1,2,2,2,2,11930,25
"[4, 4, 4, 4, 4, 4, 1, 1]","[0.0, 0.0, 0.0, 0.0, 0.0, 0.0, 1.0, 1.0]",6.0,2.0,4.0,2,2,0.0,0.0,0.0,0.0,0.0,0.0,2.0,4.0,2.0,4.0,sink_equal,all,zero,True,2,2,2,2,2,8,4,1,4096,32,0,3,0,0,1,2,2,2,2,11930,25
"[2, 2, 1, 2, 1, 2, 1, 1]","[0.5, 0.5, 1.0, 0.5, 1.0, 0.5, 1.0, 1.0]",2.0,6.0,12.0,8,4,1.0,2.0,1.5,3.0,1.5,3.0,2.0,4.0,2.0,4.0,strict_schedule,all,zero,True,2,2,2,2,2,8,4,1,4096,32,0,0,19,1,2,2,2,2,2,11930,25
"[4, 4, 4, 4, 4, 4, 4, 4]","[0.0, 0.0, 0.0, 0.0, 0.0, 0.0, 0.0, 0.0]",8.0,0.0,0.0,0,0,0.0,0.0,0.0,0.0,0.0,0.0,0.0,0.0,0.0,0.0,branch_order,all,zero,True,2,2,2,2,2,8,4,1,4096,32,0,0,0,0,1,2,2,2,2,11931,26
"[4, 4, 4, 4, 4, 4, 1, 1]","[0.0, 0.0, 0.0, 0.0, 0.0, 0.0, 1.0, 1.0]",6.0,2.0,4.0,2,2,0.0,0.0,0.0,0.0,0.0,0.0,2.0,4.0,2.0,4.0,sink_equal,all,zero,True,2,2,2,2,2,8,4,1,4096,32,0,3,0,0,1,2,2,2,2,11931,26
"[2, 2, 2, 2, 1, 2, 1, 1]","[0.5, 0.5, 0.5, 0.5, 1.0, 0.5, 1.0, 1.0]",2.5,5.5,11.0,8,3,1.0,2.0,1.0,2.0,1.5,3.0,2.0,4.0,2.0,4.0,strict_schedule,all,zero,True,2,2,2,2,2,8,4,1,4096,32,0,0,18,1,2,2,2,2,2,11931,26
"[4, 4, 4, 4, 4, 4, 4, 4]","[0.0, 0.0, 0.0, 0.0, 0.0, 0.0, 0.0, 0.0]",8.0,0.0,0.0,0,0,0.0,0.0,0.0,0.0,0.0,0.0,0.0,0.0,0.0,0.0,branch_order,all,zero,True,2,2,2,2,2,8,4,1,4096,32,0,0,0,0,1,2,2,2,2,11932,27
"[4, 4, 4, 4, 4, 4, 1, 1]","[0.0, 0.0, 0.0, 0.0, 0.0, 0.0, 1.0, 1.0]",6.0,2.0,4.0,2,2,0.0,0.0,0.0,0.0,0.0,0.0,2.0,4.0,2.0,4.0,sink_equal,all,zero,True,2,2,2,2,2,8,4,1,4096,32,0,3,0,0,1,2,2,2,2,11932,27
"[2, 2, 1, 2, 1, 1, 1, 1]","[0.5, 0.5, 1.0, 0.5, 1.0, 1.0, 1.0, 1.0]",1.5,6.5,13.0,8,5,1.0,2.0,1.5,3.0,2.0,4.0,2.0,4.0,2.0,4.0,strict_schedule,all,zero,True,2,2,2,2,2,8,4,1,4096,32,0,0,19,2,2,2,2,2,2,11932,27
"[4, 4, 4, 4, 4, 4, 4, 4]","[0.0, 0.0, 0.0, 0.0, 0.0, 0.0, 0.0, 0.0]",8.0,0.0,0.0,0,0,0.0,0.0,0.0,0.0,0.0,0.0,0.0,0.0,0.0,0.0,branch_order,all,zero,True,2,2,2,2,2,8,4,1,4096,32,0,0,0,0,1,2,2,2,2,11933,28
"[4, 4, 4, 4, 4, 4, 1, 1]","[0.0, 0.0, 0.0, 0.0, 0.0, 0.0, 1.0, 1.0]",6.0,2.0,4.0,2,2,0.0,0.0,0.0,0.0,0.0,0.0,2.0,4.0,2.0,4.0,sink_equal,all,zero,True,2,2,2,2,2,8,4,1,4096,32,0,3,0,0,1,2,2,2,2,11933,28
"[2, 2, 1, 2, 1, 2, 1, 1]","[0.5, 0.5, 1.0, 0.5, 1.0, 0.5, 1.0, 1.0]",2.0,6.0,12.0,8,4,1.0,2.0,1.5,3.0,1.5,3.0,2.0,4.0,2.0,4.0,strict_schedule,all,zero,True,2,2,2,2,2,8,4,1,4096,32,0,0,20,0,1,2,2,2,2,11933,28
"[4, 4, 4, 4, 4, 4, 4, 4]","[0.0, 0.0, 0.0, 0.0, 0.0, 0.0, 0.0, 0.0]",8.0,0.0,0.0,0,0,0.0,0.0,0.0,0.0,0.0,0.0,0.0,0.0,0.0,0.0,branch_order,all,zero,True,2,2,2,2,2,8,4,1,4096,32,0,0,0,0,1,2,2,2,2,11934,29
"[4, 4, 4, 4, 4, 4, 1, 1]","[0.0, 0.0, 0.0, 0.0, 0.0, 0.0, 1.0, 1.0]",6.0,2.0,4.0,2,2,0.0,0.0,0.0,0.0,0.0,0.0,2.0,4.0,2.0,4.0,sink_equal,all,zero,True,2,2,2,2,2,8,4,1,4096,32,0,3,0,0,1,2,2,2,2,11934,29
"[2, 3, 1, 2, 1, 1, 1, 1]","[0.5, 0.20751874963942185, 1.0, 0.5, 1.0, 1.0, 1.0, 1.0]",1.792481250360578,6.207518749639422,12.415037499278844,8,5,0.7075187496394219,1.4150374992788437,1.5,3.0,2.0,4.0,2.0,4.0,2.0,4.0,strict_schedule,all,zero,True,2,2,2,2,2,8,4,1,4096,32,0,0,20,0,1,2,2,2,2,11934,29
"[4, 4, 4, 4, 4, 4, 4, 4]","[0.0, 0.0, 0.0, 0.0, 0.0, 0.0, 0.0, 0.0]",8.0,0.0,0.0,0,0,0.0,0.0,0.0,0.0,0.0,0.0,0.0,0.0,0.0,0.0,branch_order,all,zero,True,2,2,2,2,2,8,4,1,4096,32,0,0,0,0,1,2,2,2,2,11935,30
"[4, 4, 4, 4, 4, 4, 1, 1]","[0.0, 0.0, 0.0, 0.0, 0.0, 0.0, 1.0, 1.0]",6.0,2.0,4.0,2,2,0.0,0.0,0.0,0.0,0.0,0.0,2.0,4.0,2.0,4.0,sink_equal,all,zero,True,2,2,2,2,2,8,4,1,4096,32,0,2,0,1,2,2,2,2,2,11935,30
"[2, 1, 1, 3, 1, 3, 1, 1]","[0.5, 1.0, 1.0, 0.20751874963942185, 1.0, 0.20751874963942185, 1.0, 1.0]",2.084962500721156,5.915037499278844,11.830074998557688,8,5,1.5,3.0,1.207518749639422,2.415037499278844,1.207518749639422,2.415037499278844,2.0,4.0,2.0,4.0,strict_schedule,all,zero,True,2,2,2,2,2,8,4,1,4096,32,0,0,15,4,2,2,2,2,2,11935,30
"[4, 4, 4, 4, 4, 4, 4, 4]","[0.0, 0.0, 0.0, 0.0, 0.0, 0.0, 0.0, 0.0]",8.0,0.0,0.0,0,0,0.0,0.0,0.0,0.0,0.0,0.0,0.0,0.0,0.0,0.0,branch_order,all,zero,True,2,2,2,2,2,8,4,1,4096,32,0,0,0,0,1,2,2,2,2,11936,31
"[4, 4, 4, 4, 4, 4, 1, 1]","[0.0, 0.0, 0.0, 0.0, 0.0, 0.0, 1.0, 1.0]",6.0,2.0,4.0,2,2,0.0,0.0,0.0,0.0,0.0,0.0,2.0,4.0,2.0,4.0,sink_equal,all,zero,True,2,2,2,2,2,8,4,1,4096,32,0,3,0,0,1,2,2,2,2,11936,31
"[2, 3, 1, 2, 1, 3, 1, 1]","[0.5, 0.20751874963942185, 1.0, 0.5, 1.0, 0.20751874963942185, 1.0, 1.0]",2.584962500721156,5.415037499278844,10.830074998557688,8,4,0.7075187496394219,1.4150374992788437,1.5,3.0,1.207518749639422,2.415037499278844,2.0,4.0,2.0,4.0,strict_schedule,all,zero,True,2,2,2,2,2,8,4,1,4096,32,0,0,18,0,1,2,2,2,2,11936,31
"[4, 4, 4, 4, 4, 4, 4, 4]","[0.0, 0.0, 0.0, 0.0, 0.0, 0.0, 0.0, 0.0]",8.0,0.0,0.0,0,0,0.0,0.0,0.0,0.0,0.0,0.0,0.0,0.0,0.0,0.0,branch_order,all,zero,True,2,2,2,2,2,8,4,1,4096,32,0,0,0,0,1,2,2,2,2,11937,32
"[4, 4, 4, 4, 4, 4, 1, 1]","[0.0, 0.0, 0.0, 0.0, 0.0, 0.0, 1.0, 1.0]",6.0,2.0,4.0,2,2,0.0,0.0,0.0,0.0,0.0,0.0,2.0,4.0,2.0,4.0,sink_equal,all,zero,True,2,2,2,2,2,8,4,1,4096,32,0,3,0,0,1,2,2,2,2,11937,32
"[2, 2, 1, 3, 1, 2, 1, 1]","[0.5, 0.5, 1.0, 0.20751874963942185, 1.0, 0.5, 1.0, 1.0]",2.292481250360578,5.707518749639422,11.415037499278844,8,4,1.0,2.0,1.207518749639422,2.415037499278844,1.5,3.0,2.0,4.0,2.0,4.0,strict_schedule,all,zero,True,2,2,2,2,2,8,4,1,4096,32,0,0,18,1,2,2,2,2,2,11937,32
"[4, 4, 4, 4, 4, 4, 4, 4]","[0.0, 0.0, 0.0, 0.0, 0.0, 0.0, 0.0, 0.0]",8.0,0.0,0.0,0,0,0.0,0.0,0.0,0.0,0.0,0.0,0.0,0.0,0.0,0.0,branch_order,all,zero,True,2,2,2,2,2,8,4,1,4096,32,0,0,0,0,1,2,2,2,2,11938,33
"[4, 4, 4, 4, 4, 4, 1, 1]","[0.0, 0.0, 0.0, 0.0, 0.0, 0.0, 1.0, 1.0]",6.0,2.0,4.0,2,2,0.0,0.0,0.0,0.0,0.0,0.0,2.0,4.0,2.0,4.0,sink_equal,all,zero,True,2,2,2,2,2,8,4,1,4096,32,0,3,0,0,1,2,2,2,2,11938,33
"[3, 3, 1, 2, 1, 3, 1, 1]","[0.20751874963942185, 0.20751874963942185, 1.0, 0.5, 1.0, 0.20751874963942185, 1.0, 1.0]",2.8774437510817346,5.122556248918266,10.245112497836532,8,4,0.4150374992788437,0.8300749985576875,1.5,3.0,1.207518749639422,2.415037499278844,2.0,4.0,2.0,4.0,strict_schedule,all,zero,True,2,2,2,2,2,8,4,1,4096,32,0,0,17,0,1,2,2,2,2,11938,33
"[4, 4, 4, 4, 4, 4, 4, 4]","[0.0, 0.0, 0.0, 0.0, 0.0, 0.0, 0.0, 0.0]",8.0,0.0,0.0,0,0,0.0,0.0,0.0,0.0,0.0,0.0,0.0,0.0,0.0,0.0,branch_order,all,zero,True,2,2,2,2,2,8,4,1,4096,32,0,0,0,0,1,2,2,2,2,11939,34
"[4, 4, 4, 4, 4, 4, 1, 1]","[0.0, 0.0, 0.0, 0.0, 0.0, 0.0, 1.0, 1.0]",6.0,2.0,4.0,2,2,0.0,0.0,0.0,0.0,0.0,0.0,2.0,4.0,2.0,4.0,sink_equal,all,zero,True,2,2,2,2,2,8,4,1,4096,32,0,3,0,0,1,2,2,2,2,11939,34
"[2, 2, 1, 2, 1, 1, 1, 1]","[0.5, 0.5, 1.0, 0.5, 1.0, 1.0, 1.0, 1.0]",1.5,6.5,13.0,8,5,1.0,2.0,1.5,3.0,2.0,4.0,2.0,4.0,2.0,4.0,strict_schedule,all,zero,True,2,2,2,2,2,8,4,1,4096,32,0,0,21,0,1,2,2,2,2,11939,34
"[4, 4, 4, 4, 4, 4, 4, 4]","[0.0, 0.0, 0.0, 0.0, 0.0, 0.0, 0.0, 0.0]",8.0,0.0,0.0,0,0,0.0,0.0,0.0,0.0,0.0,0.0,0.0,0.0,0.0,0.0,branch_order,all,zero,True,2,2,2,2,2,8,4,1,4096,32,0,0,0,0,1,2,2,2,2,11940,35
"[4, 4, 4, 4, 4, 4, 1, 1]","[0.0, 0.0, 0.0, 0.0, 0.0, 0.0, 1.0, 1.0]",6.0,2.0,4.0,2,2,0.0,0.0,0.0,0.0,0.0,0.0,2.0,4.0,2.0,4.0,sink_equal,all,zero,True,2,2,2,2,2,8,4,1,4096,32,0,3,0,0,1,2,2,2,2,11940,35
"[2, 3, 1, 2, 1, 3, 1, 1]","[0.5, 0.20751874963942185, 1.0, 0.5, 1.0, 0.20751874963942185, 1.0, 1.0]",2.584962500721156,5.415037499278844,10.830074998557688,8,4,0.7075187496394219,1.4150374992788437,1.5,3.0,1.207518749639422,2.415037499278844,2.0,4.0,2.0,4.0,strict_schedule,all,zero,True,2,2,2,2,2,8,4,1,4096,32,0,0,18,0,1,2,2,2,2,11940,35
"[4, 4, 4, 4, 4, 4, 4, 4]","[0.0, 0.0, 0.0, 0.0, 0.0, 0.0, 0.0, 0.0]",8.0,0.0,0.0,0,0,0.0,0.0,0.0,0.0,0.0,0.0,0.0,0.0,0.0,0.0,branch_order,all,zero,True,2,2,2,2,2,8,4,1,4096,32,0,0,0,0,1,2,2,2,2,11941,36
"[4, 4, 4, 4, 4, 4, 1, 1]","[0.0, 0.0, 0.0, 0.0, 0.0, 0.0, 1.0, 1.0]",6.0,2.0,4.0,2,2,0.0,0.0,0.0,0.0,0.0,0.0,2.0,4.0,2.0,4.0,sink_equal,all,zero,True,2,2,2,2,2,8,4,1,4096,32,0,3,0,0,1,2,2,2,2,11941,36
"[2, 2, 1, 3, 1, 3, 1, 1]","[0.5, 0.5, 1.0, 0.20751874963942185, 1.0, 0.20751874963942185, 1.0, 1.0]",2.584962500721156,5.415037499278844,10.830074998557688,8,4,1.0,2.0,1.207518749639422,2.415037499278844,1.207518749639422,2.415037499278844,2.0,4.0,2.0,4.0,strict_schedule,all,zero,True,2,2,2,2,2,8,4,1,4096,32,0,0,18,0,1,2,2,2,2,11941,36
"[4, 4, 4, 4, 4, 4, 4, 4]","[0.0, 0.0, 0.0, 0.0, 0.0, 0.0, 0.0, 0.0]",8.0,0.0,0.0,0,0,0.0,0.0,0.0,0.0,0.0,0.0,0.0,0.0,0.0,0.0,branch_order,all,zero,True,2,2,2,2,2,8,4,1,4096,32,0,0,0,0,1,2,2,2,2,11942,37
"[4, 4, 4, 4, 4, 4, 1, 1]","[0.0, 0.0, 0.0, 0.0, 0.0, 0.0, 1.0, 1.0]",6.0,2.0,4.0,2,2,0.0,0.0,0.0,0.0,0.0,0.0,2.0,4.0,2.0,4.0,sink_equal,all,zero,True,2,2,2,2,2,8,4,1,4096,32,0,3,0,0,1,2,2,2,2,11942,37
"[2, 2, 1, 3, 1, 3, 1, 1]","[0.5, 0.5, 1.0, 0.20751874963942185, 1.0, 0.20751874963942185, 1.0, 1.0]",2.584962500721156,5.415037499278844,10.830074998557688,8,4,1.0,2.0,1.207518749639422,2.415037499278844,1.207518749639422,2.415037499278844,2.0,4.0,2.0,4.0,strict_schedule,all,zero,True,2,2,2,2,2,8,4,1,4096,32,0,0,17,1,2,2,2,2,2,11942,37
"[4, 4, 4, 4, 4, 4, 4, 4]","[0.0, 0.0, 0.0, 0.0, 0.0, 0.0, 0.0, 0.0]",8.0,0.0,0.0,0,0,0.0,0.0,0.0,0.0,0.0,0.0,0.0,0.0,0.0,0.0,branch_order,all,zero,True,2,2,2,2,2,8,4,1,4096,32,0,0,0,0,1,2,2,2,2,11943,38
"[4, 4, 4, 4, 4, 4, 1, 1]","[0.0, 0.0, 0.0, 0.0, 0.0, 0.0, 1.0, 1.0]",6.0,2.0,4.0,2,2,0.0,0.0,0.0,0.0,0.0,0.0,2.0,4.0,2.0,4.0,sink_equal,all,zero,True,2,2,2,2,2,8,4,1,4096,32,0,3,0,0,1,2,2,2,2,11943,38
"[1, 2, 1, 2, 1, 2, 1, 1]","[1.0, 0.5, 1.0, 0.5, 1.0, 0.5, 1.0, 1.0]",1.5,6.5,13.0,8,5,1.5,3.0,1.5,3.0,1.5,3.0,2.0,4.0,2.0,4.0,strict_schedule,all,zero,True,2,2,2,2,2,8,4,1,4096,32,0,0,21,0,1,2,2,2,2,11943,38
"[4, 4, 4, 4, 4, 4, 4, 4]","[0.0, 0.0, 0.0, 0.0, 0.0, 0.0, 0.0, 0.0]",8.0,0.0,0.0,0,0,0.0,0.0,0.0,0.0,0.0,0.0,0.0,0.0,0.0,0.0,branch_order,all,zero,True,2,2,2,2,2,8,4,1,4096,32,0,0,0,0,1,2,2,2,2,11944,39
"[4, 4, 4, 4, 4, 4, 1, 1]","[0.0, 0.0, 0.0, 0.0, 0.0, 0.0, 1.0, 1.0]",6.0,2.0,4.0,2,2,0.0,0.0,0.0,0.0,0.0,0.0,2.0,4.0,2.0,4.0,sink_equal,all,zero,True,2,2,2,2,2,8,4,1,4096,32,0,3,0,0,1,2,2,2,2,11944,39
"[2, 3, 1, 2, 1, 2, 1, 1]","[0.5, 0.20751874963942185, 1.0, 0.5, 1.0, 0.5, 1.0, 1.0]",2.292481250360578,5.707518749639422,11.415037499278844,8,4,0.7075187496394219,1.4150374992788437,1.5,3.0,1.5,3.0,2.0,4.0,2.0,4.0,strict_schedule,all,zero,True,2,2,2,2,2,8,4,1,4096,32,0,0,19,0,1,2,2,2,2,11944,39
"[4, 4, 4, 4, 4, 4, 4, 4]","[0.0, 0.0, 0.0, 0.0, 0.0, 0.0, 0.0, 0.0]",8.0,0.0,0.0,0,0,0.0,0.0,0.0,0.0,0.0,0.0,0.0,0.0,0.0,0.0,branch_order,all,zero,True,2,2,2,2,2,8,4,1,4096,32,0,0,0,0,1,2,2,2,2,11945,40
"[4, 4, 4, 4, 4, 4, 1, 1]","[0.0, 0.0, 0.0, 0.0, 0.0, 0.0, 1.0, 1.0]",6.0,2.0,4.0,2,2,0.0,0.0,0.0,0.0,0.0,0.0,2.0,4.0,2.0,4.0,sink_equal,all,zero,True,2,2,2,2,2,8,4,1,4096,32,0,3,0,0,1,2,2,2,2,11945,40
"[3, 1, 1, 2, 1, 2, 1, 1]","[0.20751874963942185, 1.0, 1.0, 0.5, 1.0, 0.5, 1.0, 1.0]",1.792481250360578,6.207518749639422,12.415037499278844,8,5,1.207518749639422,2.415037499278844,1.5,3.0,1.5,3.0,2.0,4.0,2.0,4.0,strict_schedule,all,zero,True,2,2,2,2,2,8,4,1,4096,32,0,0,18,2,2,2,2,2,2,11945,40
"[4, 4, 4, 4, 4, 4, 4, 4]","[0.0, 0.0, 0.0, 0.0, 0.0, 0.0, 0.0, 0.0]",8.0,0.0,0.0,0,0,0.0,0.0,0.0,0.0,0.0,0.0,0.0,0.0,0.0,0.0,branch_order,all,zero,True,2,2,2,2,2,8,4,1,4096,32,0,0,0,0,1,2,2,2,2,11946,41
"[4, 4, 4, 4, 4, 4, 1, 1]","[0.0, 0.0, 0.0, 0.0, 0.0, 0.0, 1.0, 1.0]",6.0,2.0,4.0,2,2,0.0,0.0,0.0,0.0,0.0,0.0,2.0,4.0,2.0,4.0,sink_equal,all,zero,True,2,2,2,2,2,8,4,1,4096,32,0,3,0,0,1,2,2,2,2,11946,41
"[2, 2, 1, 3, 1, 3, 1, 1]","[0.5, 0.5, 1.0, 0.20751874963942185, 1.0, 0.20751874963942185, 1.0, 1.0]",2.584962500721156,5.415037499278844,10.830074998557688,8,4,1.0,2.0,1.207518749639422,2.415037499278844,1.207518749639422,2.415037499278844,2.0,4.0,2.0,4.0,strict_schedule,all,zero,True,2,2,2,2,2,8,4,1,4096,32,0,0,18,0,1,2,2,2,2,11946,41
"[4, 4, 4, 4, 4, 4, 4, 4]","[0.0, 0.0, 0.0, 0.0, 0.0, 0.0, 0.0, 0.0]",8.0,0.0,0.0,0,0,0.0,0.0,0.0,0.0,0.0,0.0,0.0,0.0,0.0,0.0,branch_order,all,zero,True,2,2,2,2,2,8,4,1,4096,32,0,0,0,0,1,2,2,2,2,11947,42
"[4, 4, 4, 4, 4, 4, 1, 1]","[0.0, 0.0, 0.0, 0.0, 0.0, 0.0, 1.0, 1.0]",6.0,2.0,4.0,2,2,0.0,0.0,0.0,0.0,0.0,0.0,2.0,4.0,2.0,4.0,sink_equal,all,zero,True,2,2,2,2,2,8,4,1,4096,32,0,3,0,0,1,2,2,2,2,11947,42
"[3, 3, 1, 2, 1, 3, 1, 1]","[0.20751874963942185, 0.20751874963942185, 1.0, 0.5, 1.0, 0.20751874963942185, 1.0, 1.0]",2.8774437510817346,5.122556248918266,10.245112497836532,8,4,0.4150374992788437,0.8300749985576875,1.5,3.0,1.207518749639422,2.415037499278844,2.0,4.0,2.0,4.0,strict_schedule,all,zero,True,2,2,2,2,2,8,4,1,4096,32,0,0,17,0,1,2,2,2,2,11947,42
"[4, 4, 4, 4, 4, 4, 4, 4]","[0.0, 0.0, 0.0, 0.0, 0.0, 0.0, 0.0, 0.0]",8.0,0.0,0.0,0,0,0.0,0.0,0.0,0.0,0.0,0.0,0.0,0.0,0.0,0.0,branch_order,all,zero,True,2,2,2,2,2,8,4,1,4096,32,0,0,0,0,1,2,2,2,2,11948,43
"[4, 4, 4, 4, 4, 4, 1, 1]","[0.0, 0.0, 0.0, 0.0, 0.0, 0.0, 1.0, 1.0]",6.0,2.0,4.0,2,2,0.0,0.0,0.0,0.0,0.0,0.0,2.0,4.0,2.0,4.0,sink_equal,all,zero,True,2,2,2,2,2,8,4,1,4096,32,0,3,0,0,1,2,2,2,2,11948,43
"[2, 2, 1, 2, 1, 3, 1, 1]","[0.5, 0.5, 1.0, 0.5, 1.0, 0.20751874963942185, 1.0, 1.0]",2.292481250360578,5.707518749639422,11.415037499278844,8,4,1.0,2.0,1.5,3.0,1.207518749639422,2.415037499278844,2.0,4.0,2.0,4.0,strict_schedule,all,zero,True,2,2,2,2,2,8,4,1,4096,32,0,0,19,0,1,2,2,2,2,11948,43
"[4, 4, 4, 4, 4, 4, 4, 4]","[0.0, 0.0, 0.0, 0.0, 0.0, 0.0, 0.0, 0.0]",8.0,0.0,0.0,0,0,0.0,0.0,0.0,0.0,0.0,0.0,0.0,0.0,0.0,0.0,branch_order,all,zero,True,2,2,2,2,2,8,4,1,4096,32,0,0,0,0,1,2,2,2,2,11949,44
"[4, 4, 4, 4, 4, 4, 1, 1]","[0.0, 0.0, 0.0, 0.0, 0.0, 0.0, 1.0, 1.0]",6.0,2.0,4.0,2,2,0.0,0.0,0.0,0.0,0.0,0.0,2.0,4.0,2.0,4.0,sink_equal,all,zero,True,2,2,2,2,2,8,4,1,4096,32,0,3,0,0,1,2,2,2,2,11949,44
"[2, 2, 1, 3, 1, 3, 1, 1]","[0.5, 0.5, 1.0, 0.20751874963942185, 1.0, 0.20751874963942185, 1.0, 1.0]",2.584962500721156,5.415037499278844,10.830074998557688,8,4,1.0,2.0,1.207518749639422,2.415037499278844,1.207518749639422,2.415037499278844,2.0,4.0,2.0,4.0,strict_schedule,all,zero,True,2,2,2,2,2,8,4,1,4096,32,0,0,18,0,1,2,2,2,2,11949,44
"[4, 4, 4, 4, 4, 4, 4, 4]","[0.0, 0.0, 0.0, 0.0, 0.0, 0.0, 0.0, 0.0]",8.0,0.0,0.0,0,0,0.0,0.0,0.0,0.0,0.0,0.0,0.0,0.0,0.0,0.0,branch_order,all,zero,True,2,2,2,2,2,8,4,1,4096,32,0,0,0,0,1,2,2,2,2,11950,45
"[4, 4, 4, 4, 4, 4, 1, 1]","[0.0, 0.0, 0.0, 0.0, 0.0, 0.0, 1.0, 1.0]",6.0,2.0,4.0,2,2,0.0,0.0,0.0,0.0,0.0,0.0,2.0,4.0,2.0,4.0,sink_equal,all,zero,True,2,2,2,2,2,8,4,1,4096,32,0,3,0,0,1,2,2,2,2,11950,45
"[2, 2, 1, 3, 1, 2, 1, 1]","[0.5, 0.5, 1.0, 0.20751874963942185, 1.0, 0.5, 1.0, 1.0]",2.292481250360578,5.707518749639422,11.415037499278844,8,4,1.0,2.0,1.207518749639422,2.415037499278844,1.5,3.0,2.0,4.0,2.0,4.0,strict_schedule,all,zero,True,2,2,2,2,2,8,4,1,4096,32,0,0,18,1,2,2,2,2,2,11950,45
"[4, 4, 4, 4, 4, 4, 4, 4]","[0.0, 0.0, 0.0, 0.0, 0.0, 0.0, 0.0, 0.0]",8.0,0.0,0.0,0,0,0.0,0.0,0.0,0.0,0.0,0.0,0.0,0.0,0.0,0.0,branch_order,all,zero,True,2,2,2,2,2,8,4,1,4096,32,0,0,0,0,1,2,2,2,2,11951,46
"[4, 4, 4, 4, 4, 4, 1, 1]","[0.0, 0.0, 0.0, 0.0, 0.0, 0.0, 1.0, 1.0]",6.0,2.0,4.0,2,2,0.0,0.0,0.0,0.0,0.0,0.0,2.0,4.0,2.0,4.0,sink_equal,all,zero,True,2,2,2,2,2,8,4,1,4096,32,0,3,0,0,1,2,2,2,2,11951,46
"[2, 2, 1, 2, 1, 2, 1, 1]","[0.5, 0.5, 1.0, 0.5, 1.0, 0.5, 1.0, 1.0]",2.0,6.0,12.0,8,4,1.0,2.0,1.5,3.0,1.5,3.0,2.0,4.0,2.0,4.0,strict_schedule,all,zero,True,2,2,2,2,2,8,4,1,4096,32,0,0,20,0,1,2,2,2,2,11951,46
"[4, 4, 4, 4, 4, 4, 4, 4]","[0.0, 0.0, 0.0, 0.0, 0.0, 0.0, 0.0, 0.0]",8.0,0.0,0.0,0,0,0.0,0.0,0.0,0.0,0.0,0.0,0.0,0.0,0.0,0.0,branch_order,all,zero,True,2,2,2,2,2,8,4,1,4096,32,0,0,0,0,1,2,2,2,2,11952,47
"[4, 4, 4, 4, 4, 4, 1, 1]","[0.0, 0.0, 0.0, 0.0, 0.0, 0.0, 1.0, 1.0]",6.0,2.0,4.0,2,2,0.0,0.0,0.0,0.0,0.0,0.0,2.0,4.0,2.0,4.0,sink_equal,all,zero,True,2,2,2,2,2,8,4,1,4096,32,0,3,0,0,1,2,2,2,2,11952,47
"[2, 3, 1, 2, 1, 2, 1, 1]","[0.5, 0.20751874963942185, 1.0, 0.5, 1.0, 0.5, 1.0, 1.0]",2.292481250360578,5.707518749639422,11.415037499278844,8,4,0.7075187496394219,1.4150374992788437,1.5,3.0,1.5,3.0,2.0,4.0,2.0,4.0,strict_schedule,all,zero,True,2,2,2,2,2,8,4,1,4096,32,0,0,19,0,1,2,2,2,2,11952,47
"[4, 4, 4, 4, 4, 4, 4, 4]","[0.0, 0.0, 0.0, 0.0, 0.0, 0.0, 0.0, 0.0]",8.0,0.0,0.0,0,0,0.0,0.0,0.0,0.0,0.0,0.0,0.0,0.0,0.0,0.0,branch_order,all,zero,True,2,2,2,2,2,8,4,1,4096,32,0,0,0,0,1,2,2,2,2,11953,48
"[4, 4, 4, 4, 4, 4, 1, 1]","[0.0, 0.0, 0.0, 0.0, 0.0, 0.0, 1.0, 1.0]",6.0,2.0,4.0,2,2,0.0,0.0,0.0,0.0,0.0,0.0,2.0,4.0,2.0,4.0,sink_equal,all,zero,True,2,2,2,2,2,8,4,1,4096,32,0,3,0,0,1,2,2,2,2,11953,48
"[2, 2, 1, 2, 1, 3, 1, 1]","[0.5, 0.5, 1.0, 0.5, 1.0, 0.20751874963942185, 1.0, 1.0]",2.292481250360578,5.707518749639422,11.415037499278844,8,4,1.0,2.0,1.5,3.0,1.207518749639422,2.415037499278844,2.0,4.0,2.0,4.0,strict_schedule,all,zero,True,2,2,2,2,2,8,4,1,4096,32,0,0,19,0,1,2,2,2,2,11953,48
"[4, 4, 4, 4, 4, 4, 4, 4]","[0.0, 0.0, 0.0, 0.0, 0.0, 0.0, 0.0, 0.0]",8.0,0.0,0.0,0,0,0.0,0.0,0.0,0.0,0.0,0.0,0.0,0.0,0.0,0.0,branch_order,all,zero,True,2,2,2,2,2,8,4,1,4096,32,0,0,0,0,1,2,2,2,2,11954,49
"[4, 4, 4, 4, 4, 4, 1, 1]","[0.0, 0.0, 0.0, 0.0, 0.0, 0.0, 1.0, 1.0]",6.0,2.0,4.0,2,2,0.0,0.0,0.0,0.0,0.0,0.0,2.0,4.0,2.0,4.0,sink_equal,all,zero,True,2,2,2,2,2,8,4,1,4096,32,0,3,0,0,1,2,2,2,2,11954,49
"[1, 3, 1, 2, 1, 1, 1, 1]","[1.0, 0.20751874963942185, 1.0, 0.5, 1.0, 1.0, 1.0, 1.0]",1.292481250360578,6.707518749639422,13.415037499278844,8,6,1.207518749639422,2.415037499278844,1.5,3.0,2.0,4.0,2.0,4.0,2.0,4.0,strict_schedule,all,zero,True,2,2,2,2,2,8,4,1,4096,32,0,0,21,0,1,2,2,2,2,11954,49
"[4, 4, 4, 4, 4, 4, 4, 4, 4]","[0.0, 0.0, 0.0, 0.0, 0.0, 0.0, 0.0, 0.0, 0.0]",9.0,0.0,0.0,0,0,0.0,0.0,0.0,0.0,0.0,0.0,0.0,0.0,0.0,0.0,branch_order,all,zero,True,2,2,2,3,2,9,4,1,4096,96,0,0,0,0,1,2,2,2,3,12036,0
"[4, 4, 4, 4, 4, 4, 1, 1, 1]","[0.0, 0.0, 0.0, 0.0, 0.0, 0.0, 1.0, 1.0, 1.0]",6.0,3.0,6.0,3,3,0.0,0.0,0.0,0.0,0.0,0.0,3.0,6.0,2.0,4.0,sink_equal,all,zero,True,2,2,2,3,2,9,4,1,4096,96,0,3,0,3,2,2,2,2,3,12036,0
"[1, 2, 1, 2, 1, 2, 1, 1, 1]","[1.0, 0.5, 1.0, 0.5, 1.0, 0.5, 1.0, 1.0, 1.0]",1.5,7.5,15.0,9,6,1.5,3.0,1.5,3.0,1.5,3.0,3.0,6.0,2.0,4.0,strict_schedule,all,zero,True,2,2,2,3,2,9,4,1,4096,96,0,0,24,0,1,2,2,2,3,12036,0
"[4, 4, 4, 4, 4, 4, 4, 4, 4]","[0.0, 0.0, 0.0, 0.0, 0.0, 0.0, 0.0, 0.0, 0.0]",9.0,0.0,0.0,0,0,0.0,0.0,0.0,0.0,0.0,0.0,0.0,0.0,0.0,0.0,branch_order,all,zero,True,2,2,2,3,2,9,4,1,4096,96,0,0,0,0,1,2,2,2,3,12037,1
"[4, 4, 4, 4, 4, 4, 1, 1, 1]","[0.0, 0.0, 0.0, 0.0, 0.0, 0.0, 1.0, 1.0, 1.0]",6.0,3.0,6.0,3,3,0.0,0.0,0.0,0.0,0.0,0.0,3.0,6.0,2.0,4.0,sink_equal,all,zero,True,2,2,2,3,2,9,4,1,4096,96,0,3,0,3,2,2,2,2,3,12037,1
"[2, 3, 1, 2, 1, 3, 1, 1, 1]","[0.5, 0.20751874963942185, 1.0, 0.5, 1.0, 0.20751874963942185, 1.0, 1.0, 1.0]",2.584962500721156,6.415037499278844,12.830074998557688,9,5,0.7075187496394219,1.4150374992788437,1.5,3.0,1.207518749639422,2.415037499278844,3.0,6.0,2.0,4.0,strict_schedule,all,zero,True,2,2,2,3,2,9,4,1,4096,96,0,0,21,0,1,2,2,2,3,12037,1
"[4, 4, 4, 4, 4, 4, 4, 4, 4]","[0.0, 0.0, 0.0, 0.0, 0.0, 0.0, 0.0, 0.0, 0.0]",9.0,0.0,0.0,0,0,0.0,0.0,0.0,0.0,0.0,0.0,0.0,0.0,0.0,0.0,branch_order,all,zero,True,2,2,2,3,2,9,4,1,4096,96,0,0,0,0,1,2,2,2,3,12038,2
"[4, 4, 4, 4, 4, 4, 1, 1, 1]","[0.0, 0.0, 0.0, 0.0, 0.0, 0.0, 1.0, 1.0, 1.0]",6.0,3.0,6.0,3,3,0.0,0.0,0.0,0.0,0.0,0.0,3.0,6.0,2.0,4.0,sink_equal,all,zero,True,2,2,2,3,2,9,4,1,4096,96,0,3,0,3,2,2,2,2,3,12038,2
"[3, 3, 1, 2, 1, 2, 1, 1, 1]","[0.20751874963942185, 0.20751874963942185, 1.0, 0.5, 1.0, 0.5, 1.0, 1.0, 1.0]",2.584962500721156,6.415037499278844,12.830074998557688,9,5,0.4150374992788437,0.8300749985576875,1.5,3.0,1.5,3.0,3.0,6.0,2.0,4.0,strict_schedule,all,zero,True,2,2,2,3,2,9,4,1,4096,96,0,0,19,2,2,2,2,2,3,12038,2
"[4, 4, 4, 4, 4, 4, 4, 4, 4]","[0.0, 0.0, 0.0, 0.0, 0.0, 0.0, 0.0, 0.0, 0.0]",9.0,0.0,0.0,0,0,0.0,0.0,0.0,0.0,0.0,0.0,0.0,0.0,0.0,0.0,branch_order,all,zero,True,2,2,2,3,2,9,4,1,4096,96,0,0,0,0,1,2,2,2,3,12039,3
"[4, 4, 4, 4, 4, 4, 1, 1, 1]","[0.0, 0.0, 0.0, 0.0, 0.0, 0.0, 1.0, 1.0, 1.0]",6.0,3.0,6.0,3,3,0.0,0.0,0.0,0.0,0.0,0.0,3.0,6.0,2.0,4.0,sink_equal,all,zero,True,2,2,2,3,2,9,4,1,4096,96,0,3,0,3,2,2,2,2,3,12039,3
"[2, 2, 1, 1, 1, 2, 1, 1, 1]","[0.5, 0.5, 1.0, 1.0, 1.0, 0.5, 1.0, 1.0, 1.0]",1.5,7.5,15.0,9,6,1.0,2.0,2.0,4.0,1.5,3.0,3.0,6.0,2.0,4.0,strict_schedule,all,zero,True,2,2,2,3,2,9,4,1,4096,96,0,0,23,1,2,2,2,2,3,12039,3
"[4, 4, 4, 4, 4, 4, 4, 4, 4]","[0.0, 0.0, 0.0, 0.0, 0.0, 0.0, 0.0, 0.0, 0.0]",9.0,0.0,0.0,0,0,0.0,0.0,0.0,0.0,0.0,0.0,0.0,0.0,0.0,0.0,branch_order,all,zero,True,2,2,2,3,2,9,4,1,4096,96,0,0,0,0,1,2,2,2,3,12040,4
"[4, 4, 4, 4, 4, 4, 1, 1, 1]","[0.0, 0.0, 0.0, 0.0, 0.0, 0.0, 1.0, 1.0, 1.0]",6.0,3.0,6.0,3,3,0.0,0.0,0.0,0.0,0.0,0.0,3.0,6.0,2.0,4.0,sink_equal,all,zero,True,2,2,2,3,2,9,4,1,4096,96,0,3,0,3,2,2,2,2,3,12040,4
"[2, 2, 1, 2, 1, 3, 1, 1, 1]","[0.5, 0.5, 1.0, 0.5, 1.0, 0.20751874963942185, 1.0, 1.0, 1.0]",2.292481250360578,6.707518749639422,13.415037499278844,9,5,1.0,2.0,1.5,3.0,1.207518749639422,2.415037499278844,3.0,6.0,2.0,4.0,strict_schedule,all,zero,True,2,2,2,3,2,9,4,1,4096,96,0,0,21,1,2,2,2,2,3,12040,4
"[4, 4, 4, 4, 4, 4, 4, 4, 4]","[0.0, 0.0, 0.0, 0.0, 0.0, 0.0, 0.0, 0.0, 0.0]",9.0,0.0,0.0,0,0,0.0,0.0,0.0,0.0,0.0,0.0,0.0,0.0,0.0,0.0,branch_order,all,zero,True,2,2,2,3,2,9,4,1,4096,96,0,0,0,0,1,2,2,2,3,12041,5
"[4, 4, 4, 4, 4, 4, 1, 1, 1]","[0.0, 0.0, 0.0, 0.0, 0.0, 0.0, 1.0, 1.0, 1.0]",6.0,3.0,6.0,3,3,0.0,0.0,0.0,0.0,0.0,0.0,3.0,6.0,2.0,4.0,sink_equal,all,zero,True,2,2,2,3,2,9,4,1,4096,96,0,3,0,3,2,2,2,2,3,12041,5
"[2, 2, 1, 3, 1, 2, 1, 1, 1]","[0.5, 0.5, 1.0, 0.20751874963942185, 1.0, 0.5, 1.0, 1.0, 1.0]",2.292481250360578,6.707518749639422,13.415037499278844,9,5,1.0,2.0,1.207518749639422,2.415037499278844,1.5,3.0,3.0,6.0,2.0,4.0,strict_schedule,all,zero,True,2,2,2,3,2,9,4,1,4096,96,0,0,21,1,2,2,2,2,3,12041,5
"[4, 4, 4, 4, 4, 4, 4, 4, 4]","[0.0, 0.0, 0.0, 0.0, 0.0, 0.0, 0.0, 0.0, 0.0]",9.0,0.0,0.0,0,0,0.0,0.0,0.0,0.0,0.0,0.0,0.0,0.0,0.0,0.0,branch_order,all,zero,True,2,2,2,3,2,9,4,1,4096,96,0,0,0,0,1,2,2,2,3,12042,6
"[4, 4, 4, 4, 4, 4, 1, 1, 1]","[0.0, 0.0, 0.0, 0.0, 0.0, 0.0, 1.0, 1.0, 1.0]",6.0,3.0,6.0,3,3,0.0,0.0,0.0,0.0,0.0,0.0,3.0,6.0,2.0,4.0,sink_equal,all,zero,True,2,2,2,3,2,9,4,1,4096,96,0,3,0,3,2,2,2,2,3,12042,6
"[2, 2, 1, 3, 2, 1, 1, 1, 1]","[0.5, 0.5, 1.0, 0.20751874963942185, 0.5, 1.0, 1.0, 1.0, 1.0]",2.292481250360578,6.707518749639422,13.415037499278844,9,5,1.0,2.0,1.207518749639422,2.415037499278844,1.5,3.0,3.0,6.0,2.0,4.0,strict_schedule,all,zero,True,2,2,2,3,2,9,4,1,4096,96,0,0,22,0,1,2,2,2,3,12042,6
"[4, 4, 4, 4, 4, 4, 4, 4, 4]","[0.0, 0.0, 0.0, 0.0, 0.0, 0.0, 0.0, 0.0, 0.0]",9.0,0.0,0.0,0,0,0.0,0.0,0.0,0.0,0.0,0.0,0.0,0.0,0.0,0.0,branch_order,all,zero,True,2,2,2,3,2,9,4,1,4096,96,0,0,0,0,1,2,2,2,3,12043,7
"[4, 4, 4, 4, 4, 4, 1, 1, 1]","[0.0, 0.0, 0.0, 0.0, 0.0, 0.0, 1.0, 1.0, 1.0]",6.0,3.0,6.0,3,3,0.0,0.0,0.0,0.0,0.0,0.0,3.0,6.0,2.0,4.0,sink_equal,all,zero,True,2,2,2,3,2,9,4,1,4096,96,0,3,0,3,2,2,2,2,3,12043,7
"[2, 3, 1, 3, 1, 2, 1, 1, 1]","[0.5, 0.20751874963942185, 1.0, 0.20751874963942185, 1.0, 0.5, 1.0, 1.0, 1.0]",2.584962500721156,6.415037499278844,12.830074998557688,9,5,0.7075187496394219,1.4150374992788437,1.207518749639422,2.415037499278844,1.5,3.0,3.0,6.0,2.0,4.0,strict_schedule,all,zero,True,2,2,2,3,2,9,4,1,4096,96,0,0,20,1,2,2,2,2,3,12043,7
"[4, 4, 4, 4, 4, 4, 4, 4, 4]","[0.0, 0.0, 0.0, 0.0, 0.0, 0.0, 0.0, 0.0, 0.0]",9.0,0.0,0.0,0,0,0.0,0.0,0.0,0.0,0.0,0.0,0.0,0.0,0.0,0.0,branch_order,all,zero,True,2,2,2,3,2,9,4,1,4096,96,0,0,0,0,1,2,2,2,3,12044,8
"[4, 4, 4, 4, 4, 4, 1, 1, 2]","[0.0, 0.0, 0.0, 0.0, 0.0, 0.0, 1.0, 1.0, 0.5]",6.5,2.5,5.0,3,2,0.0,0.0,0.0,0.0,0.0,0.0,2.5,5.0,2.0,4.0,sink_equal,all,zero,True,2,2,2,3,2,9,4,1,4096,96,0,3,0,2,2,2,2,2,3,12044,8
"[2, 3, 1, 2, 1, 2, 1, 1, 2]","[0.5, 0.20751874963942185, 1.0, 0.5, 1.0, 0.5, 1.0, 1.0, 0.5]",2.792481250360578,6.207518749639422,12.415037499278844,9,4,0.7075187496394219,1.4150374992788437,1.5,3.0,1.5,3.0,2.5,5.0,2.0,4.0,strict_schedule,all,zero,True,2,2,2,3,2,9,4,1,4096,96,0,0,21,0,1,2,2,2,3,12044,8
"[4, 4, 4, 4, 4, 4, 4, 4, 4]","[0.0, 0.0, 0.0, 0.0, 0.0, 0.0, 0.0, 0.0, 0.0]",9.0,0.0,0.0,0,0,0.0,0.0,0.0,0.0,0.0,0.0,0.0,0.0,0.0,0.0,branch_order,all,zero,True,2,2,2,3,2,9,4,1,4096,96,0,0,0,0,1,2,2,2,3,12045,9
"[4, 4, 4, 4, 4, 4, 1, 1, 1]","[0.0, 0.0, 0.0, 0.0, 0.0, 0.0, 1.0, 1.0, 1.0]",6.0,3.0,6.0,3,3,0.0,0.0,0.0,0.0,0.0,0.0,3.0,6.0,2.0,4.0,sink_equal,all,zero,True,2,2,2,3,2,9,4,1,4096,96,0,3,0,3,2,2,2,2,3,12045,9
"[2, 2, 1, 3, 1, 3, 1, 1, 1]","[0.5, 0.5, 1.0, 0.20751874963942185, 1.0, 0.20751874963942185, 1.0, 1.0, 1.0]",2.584962500721156,6.415037499278844,12.830074998557688,9,5,1.0,2.0,1.207518749639422,2.415037499278844,1.207518749639422,2.415037499278844,3.0,6.0,2.0,4.0,strict_schedule,all,zero,True,2,2,2,3,2,9,4,1,4096,96,0,0,20,1,2,2,2,2,3,12045,9
"[4, 4, 4, 4, 4, 4, 4, 4, 4]","[0.0, 0.0, 0.0, 0.0, 0.0, 0.0, 0.0, 0.0, 0.0]",9.0,0.0,0.0,0,0,0.0,0.0,0.0,0.0,0.0,0.0,0.0,0.0,0.0,0.0,branch_order,all,zero,True,2,2,2,3,2,9,4,1,4096,96,0,0,0,0,1,2,2,2,3,12046,10
"[4, 4, 4, 4, 4, 4, 1, 1, 1]","[0.0, 0.0, 0.0, 0.0, 0.0, 0.0, 1.0, 1.0, 1.0]",6.0,3.0,6.0,3,3,0.0,0.0,0.0,0.0,0.0,0.0,3.0,6.0,2.0,4.0,sink_equal,all,zero,True,2,2,2,3,2,9,4,1,4096,96,0,3,0,3,2,2,2,2,3,12046,10
"[3, 2, 2, 3, 1, 3, 1, 1, 1]","[0.20751874963942185, 0.5, 0.5, 0.20751874963942185, 1.0, 0.20751874963942185, 1.0, 1.0, 1.0]",3.3774437510817346,5.622556248918266,11.245112497836532,9,4,0.7075187496394219,1.4150374992788437,0.7075187496394219,1.4150374992788437,1.207518749639422,2.415037499278844,3.0,6.0,2.0,4.0,strict_schedule,all,zero,True,2,2,2,3,2,9,4,1,4096,96,0,0,19,0,1,2,2,2,3,12046,10
"[4, 4, 4, 4, 4, 4, 4, 4, 4]","[0.0, 0.0, 0.0, 0.0, 0.0, 0.0, 0.0, 0.0, 0.0]",9.0,0.0,0.0,0,0,0.0,0.0,0.0,0.0,0.0,0.0,0.0,0.0,0.0,0.0,branch_order,all,zero,True,2,2,2,3,2,9,4,1,4096,96,0,0,0,0,1,2,2,2,3,12047,11
"[4, 4, 4, 4, 4, 4, 1, 1, 1]","[0.0, 0.0, 0.0, 0.0, 0.0, 0.0, 1.0, 1.0, 1.0]",6.0,3.0,6.0,3,3,0.0,0.0,0.0,0.0,0.0,0.0,3.0,6.0,2.0,4.0,sink_equal,all,zero,True,2,2,2,3,2,9,4,1,4096,96,0,3,0,3,2,2,2,2,3,12047,11
"[3, 2, 1, 2, 1, 2, 1, 1, 1]","[0.20751874963942185, 0.5, 1.0, 0.5, 1.0, 0.5, 1.0, 1.0, 1.0]",2.292481250360578,6.707518749639422,13.415037499278844,9,5,0.7075187496394219,1.4150374992788437,1.5,3.0,1.5,3.0,3.0,6.0,2.0,4.0,strict_schedule,all,zero,True,2,2,2,3,2,9,4,1,4096,96,0,0,20,2,2,2,2,2,3,12047,11
"[4, 4, 4, 4, 4, 4, 4, 4, 4]","[0.0, 0.0, 0.0, 0.0, 0.0, 0.0, 0.0, 0.0, 0.0]",9.0,0.0,0.0,0,0,0.0,0.0,0.0,0.0,0.0,0.0,0.0,0.0,0.0,0.0,branch_order,all,zero,True,2,2,2,3,2,9,4,1,4096,96,0,0,0,0,1,2,2,2,3,12048,12
"[4, 4, 4, 4, 4, 4, 1, 1, 1]","[0.0, 0.0, 0.0, 0.0, 0.0, 0.0, 1.0, 1.0, 1.0]",6.0,3.0,6.0,3,3,0.0,0.0,0.0,0.0,0.0,0.0,3.0,6.0,2.0,4.0,sink_equal,all,zero,True,2,2,2,3,2,9,4,1,4096,96,0,3,0,3,2,2,2,2,3,12048,12
"[2, 3, 2, 2, 1, 2, 1, 1, 1]","[0.5, 0.20751874963942185, 0.5, 0.5, 1.0, 0.5, 1.0, 1.0, 1.0]",2.792481250360578,6.207518749639422,12.415037499278844,9,4,0.7075187496394219,1.4150374992788437,1.0,2.0,1.5,3.0,3.0,6.0,2.0,4.0,strict_schedule,all,zero,True,2,2,2,3,2,9,4,1,4096,96,0,0,20,1,2,2,2,2,3,12048,12
"[4, 4, 4, 4, 4, 4, 4, 4, 4]","[0.0, 0.0, 0.0, 0.0, 0.0, 0.0, 0.0, 0.0, 0.0]",9.0,0.0,0.0,0,0,0.0,0.0,0.0,0.0,0.0,0.0,0.0,0.0,0.0,0.0,branch_order,all,zero,True,2,2,2,3,2,9,4,1,4096,96,0,0,0,0,1,2,2,2,3,12049,13
"[4, 4, 4, 4, 4, 4, 1, 1, 1]","[0.0, 0.0, 0.0, 0.0, 0.0, 0.0, 1.0, 1.0, 1.0]",6.0,3.0,6.0,3,3,0.0,0.0,0.0,0.0,0.0,0.0,3.0,6.0,2.0,4.0,sink_equal,all,zero,True,2,2,2,3,2,9,4,1,4096,96,0,3,0,3,2,2,2,2,3,12049,13
"[3, 1, 2, 2, 1, 2, 1, 1, 1]","[0.20751874963942185, 1.0, 0.5, 0.5, 1.0, 0.5, 1.0, 1.0, 1.0]",2.292481250360578,6.707518749639422,13.415037499278844,9,5,1.207518749639422,2.415037499278844,1.0,2.0,1.5,3.0,3.0,6.0,2.0,4.0,strict_schedule,all,zero,True,2,2,2,3,2,9,4,1,4096,96,0,0,22,0,1,2,2,2,3,12049,13
"[4, 4, 4, 4, 4, 4, 4, 4, 4]","[0.0, 0.0, 0.0, 0.0, 0.0, 0.0, 0.0, 0.0, 0.0]",9.0,0.0,0.0,0,0,0.0,0.0,0.0,0.0,0.0,0.0,0.0,0.0,0.0,0.0,branch_order,all,zero,True,2,2,2,3,2,9,4,1,4096,96,0,0,0,0,1,2,2,2,3,12050,14
"[4, 4, 4, 4, 4, 4, 1, 1, 1]","[0.0, 0.0, 0.0, 0.0, 0.0, 0.0, 1.0, 1.0, 1.0]",6.0,3.0,6.0,3,3,0.0,0.0,0.0,0.0,0.0,0.0,3.0,6.0,2.0,4.0,sink_equal,all,zero,True,2,2,2,3,2,9,4,1,4096,96,0,3,0,3,2,2,2,2,3,12050,14
"[3, 3, 1, 1, 1, 1, 1, 1, 1]","[0.20751874963942185, 0.20751874963942185, 1.0, 1.0, 1.0, 1.0, 1.0, 1.0, 1.0]",1.5849625007211563,7.415037499278844,14.830074998557688,9,7,0.4150374992788437,0.8300749985576875,2.0,4.0,2.0,4.0,3.0,6.0,2.0,4.0,strict_schedule,all,zero,True,2,2,2,3,2,9,4,1,4096,96,0,0,23,0,1,2,2,2,3,12050,14
"[4, 4, 4, 4, 4, 4, 4, 4, 4]","[0.0, 0.0, 0.0, 0.0, 0.0, 0.0, 0.0, 0.0, 0.0]",9.0,0.0,0.0,0,0,0.0,0.0,0.0,0.0,0.0,0.0,0.0,0.0,0.0,0.0,branch_order,all,zero,True,2,2,2,3,2,9,4,1,4096,96,0,0,0,0,1,2,2,2,3,12051,15
"[4, 4, 4, 4, 4, 4, 1, 1, 1]","[0.0, 0.0, 0.0, 0.0, 0.0, 0.0, 1.0, 1.0, 1.0]",6.0,3.0,6.0,3,3,0.0,0.0,0.0,0.0,0.0,0.0,3.0,6.0,2.0,4.0,sink_equal,all,zero,True,2,2,2,3,2,9,4,1,4096,96,0,3,0,3,2,2,2,2,3,12051,15
"[2, 2, 1, 2, 1, 3, 1, 1, 1]","[0.5, 0.5, 1.0, 0.5, 1.0, 0.20751874963942185, 1.0, 1.0, 1.0]",2.292481250360578,6.707518749639422,13.415037499278844,9,5,1.0,2.0,1.5,3.0,1.207518749639422,2.415037499278844,3.0,6.0,2.0,4.0,strict_schedule,all,zero,True,2,2,2,3,2,9,4,1,4096,96,0,0,22,0,1,2,2,2,3,12051,15
"[4, 4, 4, 4, 4, 4, 4, 4, 4]","[0.0, 0.0, 0.0, 0.0, 0.0, 0.0, 0.0, 0.0, 0.0]",9.0,0.0,0.0,0,0,0.0,0.0,0.0,0.0,0.0,0.0,0.0,0.0,0.0,0.0,branch_order,all,zero,True,2,2,2,3,2,9,4,1,4096,96,0,0,0,0,1,2,2,2,3,12052,16
"[4, 4, 4, 4, 4, 4, 1, 1, 1]","[0.0, 0.0, 0.0, 0.0, 0.0, 0.0, 1.0, 1.0, 1.0]",6.0,3.0,6.0,3,3,0.0,0.0,0.0,0.0,0.0,0.0,3.0,6.0,2.0,4.0,sink_equal,all,zero,True,2,2,2,3,2,9,4,1,4096,96,0,3,0,3,2,2,2,2,3,12052,16
"[3, 2, 1, 3, 1, 1, 1, 1, 1]","[0.20751874963942185, 0.5, 1.0, 0.20751874963942185, 1.0, 1.0, 1.0, 1.0, 1.0]",2.084962500721156,6.915037499278844,13.830074998557688,9,6,0.7075187496394219,1.4150374992788437,1.207518749639422,2.415037499278844,2.0,4.0,3.0,6.0,2.0,4.0,strict_schedule,all,zero,True,2,2,2,3,2,9,4,1,4096,96,0,0,22,0,1,2,2,2,3,12052,16
"[4, 4, 4, 4, 4, 4, 4, 4, 4]","[0.0, 0.0, 0.0, 0.0, 0.0, 0.0, 0.0, 0.0, 0.0]",9.0,0.0,0.0,0,0,0.0,0.0,0.0,0.0,0.0,0.0,0.0,0.0,0.0,0.0,branch_order,all,zero,True,2,2,2,3,2,9,4,1,4096,96,0,0,0,0,1,2,2,2,3,12053,17
"[4, 4, 4, 4, 4, 4, 1, 1, 1]","[0.0, 0.0, 0.0, 0.0, 0.0, 0.0, 1.0, 1.0, 1.0]",6.0,3.0,6.0,3,3,0.0,0.0,0.0,0.0,0.0,0.0,3.0,6.0,2.0,4.0,sink_equal,all,zero,True,2,2,2,3,2,9,4,1,4096,96,0,3,0,3,2,2,2,2,3,12053,17
"[3, 3, 1, 2, 1, 3, 1, 1, 1]","[0.20751874963942185, 0.20751874963942185, 1.0, 0.5, 1.0, 0.20751874963942185, 1.0, 1.0, 1.0]",2.8774437510817346,6.122556248918266,12.245112497836532,9,5,0.4150374992788437,0.8300749985576875,1.5,3.0,1.207518749639422,2.415037499278844,3.0,6.0,2.0,4.0,strict_schedule,all,zero,True,2,2,2,3,2,9,4,1,4096,96,0,0,20,0,1,2,2,2,3,12053,17
"[4, 4, 4, 4, 4, 4, 4, 4, 4]","[0.0, 0.0, 0.0, 0.0, 0.0, 0.0, 0.0, 0.0, 0.0]",9.0,0.0,0.0,0,0,0.0,0.0,0.0,0.0,0.0,0.0,0.0,0.0,0.0,0.0,branch_order,all,zero,True,2,2,2,3,2,9,4,1,4096,96,0,0,0,0,1,2,2,2,3,12054,18
"[4, 4, 4, 4, 4, 4, 1, 1, 1]","[0.0, 0.0, 0.0, 0.0, 0.0, 0.0, 1.0, 1.0, 1.0]",6.0,3.0,6.0,3,3,0.0,0.0,0.0,0.0,0.0,0.0,3.0,6.0,2.0,4.0,sink_equal,all,zero,True,2,2,2,3,2,9,4,1,4096,96,0,3,0,3,2,2,2,2,3,12054,18
"[2, 1, 1, 2, 1, 3, 1, 1, 1]","[0.5, 1.0, 1.0, 0.5, 1.0, 0.20751874963942185, 1.0, 1.0, 1.0]",1.792481250360578,7.207518749639422,14.415037499278844,9,6,1.5,3.0,1.5,3.0,1.207518749639422,2.415037499278844,3.0,6.0,2.0,4.0,strict_schedule,all,zero,True,2,2,2,3,2,9,4,1,4096,96,0,0,23,0,1,2,2,2,3,12054,18
"[4, 4, 4, 4, 4, 4, 4, 4, 4]","[0.0, 0.0, 0.0, 0.0, 0.0, 0.0, 0.0, 0.0, 0.0]",9.0,0.0,0.0,0,0,0.0,0.0,0.0,0.0,0.0,0.0,0.0,0.0,0.0,0.0,branch_order,all,zero,True,2,2,2,3,2,9,4,1,4096,96,0,0,0,0,1,2,2,2,3,12055,19
"[4, 4, 4, 4, 4, 4, 1, 1, 1]","[0.0, 0.0, 0.0, 0.0, 0.0, 0.0, 1.0, 1.0, 1.0]",6.0,3.0,6.0,3,3,0.0,0.0,0.0,0.0,0.0,0.0,3.0,6.0,2.0,4.0,sink_equal,all,zero,True,2,2,2,3,2,9,4,1,4096,96,0,3,0,3,2,2,2,2,3,12055,19
"[2, 3, 1, 2, 1, 4, 1, 1, 1]","[0.5, 0.20751874963942185, 1.0, 0.5, 1.0, 0.0, 1.0, 1.0, 1.0]",2.792481250360578,6.207518749639422,12.415037499278844,8,5,0.7075187496394219,1.4150374992788437,1.5,3.0,1.0,2.0,3.0,6.0,2.0,4.0,strict_schedule,all,zero,True,2,2,2,3,2,9,4,1,4096,96,0,0,20,0,1,2,2,2,3,12055,19
"[4, 4, 4, 4, 4, 4, 4, 4, 4]","[0.0, 0.0, 0.0, 0.0, 0.0, 0.0, 0.0, 0.0, 0.0]",9.0,0.0,0.0,0,0,0.0,0.0,0.0,0.0,0.0,0.0,0.0,0.0,0.0,0.0,branch_order,all,zero,True,2,2,2,3,2,9,4,1,4096,96,0,0,0,0,1,2,2,2,3,12056,20
"[4, 4, 4, 4, 4, 4, 1, 1, 1]","[0.0, 0.0, 0.0, 0.0, 0.0, 0.0, 1.0, 1.0, 1.0]",6.0,3.0,6.0,3,3,0.0,0.0,0.0,0.0,0.0,0.0,3.0,6.0,2.0,4.0,sink_equal,all,zero,True,2,2,2,3,2,9,4,1,4096,96,0,3,0,3,2,2,2,2,3,12056,20
"[2, 1, 1, 2, 1, 2, 1, 1, 1]","[0.5, 1.0, 1.0, 0.5, 1.0, 0.5, 1.0, 1.0, 1.0]",1.5,7.5,15.0,9,6,1.5,3.0,1.5,3.0,1.5,3.0,3.0,6.0,2.0,4.0,strict_schedule,all,zero,True,2,2,2,3,2,9,4,1,4096,96,0,0,24,0,1,2,2,2,3,12056,20
"[4, 4, 4, 4, 4, 4, 4, 4, 4]","[0.0, 0.0, 0.0, 0.0, 0.0, 0.0, 0.0, 0.0, 0.0]",9.0,0.0,0.0,0,0,0.0,0.0,0.0,0.0,0.0,0.0,0.0,0.0,0.0,0.0,branch_order,all,zero,True,2,2,2,3,2,9,4,1,4096,96,0,0,0,0,1,2,2,2,3,12057,21
"[4, 4, 4, 4, 4, 4, 1, 1, 1]","[0.0, 0.0, 0.0, 0.0, 0.0, 0.0, 1.0, 1.0, 1.0]",6.0,3.0,6.0,3,3,0.0,0.0,0.0,0.0,0.0,0.0,3.0,6.0,2.0,4.0,sink_equal,all,zero,True,2,2,2,3,2,9,4,1,4096,96,0,3,0,3,2,2,2,2,3,12057,21
"[3, 2, 1, 2, 1, 2, 1, 1, 1]","[0.20751874963942185, 0.5, 1.0, 0.5, 1.0, 0.5, 1.0, 1.0, 1.0]",2.292481250360578,6.707518749639422,13.415037499278844,9,5,0.7075187496394219,1.4150374992788437,1.5,3.0,1.5,3.0,3.0,6.0,2.0,4.0,strict_schedule,all,zero,True,2,2,2,3,2,9,4,1,4096,96,0,0,21,1,2,2,2,2,3,12057,21
"[4, 4, 4, 4, 4, 4, 4, 4, 4]","[0.0, 0.0, 0.0, 0.0, 0.0, 0.0, 0.0, 0.0, 0.0]",9.0,0.0,0.0,0,0,0.0,0.0,0.0,0.0,0.0,0.0,0.0,0.0,0.0,0.0,branch_order,all,zero,True,2,2,2,3,2,9,4,1,4096,96,0,0,0,0,1,2,2,2,3,12058,22
"[4, 4, 4, 4, 4, 4, 1, 1, 1]","[0.0, 0.0, 0.0, 0.0, 0.0, 0.0, 1.0, 1.0, 1.0]",6.0,3.0,6.0,3,3,0.0,0.0,0.0,0.0,0.0,0.0,3.0,6.0,2.0,4.0,sink_equal,all,zero,True,2,2,2,3,2,9,4,1,4096,96,0,3,0,3,2,2,2,2,3,12058,22
"[2, 2, 1, 1, 1, 2, 1, 1, 1]","[0.5, 0.5, 1.0, 1.0, 1.0, 0.5, 1.0, 1.0, 1.0]",1.5,7.5,15.0,9,6,1.0,2.0,2.0,4.0,1.5,3.0,3.0,6.0,2.0,4.0,strict_schedule,all,zero,True,2,2,2,3,2,9,4,1,4096,96,0,0,24,0,1,2,2,2,3,12058,22
"[4, 4, 4, 4, 4, 4, 4, 4, 4]","[0.0, 0.0, 0.0, 0.0, 0.0, 0.0, 0.0, 0.0, 0.0]",9.0,0.0,0.0,0,0,0.0,0.0,0.0,0.0,0.0,0.0,0.0,0.0,0.0,0.0,branch_order,all,zero,True,2,2,2,3,2,9,4,1,4096,96,0,0,0,0,1,2,2,2,3,12059,23
"[4, 4, 4, 4, 4, 4, 1, 1, 1]","[0.0, 0.0, 0.0, 0.0, 0.0, 0.0, 1.0, 1.0, 1.0]",6.0,3.0,6.0,3,3,0.0,0.0,0.0,0.0,0.0,0.0,3.0,6.0,2.0,4.0,sink_equal,all,zero,True,2,2,2,3,2,9,4,1,4096,96,0,3,0,3,2,2,2,2,3,12059,23
"[3, 3, 1, 2, 1, 2, 1, 1, 1]","[0.20751874963942185, 0.20751874963942185, 1.0, 0.5, 1.0, 0.5, 1.0, 1.0, 1.0]",2.584962500721156,6.415037499278844,12.830074998557688,9,5,0.4150374992788437,0.8300749985576875,1.5,3.0,1.5,3.0,3.0,6.0,2.0,4.0,strict_schedule,all,zero,True,2,2,2,3,2,9,4,1,4096,96,0,0,21,0,1,2,2,2,3,12059,23
"[4, 4, 4, 4, 4, 4, 4, 4, 4]","[0.0, 0.0, 0.0, 0.0, 0.0, 0.0, 0.0, 0.0, 0.0]",9.0,0.0,0.0,0,0,0.0,0.0,0.0,0.0,0.0,0.0,0.0,0.0,0.0,0.0,branch_order,all,zero,True,2,2,2,3,2,9,4,1,4096,96,0,0,0,0,1,2,2,2,3,12060,24
"[4, 4, 4, 4, 4, 4, 1, 1, 1]","[0.0, 0.0, 0.0, 0.0, 0.0, 0.0, 1.0, 1.0, 1.0]",6.0,3.0,6.0,3,3,0.0,0.0,0.0,0.0,0.0,0.0,3.0,6.0,2.0,4.0,sink_equal,all,zero,True,2,2,2,3,2,9,4,1,4096,96,0,3,0,3,2,2,2,2,3,12060,24
"[2, 2, 1, 2, 1, 3, 1, 1, 1]","[0.5, 0.5, 1.0, 0.5, 1.0, 0.20751874963942185, 1.0, 1.0, 1.0]",2.292481250360578,6.707518749639422,13.415037499278844,9,5,1.0,2.0,1.5,3.0,1.207518749639422,2.415037499278844,3.0,6.0,2.0,4.0,strict_schedule,all,zero,True,2,2,2,3,2,9,4,1,4096,96,0,0,22,0,1,2,2,2,3,12060,24
"[4, 4, 4, 4, 4, 4, 4, 4, 4]","[0.0, 0.0, 0.0, 0.0, 0.0, 0.0, 0.0, 0.0, 0.0]",9.0,0.0,0.0,0,0,0.0,0.0,0.0,0.0,0.0,0.0,0.0,0.0,0.0,0.0,branch_order,all,zero,True,2,2,2,3,2,9,4,1,4096,96,0,0,0,0,1,2,2,2,3,12061,25
"[4, 4, 4, 4, 4, 4, 1, 1, 1]","[0.0, 0.0, 0.0, 0.0, 0.0, 0.0, 1.0, 1.0, 1.0]",6.0,3.0,6.0,3,3,0.0,0.0,0.0,0.0,0.0,0.0,3.0,6.0,2.0,4.0,sink_equal,all,zero,True,2,2,2,3,2,9,4,1,4096,96,0,3,0,3,2,2,2,2,3,12061,25
"[2, 2, 1, 1, 1, 2, 1, 1, 1]","[0.5, 0.5, 1.0, 1.0, 1.0, 0.5, 1.0, 1.0, 1.0]",1.5,7.5,15.0,9,6,1.0,2.0,2.0,4.0,1.5,3.0,3.0,6.0,2.0,4.0,strict_schedule,all,zero,True,2,2,2,3,2,9,4,1,4096,96,0,0,23,1,2,2,2,2,3,12061,25
"[4, 4, 4, 4, 4, 4, 4, 4, 4]","[0.0, 0.0, 0.0, 0.0, 0.0, 0.0, 0.0, 0.0, 0.0]",9.0,0.0,0.0,0,0,0.0,0.0,0.0,0.0,0.0,0.0,0.0,0.0,0.0,0.0,branch_order,all,zero,True,2,2,2,3,2,9,4,1,4096,96,0,0,0,0,1,2,2,2,3,12062,26
"[4, 4, 4, 4, 4, 4, 1, 1, 1]","[0.0, 0.0, 0.0, 0.0, 0.0, 0.0, 1.0, 1.0, 1.0]",6.0,3.0,6.0,3,3,0.0,0.0,0.0,0.0,0.0,0.0,3.0,6.0,2.0,4.0,sink_equal,all,zero,True,2,2,2,3,2,9,4,1,4096,96,0,3,0,3,2,2,2,2,3,12062,26
"[2, 2, 1, 3, 1, 2, 1, 1, 1]","[0.5, 0.5, 1.0, 0.20751874963942185, 1.0, 0.5, 1.0, 1.0, 1.0]",2.292481250360578,6.707518749639422,13.415037499278844,9,5,1.0,2.0,1.207518749639422,2.415037499278844,1.5,3.0,3.0,6.0,2.0,4.0,strict_schedule,all,zero,True,2,2,2,3,2,9,4,1,4096,96,0,0,22,0,1,2,2,2,3,12062,26
"[4, 4, 4, 4, 4, 4, 4, 4, 4]","[0.0, 0.0, 0.0, 0.0, 0.0, 0.0, 0.0, 0.0, 0.0]",9.0,0.0,0.0,0,0,0.0,0.0,0.0,0.0,0.0,0.0,0.0,0.0,0.0,0.0,branch_order,all,zero,True,2,2,2,3,2,9,4,1,4096,96,0,0,0,0,1,2,2,2,3,12063,27
"[4, 4, 4, 4, 4, 4, 1, 1, 1]","[0.0, 0.0, 0.0, 0.0, 0.0, 0.0, 1.0, 1.0, 1.0]",6.0,3.0,6.0,3,3,0.0,0.0,0.0,0.0,0.0,0.0,3.0,6.0,2.0,4.0,sink_equal,all,zero,True,2,2,2,3,2,9,4,1,4096,96,0,3,0,3,2,2,2,2,3,12063,27
"[3, 3, 1, 2, 1, 3, 1, 1, 1]","[0.20751874963942185, 0.20751874963942185, 1.0, 0.5, 1.0, 0.20751874963942185, 1.0, 1.0, 1.0]",2.8774437510817346,6.122556248918266,12.245112497836532,9,5,0.4150374992788437,0.8300749985576875,1.5,3.0,1.207518749639422,2.415037499278844,3.0,6.0,2.0,4.0,strict_schedule,all,zero,True,2,2,2,3,2,9,4,1,4096,96,0,0,20,0,1,2,2,2,3,12063,27
"[4, 4, 4, 4, 4, 4, 4, 4, 4]","[0.0, 0.0, 0.0, 0.0, 0.0, 0.0, 0.0, 0.0, 0.0]",9.0,0.0,0.0,0,0,0.0,0.0,0.0,0.0,0.0,0.0,0.0,0.0,0.0,0.0,branch_order,all,zero,True,2,2,2,3,2,9,4,1,4096,96,0,0,0,0,1,2,2,2,3,12064,28
"[4, 4, 4, 4, 4, 4, 1, 1, 1]","[0.0, 0.0, 0.0, 0.0, 0.0, 0.0, 1.0, 1.0, 1.0]",6.0,3.0,6.0,3,3,0.0,0.0,0.0,0.0,0.0,0.0,3.0,6.0,2.0,4.0,sink_equal,all,zero,True,2,2,2,3,2,9,4,1,4096,96,0,3,0,3,2,2,2,2,3,12064,28
"[2, 2, 1, 2, 1, 1, 1, 1, 1]","[0.5, 0.5, 1.0, 0.5, 1.0, 1.0, 1.0, 1.0, 1.0]",1.5,7.5,15.0,9,6,1.0,2.0,1.5,3.0,2.0,4.0,3.0,6.0,2.0,4.0,strict_schedule,all,zero,True,2,2,2,3,2,9,4,1,4096,96,0,0,24,0,1,2,2,2,3,12064,28
"[4, 4, 4, 4, 4, 4, 4, 4, 4]","[0.0, 0.0, 0.0, 0.0, 0.0, 0.0, 0.0, 0.0, 0.0]",9.0,0.0,0.0,0,0,0.0,0.0,0.0,0.0,0.0,0.0,0.0,0.0,0.0,0.0,branch_order,all,zero,True,2,2,2,3,2,9,4,1,4096,96,0,0,0,0,1,2,2,2,3,12065,29
"[4, 4, 4, 4, 4, 4, 1, 1, 1]","[0.0, 0.0, 0.0, 0.0, 0.0, 0.0, 1.0, 1.0, 1.0]",6.0,3.0,6.0,3,3,0.0,0.0,0.0,0.0,0.0,0.0,3.0,6.0,2.0,4.0,sink_equal,all,zero,True,2,2,2,3,2,9,4,1,4096,96,0,3,0,3,2,2,2,2,3,12065,29
"[2, 2, 1, 2, 1, 2, 1, 1, 1]","[0.5, 0.5, 1.0, 0.5, 1.0, 0.5, 1.0, 1.0, 1.0]",2.0,7.0,14.0,9,5,1.0,2.0,1.5,3.0,1.5,3.0,3.0,6.0,2.0,4.0,strict_schedule,all,zero,True,2,2,2,3,2,9,4,1,4096,96,0,0,23,0,1,2,2,2,3,12065,29
"[4, 4, 4, 4, 4, 4, 4, 4, 4]","[0.0, 0.0, 0.0, 0.0, 0.0, 0.0, 0.0, 0.0, 0.0]",9.0,0.0,0.0,0,0,0.0,0.0,0.0,0.0,0.0,0.0,0.0,0.0,0.0,0.0,branch_order,all,zero,True,2,2,2,3,2,9,4,1,4096,96,0,0,0,0,1,2,2,2,3,12066,30
"[4, 4, 4, 4, 4, 4, 1, 1, 1]","[0.0, 0.0, 0.0, 0.0, 0.0, 0.0, 1.0, 1.0, 1.0]",6.0,3.0,6.0,3,3,0.0,0.0,0.0,0.0,0.0,0.0,3.0,6.0,2.0,4.0,sink_equal,all,zero,True,2,2,2,3,2,9,4,1,4096,96,0,3,0,3,2,2,2,2,3,12066,30
"[4, 2, 1, 3, 1, 2, 1, 1, 1]","[0.0, 0.5, 1.0, 0.20751874963942185, 1.0, 0.5, 1.0, 1.0, 1.0]",2.792481250360578,6.207518749639422,12.415037499278844,8,5,0.5,1.0,1.207518749639422,2.415037499278844,1.5,3.0,3.0,6.0,2.0,4.0,strict_schedule,all,zero,True,2,2,2,3,2,9,4,1,4096,96,0,0,16,4,2,2,2,2,3,12066,30
"[4, 4, 4, 4, 4, 4, 4, 4, 4]","[0.0, 0.0, 0.0, 0.0, 0.0, 0.0, 0.0, 0.0, 0.0]",9.0,0.0,0.0,0,0,0.0,0.0,0.0,0.0,0.0,0.0,0.0,0.0,0.0,0.0,branch_order,all,zero,True,2,2,2,3,2,9,4,1,4096,96,0,0,0,0,1,2,2,2,3,12067,31
"[4, 4, 4, 4, 4, 4, 1, 1, 1]","[0.0, 0.0, 0.0, 0.0, 0.0, 0.0, 1.0, 1.0, 1.0]",6.0,3.0,6.0,3,3,0.0,0.0,0.0,0.0,0.0,0.0,3.0,6.0,2.0,4.0,sink_equal,all,zero,True,2,2,2,3,2,9,4,1,4096,96,0,3,0,3,2,2,2,2,3,12067,31
"[2, 3, 1, 2, 1, 3, 1, 1, 1]","[0.5, 0.20751874963942185, 1.0, 0.5, 1.0, 0.20751874963942185, 1.0, 1.0, 1.0]",2.584962500721156,6.415037499278844,12.830074998557688,9,5,0.7075187496394219,1.4150374992788437,1.5,3.0,1.207518749639422,2.415037499278844,3.0,6.0,2.0,4.0,strict_schedule,all,zero,True,2,2,2,3,2,9,4,1,4096,96,0,0,21,0,1,2,2,2,3,12067,31
"[4, 4, 4, 4, 4, 4, 4, 4, 4]","[0.0, 0.0, 0.0, 0.0, 0.0, 0.0, 0.0, 0.0, 0.0]",9.0,0.0,0.0,0,0,0.0,0.0,0.0,0.0,0.0,0.0,0.0,0.0,0.0,0.0,branch_order,all,zero,True,2,2,2,3,2,9,4,1,4096,96,0,0,0,0,1,2,2,2,3,12068,32
"[4, 4, 4, 4, 4, 4, 1, 1, 1]","[0.0, 0.0, 0.0, 0.0, 0.0, 0.0, 1.0, 1.0, 1.0]",6.0,3.0,6.0,3,3,0.0,0.0,0.0,0.0,0.0,0.0,3.0,6.0,2.0,4.0,sink_equal,all,zero,True,2,2,2,3,2,9,4,1,4096,96,0,3,0,3,2,2,2,2,3,12068,32
"[2, 2, 1, 2, 1, 2, 1, 1, 1]","[0.5, 0.5, 1.0, 0.5, 1.0, 0.5, 1.0, 1.0, 1.0]",2.0,7.0,14.0,9,5,1.0,2.0,1.5,3.0,1.5,3.0,3.0,6.0,2.0,4.0,strict_schedule,all,zero,True,2,2,2,3,2,9,4,1,4096,96,0,0,23,0,1,2,2,2,3,12068,32
"[4, 4, 4, 4, 4, 4, 4, 4, 4]","[0.0, 0.0, 0.0, 0.0, 0.0, 0.0, 0.0, 0.0, 0.0]",9.0,0.0,0.0,0,0,0.0,0.0,0.0,0.0,0.0,0.0,0.0,0.0,0.0,0.0,branch_order,all,zero,True,2,2,2,3,2,9,4,1,4096,96,0,0,0,0,1,2,2,2,3,12069,33
"[4, 4, 4, 4, 4, 4, 1, 1, 1]","[0.0, 0.0, 0.0, 0.0, 0.0, 0.0, 1.0, 1.0, 1.0]",6.0,3.0,6.0,3,3,0.0,0.0,0.0,0.0,0.0,0.0,3.0,6.0,2.0,4.0,sink_equal,all,zero,True,2,2,2,3,2,9,4,1,4096,96,0,3,0,3,2,2,2,2,3,12069,33
"[2, 1, 2, 2, 1, 4, 1, 1, 1]","[0.5, 1.0, 0.5, 0.5, 1.0, 0.0, 1.0, 1.0, 1.0]",2.5,6.5,13.0,8,5,1.5,3.0,1.0,2.0,1.0,2.0,3.0,6.0,2.0,4.0,strict_schedule,all,zero,True,2,2,2,3,2,9,4,1,4096,96,0,0,21,0,1,2,2,2,3,12069,33
"[4, 4, 4, 4, 4, 4, 4, 4, 4]","[0.0, 0.0, 0.0, 0.0, 0.0, 0.0, 0.0, 0.0, 0.0]",9.0,0.0,0.0,0,0,0.0,0.0,0.0,0.0,0.0,0.0,0.0,0.0,0.0,0.0,branch_order,all,zero,True,2,2,2,3,2,9,4,1,4096,96,0,0,0,0,1,2,2,2,3,12070,34
"[4, 4, 4, 4, 4, 4, 1, 1, 1]","[0.0, 0.0, 0.0, 0.0, 0.0, 0.0, 1.0, 1.0, 1.0]",6.0,3.0,6.0,3,3,0.0,0.0,0.0,0.0,0.0,0.0,3.0,6.0,2.0,4.0,sink_equal,all,zero,True,2,2,2,3,2,9,4,1,4096,96,0,3,0,3,2,2,2,2,3,12070,34
"[1, 2, 1, 1, 1, 2, 1, 1, 1]","[1.0, 0.5, 1.0, 1.0, 1.0, 0.5, 1.0, 1.0, 1.0]",1.0,8.0,16.0,9,7,1.5,3.0,2.0,4.0,1.5,3.0,3.0,6.0,2.0,4.0,strict_schedule,all,zero,True,2,2,2,3,2,9,4,1,4096,96,0,0,25,0,1,2,2,2,3,12070,34
"[4, 4, 4, 4, 4, 4, 4, 4, 4]","[0.0, 0.0, 0.0, 0.0, 0.0, 0.0, 0.0, 0.0, 0.0]",9.0,0.0,0.0,0,0,0.0,0.0,0.0,0.0,0.0,0.0,0.0,0.0,0.0,0.0,branch_order,all,zero,True,2,2,2,3,2,9,4,1,4096,96,0,0,0,0,1,2,2,2,3,12071,35
"[4, 4, 4, 4, 4, 4, 1, 1, 1]","[0.0, 0.0, 0.0, 0.0, 0.0, 0.0, 1.0, 1.0, 1.0]",6.0,3.0,6.0,3,3,0.0,0.0,0.0,0.0,0.0,0.0,3.0,6.0,2.0,4.0,sink_equal,all,zero,True,2,2,2,3,2,9,4,1,4096,96,0,3,0,3,2,2,2,2,3,12071,35
"[2, 3, 1, 3, 1, 2, 1, 1, 1]","[0.5, 0.20751874963942185, 1.0, 0.20751874963942185, 1.0, 0.5, 1.0, 1.0, 1.0]",2.584962500721156,6.415037499278844,12.830074998557688,9,5,0.7075187496394219,1.4150374992788437,1.207518749639422,2.415037499278844,1.5,3.0,3.0,6.0,2.0,4.0,strict_schedule,all,zero,True,2,2,2,3,2,9,4,1,4096,96,0,0,20,1,2,2,2,2,3,12071,35
"[4, 4, 4, 4, 4, 4, 4, 4, 4]","[0.0, 0.0, 0.0, 0.0, 0.0, 0.0, 0.0, 0.0, 0.0]",9.0,0.0,0.0,0,0,0.0,0.0,0.0,0.0,0.0,0.0,0.0,0.0,0.0,0.0,branch_order,all,zero,True,2,2,2,3,2,9,4,1,4096,96,0,0,0,0,1,2,2,2,3,12072,36
"[4, 4, 4, 4, 4, 4, 1, 1, 1]","[0.0, 0.0, 0.0, 0.0, 0.0, 0.0, 1.0, 1.0, 1.0]",6.0,3.0,6.0,3,3,0.0,0.0,0.0,0.0,0.0,0.0,3.0,6.0,2.0,4.0,sink_equal,all,zero,True,2,2,2,3,2,9,4,1,4096,96,0,3,0,3,2,2,2,2,3,12072,36
"[2, 3, 1, 3, 1, 2, 1, 1, 1]","[0.5, 0.20751874963942185, 1.0, 0.20751874963942185, 1.0, 0.5, 1.0, 1.0, 1.0]",2.584962500721156,6.415037499278844,12.830074998557688,9,5,0.7075187496394219,1.4150374992788437,1.207518749639422,2.415037499278844,1.5,3.0,3.0,6.0,2.0,4.0,strict_schedule,all,zero,True,2,2,2,3,2,9,4,1,4096,96,0,0,21,0,1,2,2,2,3,12072,36
"[4, 4, 4, 4, 4, 4, 4, 4, 4]","[0.0, 0.0, 0.0, 0.0, 0.0, 0.0, 0.0, 0.0, 0.0]",9.0,0.0,0.0,0,0,0.0,0.0,0.0,0.0,0.0,0.0,0.0,0.0,0.0,0.0,branch_order,all,zero,True,2,2,2,3,2,9,4,1,4096,96,0,0,0,0,1,2,2,2,3,12073,37
"[4, 4, 4, 4, 4, 4, 1, 1, 1]","[0.0, 0.0, 0.0, 0.0, 0.0, 0.0, 1.0, 1.0, 1.0]",6.0,3.0,6.0,3,3,0.0,0.0,0.0,0.0,0.0,0.0,3.0,6.0,2.0,4.0,sink_equal,all,zero,True,2,2,2,3,2,9,4,1,4096,96,0,3,0,3,2,2,2,2,3,12073,37
"[2, 2, 1, 2, 1, 2, 1, 1, 1]","[0.5, 0.5, 1.0, 0.5, 1.0, 0.5, 1.0, 1.0, 1.0]",2.0,7.0,14.0,9,5,1.0,2.0,1.5,3.0,1.5,3.0,3.0,6.0,2.0,4.0,strict_schedule,all,zero,True,2,2,2,3,2,9,4,1,4096,96,0,0,23,0,1,2,2,2,3,12073,37
"[4, 4, 4, 4, 4, 4, 4, 4, 4]","[0.0, 0.0, 0.0, 0.0, 0.0, 0.0, 0.0, 0.0, 0.0]",9.0,0.0,0.0,0,0,0.0,0.0,0.0,0.0,0.0,0.0,0.0,0.0,0.0,0.0,branch_order,all,zero,True,2,2,2,3,2,9,4,1,4096,96,0,0,0,0,1,2,2,2,3,12074,38
"[4, 4, 4, 4, 4, 4, 1, 1, 1]","[0.0, 0.0, 0.0, 0.0, 0.0, 0.0, 1.0, 1.0, 1.0]",6.0,3.0,6.0,3,3,0.0,0.0,0.0,0.0,0.0,0.0,3.0,6.0,2.0,4.0,sink_equal,all,zero,True,2,2,2,3,2,9,4,1,4096,96,0,3,0,3,2,2,2,2,3,12074,38
"[3, 3, 1, 2, 2, 4, 1, 1, 1]","[0.20751874963942185, 0.20751874963942185, 1.0, 0.5, 0.5, 0.0, 1.0, 1.0, 1.0]",3.584962500721156,5.415037499278844,10.830074998557688,8,4,0.4150374992788437,0.8300749985576875,1.5,3.0,0.5,1.0,3.0,6.0,2.0,4.0,strict_schedule,all,zero,True,2,2,2,3,2,9,4,1,4096,96,0,0,15,3,2,2,2,2,3,12074,38
"[4, 4, 4, 4, 4, 4, 4, 4, 4]","[0.0, 0.0, 0.0, 0.0, 0.0, 0.0, 0.0, 0.0, 0.0]",9.0,0.0,0.0,0,0,0.0,0.0,0.0,0.0,0.0,0.0,0.0,0.0,0.0,0.0,branch_order,all,zero,True,2,2,2,3,2,9,4,1,4096,96,0,0,0,0,1,2,2,2,3,12075,39
"[4, 4, 4, 4, 4, 4, 1, 1, 1]","[0.0, 0.0, 0.0, 0.0, 0.0, 0.0, 1.0, 1.0, 1.0]",6.0,3.0,6.0,3,3,0.0,0.0,0.0,0.0,0.0,0.0,3.0,6.0,2.0,4.0,sink_equal,all,zero,True,2,2,2,3,2,9,4,1,4096,96,0,3,0,3,2,2,2,2,3,12075,39
"[2, 2, 1, 3, 1, 3, 1, 1, 1]","[0.5, 0.5, 1.0, 0.20751874963942185, 1.0, 0.20751874963942185, 1.0, 1.0, 1.0]",2.584962500721156,6.415037499278844,12.830074998557688,9,5,1.0,2.0,1.207518749639422,2.415037499278844,1.207518749639422,2.415037499278844,3.0,6.0,2.0,4.0,strict_schedule,all,zero,True,2,2,2,3,2,9,4,1,4096,96,0,0,21,0,1,2,2,2,3,12075,39
"[4, 4, 4, 4, 4, 4, 4, 4, 4]","[0.0, 0.0, 0.0, 0.0, 0.0, 0.0, 0.0, 0.0, 0.0]",9.0,0.0,0.0,0,0,0.0,0.0,0.0,0.0,0.0,0.0,0.0,0.0,0.0,0.0,branch_order,all,zero,True,2,2,2,3,2,9,4,1,4096,96,0,0,0,0,1,2,2,2,3,12076,40
"[4, 4, 4, 4, 4, 4, 1, 1, 1]","[0.0, 0.0, 0.0, 0.0, 0.0, 0.0, 1.0, 1.0, 1.0]",6.0,3.0,6.0,3,3,0.0,0.0,0.0,0.0,0.0,0.0,3.0,6.0,2.0,4.0,sink_equal,all,zero,True,2,2,2,3,2,9,4,1,4096,96,0,3,0,3,2,2,2,2,3,12076,40
"[2, 2, 1, 3, 1, 2, 1, 1, 1]","[0.5, 0.5, 1.0, 0.20751874963942185, 1.0, 0.5, 1.0, 1.0, 1.0]",2.292481250360578,6.707518749639422,13.415037499278844,9,5,1.0,2.0,1.207518749639422,2.415037499278844,1.5,3.0,3.0,6.0,2.0,4.0,strict_schedule,all,zero,True,2,2,2,3,2,9,4,1,4096,96,0,0,22,0,1,2,2,2,3,12076,40
"[4, 4, 4, 4, 4, 4, 4, 4, 4]","[0.0, 0.0, 0.0, 0.0, 0.0, 0.0, 0.0, 0.0, 0.0]",9.0,0.0,0.0,0,0,0.0,0.0,0.0,0.0,0.0,0.0,0.0,0.0,0.0,0.0,branch_order,all,zero,True,2,2,2,3,2,9,4,1,4096,96,0,0,0,0,1,2,2,2,3,12077,41
"[4, 4, 4, 4, 4, 4, 1, 1, 1]","[0.0, 0.0, 0.0, 0.0, 0.0, 0.0, 1.0, 1.0, 1.0]",6.0,3.0,6.0,3,3,0.0,0.0,0.0,0.0,0.0,0.0,3.0,6.0,2.0,4.0,sink_equal,all,zero,True,2,2,2,3,2,9,4,1,4096,96,0,3,0,3,2,2,2,2,3,12077,41
"[1, 3, 1, 2, 1, 3, 1, 1, 1]","[1.0, 0.20751874963942185, 1.0, 0.5, 1.0, 0.20751874963942185, 1.0, 1.0, 1.0]",2.084962500721156,6.915037499278844,13.830074998557688,9,6,1.207518749639422,2.415037499278844,1.5,3.0,1.207518749639422,2.415037499278844,3.0,6.0,2.0,4.0,strict_schedule,all,zero,True,2,2,2,3,2,9,4,1,4096,96,0,0,22,0,1,2,2,2,3,12077,41
"[4, 4, 4, 4, 4, 4, 4, 4, 4]","[0.0, 0.0, 0.0, 0.0, 0.0, 0.0, 0.0, 0.0, 0.0]",9.0,0.0,0.0,0,0,0.0,0.0,0.0,0.0,0.0,0.0,0.0,0.0,0.0,0.0,branch_order,all,zero,True,2,2,2,3,2,9,4,1,4096,96,0,0,0,0,1,2,2,2,3,12078,42
"[4, 4, 4, 4, 4, 4, 1, 1, 1]","[0.0, 0.0, 0.0, 0.0, 0.0, 0.0, 1.0, 1.0, 1.0]",6.0,3.0,6.0,3,3,0.0,0.0,0.0,0.0,0.0,0.0,3.0,6.0,2.0,4.0,sink_equal,all,zero,True,2,2,2,3,2,9,4,1,4096,96,0,3,0,3,2,2,2,2,3,12078,42
"[2, 3, 1, 2, 1, 2, 1, 1, 1]","[0.5, 0.20751874963942185, 1.0, 0.5, 1.0, 0.5, 1.0, 1.0, 1.0]",2.292481250360578,6.707518749639422,13.415037499278844,9,5,0.7075187496394219,1.4150374992788437,1.5,3.0,1.5,3.0,3.0,6.0,2.0,4.0,strict_schedule,all,zero,True,2,2,2,3,2,9,4,1,4096,96,0,0,22,0,1,2,2,2,3,12078,42
"[4, 4, 4, 4, 4, 4, 4, 4, 4]","[0.0, 0.0, 0.0, 0.0, 0.0, 0.0, 0.0, 0.0, 0.0]",9.0,0.0,0.0,0,0,0.0,0.0,0.0,0.0,0.0,0.0,0.0,0.0,0.0,0.0,branch_order,all,zero,True,2,2,2,3,2,9,4,1,4096,96,0,0,0,0,1,2,2,2,3,12079,43
"[4, 4, 4, 4, 4, 4, 1, 1, 1]","[0.0, 0.0, 0.0, 0.0, 0.0, 0.0, 1.0, 1.0, 1.0]",6.0,3.0,6.0,3,3,0.0,0.0,0.0,0.0,0.0,0.0,3.0,6.0,2.0,4.0,sink_equal,all,zero,True,2,2,2,3,2,9,4,1,4096,96,0,3,0,3,2,2,2,2,3,12079,43
"[3, 3, 1, 2, 2, 2, 1, 1, 1]","[0.20751874963942185, 0.20751874963942185, 1.0, 0.5, 0.5, 0.5, 1.0, 1.0, 1.0]",3.084962500721156,5.915037499278844,11.830074998557688,9,4,0.4150374992788437,0.8300749985576875,1.5,3.0,1.0,2.0,3.0,6.0,2.0,4.0,strict_schedule,all,zero,True,2,2,2,3,2,9,4,1,4096,96,0,0,19,1,2,2,2,2,3,12079,43
"[4, 4, 4, 4, 4, 4, 4, 4, 4]","[0.0, 0.0, 0.0, 0.0, 0.0, 0.0, 0.0, 0.0, 0.0]",9.0,0.0,0.0,0,0,0.0,0.0,0.0,0.0,0.0,0.0,0.0,0.0,0.0,0.0,branch_order,all,zero,True,2,2,2,3,2,9,4,1,4096,96,0,0,0,0,1,2,2,2,3,12080,44
"[4, 4, 4, 4, 4, 4, 1, 1, 1]","[0.0, 0.0, 0.0, 0.0, 0.0, 0.0, 1.0, 1.0, 1.0]",6.0,3.0,6.0,3,3,0.0,0.0,0.0,0.0,0.0,0.0,3.0,6.0,2.0,4.0,sink_equal,all,zero,True,2,2,2,3,2,9,4,1,4096,96,0,3,0,3,2,2,2,2,3,12080,44
"[2, 2, 1, 1, 1, 2, 1, 1, 1]","[0.5, 0.5, 1.0, 1.0, 1.0, 0.5, 1.0, 1.0, 1.0]",1.5,7.5,15.0,9,6,1.0,2.0,2.0,4.0,1.5,3.0,3.0,6.0,2.0,4.0,strict_schedule,all,zero,True,2,2,2,3,2,9,4,1,4096,96,0,0,24,0,1,2,2,2,3,12080,44
"[4, 4, 4, 4, 4, 4, 4, 4, 4]","[0.0, 0.0, 0.0, 0.0, 0.0, 0.0, 0.0, 0.0, 0.0]",9.0,0.0,0.0,0,0,0.0,0.0,0.0,0.0,0.0,0.0,0.0,0.0,0.0,0.0,branch_order,all,zero,True,2,2,2,3,2,9,4,1,4096,96,0,0,0,0,1,2,2,2,3,12081,45
"[4, 4, 4, 4, 4, 4, 1, 1, 1]","[0.0, 0.0, 0.0, 0.0, 0.0, 0.0, 1.0, 1.0, 1.0]",6.0,3.0,6.0,3,3,0.0,0.0,0.0,0.0,0.0,0.0,3.0,6.0,2.0,4.0,sink_equal,all,zero,True,2,2,2,3,2,9,4,1,4096,96,0,3,0,3,2,2,2,2,3,12081,45
"[2, 2, 1, 3, 1, 3, 1, 1, 1]","[0.5, 0.5, 1.0, 0.20751874963942185, 1.0, 0.20751874963942185, 1.0, 1.0, 1.0]",2.584962500721156,6.415037499278844,12.830074998557688,9,5,1.0,2.0,1.207518749639422,2.415037499278844,1.207518749639422,2.415037499278844,3.0,6.0,2.0,4.0,strict_schedule,all,zero,True,2,2,2,3,2,9,4,1,4096,96,0,0,21,0,1,2,2,2,3,12081,45
"[4, 4, 4, 4, 4, 4, 4, 4, 4]","[0.0, 0.0, 0.0, 0.0, 0.0, 0.0, 0.0, 0.0, 0.0]",9.0,0.0,0.0,0,0,0.0,0.0,0.0,0.0,0.0,0.0,0.0,0.0,0.0,0.0,branch_order,all,zero,True,2,2,2,3,2,9,4,1,4096,96,0,0,0,0,1,2,2,2,3,12082,46
"[4, 4, 4, 4, 4, 4, 1, 1, 1]","[0.0, 0.0, 0.0, 0.0, 0.0, 0.0, 1.0, 1.0, 1.0]",6.0,3.0,6.0,3,3,0.0,0.0,0.0,0.0,0.0,0.0,3.0,6.0,2.0,4.0,sink_equal,all,zero,True,2,2,2,3,2,9,4,1,4096,96,0,3,0,3,2,2,2,2,3,12082,46
"[3, 3, 1, 2, 1, 1, 1, 1, 1]","[0.20751874963942185, 0.20751874963942185, 1.0, 0.5, 1.0, 1.0, 1.0, 1.0, 1.0]",2.084962500721156,6.915037499278844,13.830074998557688,9,6,0.4150374992788437,0.8300749985576875,1.5,3.0,2.0,4.0,3.0,6.0,2.0,4.0,strict_schedule,all,zero,True,2,2,2,3,2,9,4,1,4096,96,0,0,21,1,2,2,2,2,3,12082,46
"[4, 4, 4, 4, 4, 4, 4, 4, 4]","[0.0, 0.0, 0.0, 0.0, 0.0, 0.0, 0.0, 0.0, 0.0]",9.0,0.0,0.0,0,0,0.0,0.0,0.0,0.0,0.0,0.0,0.0,0.0,0.0,0.0,branch_order,all,zero,True,2,2,2,3,2,9,4,1,4096,96,0,0,0,0,1,2,2,2,3,12083,47
"[4, 4, 4, 4, 4, 4, 1, 1, 1]","[0.0, 0.0, 0.0, 0.0, 0.0, 0.0, 1.0, 1.0, 1.0]",6.0,3.0,6.0,3,3,0.0,0.0,0.0,0.0,0.0,0.0,3.0,6.0,2.0,4.0,sink_equal,all,zero,True,2,2,2,3,2,9,4,1,4096,96,0,3,0,3,2,2,2,2,3,12083,47
"[3, 3, 1, 2, 1, 3, 1, 1, 1]","[0.20751874963942185, 0.20751874963942185, 1.0, 0.5, 1.0, 0.20751874963942185, 1.0, 1.0, 1.0]",2.8774437510817346,6.122556248918266,12.245112497836532,9,5,0.4150374992788437,0.8300749985576875,1.5,3.0,1.207518749639422,2.415037499278844,3.0,6.0,2.0,4.0,strict_schedule,all,zero,True,2,2,2,3,2,9,4,1,4096,96,0,0,20,0,1,2,2,2,3,12083,47
"[4, 4, 4, 4, 4, 4, 4, 4, 4]","[0.0, 0.0, 0.0, 0.0, 0.0, 0.0, 0.0, 0.0, 0.0]",9.0,0.0,0.0,0,0,0.0,0.0,0.0,0.0,0.0,0.0,0.0,0.0,0.0,0.0,branch_order,all,zero,True,2,2,2,3,2,9,4,1,4096,96,0,0,0,0,1,2,2,2,3,12084,48
"[4, 4, 4, 4, 4, 4, 1, 1, 1]","[0.0, 0.0, 0.0, 0.0, 0.0, 0.0, 1.0, 1.0, 1.0]",6.0,3.0,6.0,3,3,0.0,0.0,0.0,0.0,0.0,0.0,3.0,6.0,2.0,4.0,sink_equal,all,zero,True,2,2,2,3,2,9,4,1,4096,96,0,3,0,3,2,2,2,2,3,12084,48
"[2, 2, 2, 2, 1, 2, 1, 1, 1]","[0.5, 0.5, 0.5, 0.5, 1.0, 0.5, 1.0, 1.0, 1.0]",2.5,6.5,13.0,9,4,1.0,2.0,1.0,2.0,1.5,3.0,3.0,6.0,2.0,4.0,strict_schedule,all,zero,True,2,2,2,3,2,9,4,1,4096,96,0,0,21,1,2,2,2,2,3,12084,48
"[4, 4, 4, 4, 4, 4, 4, 4, 4]","[0.0, 0.0, 0.0, 0.0, 0.0, 0.0, 0.0, 0.0, 0.0]",9.0,0.0,0.0,0,0,0.0,0.0,0.0,0.0,0.0,0.0,0.0,0.0,0.0,0.0,branch_order,all,zero,True,2,2,2,3,2,9,4,1,4096,96,0,0,0,0,1,2,2,2,3,12085,49
"[4, 4, 4, 4, 4, 4, 1, 1, 1]","[0.0, 0.0, 0.0, 0.0, 0.0, 0.0, 1.0, 1.0, 1.0]",6.0,3.0,6.0,3,3,0.0,0.0,0.0,0.0,0.0,0.0,3.0,6.0,2.0,4.0,sink_equal,all,zero,True,2,2,2,3,2,9,4,1,4096,96,0,3,0,3,2,2,2,2,3,12085,49
"[1, 2, 1, 2, 1, 2, 1, 1, 1]","[1.0, 0.5, 1.0, 0.5, 1.0, 0.5, 1.0, 1.0, 1.0]",1.5,7.5,15.0,9,6,1.5,3.0,1.5,3.0,1.5,3.0,3.0,6.0,2.0,4.0,strict_schedule,all,zero,True,2,2,2,3,2,9,4,1,4096,96,0,0,24,0,1,2,2,2,3,12085,49
