kB,kM,kA,q,w,k_total,rule_ensemble,mutation_rate,initial_mode,n_initial_states,source_for_liveness,s1_shared_classes,s2_shared_classes,s1_residual_qcoords,s2_residual_qcoords,s1_edge_density,s2_edge_density,H_source_bits,H_s1_bits,H_s2_bits,transport_mi_bits,transport_mi_over_Hs1,transport_mi_over_Hs2,source_to_s1_mi_bits,source_to_s2_mi_bits,source_to_s1_mi_over_Hs1,source_to_s2_mi_over_Hs2,s1_to_s2_best_accuracy,s2_to_s1_best_accuracy,s1_s2_variation_of_information_norm,transport_selected,live_transport_selected,seed,instance
2,2,2,4,1,14,random,0.0,joint_random,4096,postB,1,1,0.0,0.0,0.6875,0.6875,0.813591602417356,-0.0,-0.0,0.0,0.0,0.0,0.0,0.0,0.0,0.0,1.0,1.0,0.0,False,False,3332724,0
2,2,2,4,1,14,random,0.0,joint_random,4096,postB,2,1,0.5,0.0,0.5,0.6875,1.493628017586737,0.9970915381957525,-0.0,0.0,0.0,0.0,0.028449266584313015,0.0,0.028532251548129935,0.0,1.0,0.53173828125,1.0,False,False,3332725,1
2,2,2,4,1,14,random,0.0,joint_random,4096,postB,1,1,0.0,0.0,0.75,0.6875,1.99970759080836,-0.0,-0.0,0.0,0.0,0.0,0.0,0.0,0.0,0.0,1.0,1.0,0.0,False,False,3332726,2
2,2,2,4,1,14,random,0.0,joint_random,4096,postB,1,1,0.0,0.0,0.625,0.75,1.4969314906612634,-0.0,-0.0,0.0,0.0,0.0,0.0,0.0,0.0,0.0,1.0,1.0,0.0,False,False,3332727,3
2,2,2,4,1,14,random,0.0,joint_random,4096,postB,1,1,0.0,0.0,0.75,0.6875,1.4975105171578198,-0.0,-0.0,0.0,0.0,0.0,0.0,0.0,0.0,0.0,1.0,1.0,0.0,False,False,3332728,4
2,2,2,4,1,14,random,0.0,joint_random,4096,postB,1,1,0.0,0.0,0.6875,0.6875,0.9999442769036946,-0.0,-0.0,0.0,0.0,0.0,0.0,0.0,0.0,0.0,1.0,1.0,0.0,False,False,3332729,5
2,2,2,4,1,14,random,0.0,joint_random,4096,postB,1,1,0.0,0.0,0.8125,0.75,1.9993164108825914,-0.0,-0.0,0.0,0.0,0.0,0.0,0.0,0.0,0.0,1.0,1.0,0.0,False,False,3332730,6
2,2,2,4,1,14,random,0.0,joint_random,4096,postB,1,1,0.0,0.0,0.5,0.625,-0.0,-0.0,-0.0,0.0,0.0,0.0,0.0,0.0,0.0,0.0,1.0,1.0,0.0,False,False,3332731,7
2,2,2,4,1,14,random,0.0,joint_random,4096,postB,1,1,0.0,0.0,0.5625,0.75,0.8062088623272913,-0.0,-0.0,0.0,0.0,0.0,0.0,0.0,0.0,0.0,1.0,1.0,0.0,False,False,3332732,8
2,2,2,4,1,14,random,0.0,joint_random,4096,postB,1,1,0.0,0.0,0.4375,0.6875,0.8193034825167733,-0.0,-0.0,0.0,0.0,0.0,0.0,0.0,0.0,0.0,1.0,1.0,0.0,False,False,3332733,9
2,2,2,4,1,14,random,0.0,joint_random,4096,postB,1,1,0.0,0.0,0.4375,0.75,0.9999938086157121,-0.0,-0.0,0.0,0.0,0.0,0.0,0.0,0.0,0.0,1.0,1.0,0.0,False,False,3332734,10
2,2,2,4,1,14,random,0.0,joint_random,4096,postB,1,1,0.0,0.0,0.625,0.625,0.8226816783731583,-0.0,-0.0,0.0,0.0,0.0,0.0,0.0,0.0,0.0,1.0,1.0,0.0,False,False,3332735,11
2,2,2,4,1,14,random,0.0,joint_random,4096,postB,1,1,0.0,0.0,0.5625,0.75,1.5040862740771974,-0.0,-0.0,0.0,0.0,0.0,0.0,0.0,0.0,0.0,1.0,1.0,0.0,False,False,3332736,12
2,2,2,4,1,14,random,0.0,joint_random,4096,postB,1,1,0.0,0.0,0.6875,0.6875,1.490451868853324,-0.0,-0.0,0.0,0.0,0.0,0.0,0.0,0.0,0.0,1.0,1.0,0.0,False,False,3332737,13
2,2,2,4,1,14,random,0.0,joint_random,4096,postB,1,1,0.0,0.0,0.6875,0.5625,1.4957956569660245,-0.0,-0.0,0.0,0.0,0.0,0.0,0.0,0.0,0.0,1.0,1.0,0.0,False,False,3332738,14
2,2,2,4,1,14,random,0.0,joint_random,4096,postB,1,1,0.0,0.0,0.875,0.6875,1.5099168017625724,-0.0,-0.0,0.0,0.0,0.0,0.0,0.0,0.0,0.0,1.0,1.0,0.0,False,False,3332739,15
2,2,2,4,1,14,random,0.0,joint_random,4096,postB,1,1,0.0,0.0,0.625,0.6875,1.5075601784129131,-0.0,-0.0,0.0,0.0,0.0,0.0,0.0,0.0,0.0,1.0,1.0,0.0,False,False,3332740,16
2,2,2,4,1,14,random,0.0,joint_random,4096,postB,1,1,0.0,0.0,0.75,0.625,0.8285974959212521,-0.0,-0.0,0.0,0.0,0.0,0.0,0.0,0.0,0.0,1.0,1.0,0.0,False,False,3332741,17
2,2,2,4,1,14,random,0.0,joint_random,4096,postB,1,1,0.0,0.0,0.625,0.75,1.491498998582929,-0.0,-0.0,0.0,0.0,0.0,0.0,0.0,0.0,0.0,1.0,1.0,0.0,False,False,3332742,18
2,2,2,4,1,14,random,0.0,joint_random,4096,postB,1,1,0.0,0.0,0.375,0.75,0.9999752343565644,-0.0,-0.0,0.0,0.0,0.0,0.0,0.0,0.0,0.0,1.0,1.0,0.0,False,False,3332743,19
2,2,2,4,1,14,random,0.02,joint_random,4096,postB,1,1,0.0,0.0,0.75,0.6875,0.8026536195349327,-0.0,-0.0,0.0,0.0,0.0,0.0,0.0,0.0,0.0,1.0,1.0,0.0,False,False,3336124,0
2,2,2,4,1,14,random,0.02,joint_random,4096,postB,1,1,0.0,0.0,0.5625,0.6875,0.9999662911378919,-0.0,-0.0,0.0,0.0,0.0,0.0,0.0,0.0,0.0,1.0,1.0,0.0,False,False,3336125,1
2,2,2,4,1,14,random,0.02,joint_random,4096,postB,1,1,0.0,0.0,0.5625,0.625,1.9991691483493583,-0.0,-0.0,0.0,0.0,0.0,0.0,0.0,0.0,0.0,1.0,1.0,0.0,False,False,3336126,2
2,2,2,4,1,14,random,0.02,joint_random,4096,postB,1,1,0.0,0.0,0.75,0.625,0.8151247802758806,-0.0,-0.0,0.0,0.0,0.0,0.0,0.0,0.0,0.0,1.0,1.0,0.0,False,False,3336127,3
2,2,2,4,1,14,random,0.02,joint_random,4096,postB,1,1,0.0,0.0,0.5,0.75,0.999986069360442,-0.0,-0.0,0.0,0.0,0.0,0.0,0.0,0.0,0.0,1.0,1.0,0.0,False,False,3336128,4
2,2,2,4,1,14,random,0.02,joint_random,4096,postB,1,1,0.0,0.0,0.8125,0.5625,0.9999998280173422,-0.0,-0.0,0.0,0.0,0.0,0.0,0.0,0.0,0.0,1.0,1.0,0.0,False,False,3336129,5
2,2,2,4,1,14,random,0.02,joint_random,4096,postB,1,1,0.0,0.0,0.5625,0.625,1.50518949863973,-0.0,-0.0,0.0,0.0,0.0,0.0,0.0,0.0,0.0,1.0,1.0,0.0,False,False,3336130,6
2,2,2,4,1,14,random,0.02,joint_random,4096,postB,1,1,0.0,0.0,0.6875,0.6875,1.9994580188433408,-0.0,-0.0,0.0,0.0,0.0,0.0,0.0,0.0,0.0,1.0,1.0,0.0,False,False,3336131,7
2,2,2,4,1,14,random,0.02,joint_random,4096,postB,1,1,0.0,0.0,0.625,0.75,1.5070826415287237,-0.0,-0.0,0.0,0.0,0.0,0.0,0.0,0.0,0.0,1.0,1.0,0.0,False,False,3336132,8
2,2,2,4,1,14,random,0.02,joint_random,4096,postB,1,1,0.0,0.0,0.6875,0.6875,1.4997282490300392,-0.0,-0.0,0.0,0.0,0.0,0.0,0.0,0.0,0.0,1.0,1.0,0.0,False,False,3336133,9
2,2,2,4,1,14,random,0.02,joint_random,4096,postB,1,1,0.0,0.0,0.75,0.6875,1.514387684792883,-0.0,-0.0,0.0,0.0,0.0,0.0,0.0,0.0,0.0,1.0,1.0,0.0,False,False,3336134,10
2,2,2,4,1,14,random,0.02,joint_random,4096,postB,1,1,0.0,0.0,0.5,0.5625,1.4994561638776767,-0.0,-0.0,0.0,0.0,0.0,0.0,0.0,0.0,0.0,1.0,1.0,0.0,False,False,3336135,11
2,2,2,4,1,14,random,0.02,joint_random,4096,postB,1,1,0.0,0.0,0.6875,0.6875,1.4936944943548975,-0.0,-0.0,0.0,0.0,0.0,0.0,0.0,0.0,0.0,1.0,1.0,0.0,False,False,3336136,12
2,2,2,4,1,14,random,0.02,joint_random,4096,postB,1,1,0.0,0.0,0.4375,0.6875,0.8105032993487109,-0.0,-0.0,0.0,0.0,0.0,0.0,0.0,0.0,0.0,1.0,1.0,0.0,False,False,3336137,13
2,2,2,4,1,14,random,0.02,joint_random,4096,postB,1,1,0.0,0.0,0.625,0.6875,0.8069938201811586,-0.0,-0.0,0.0,0.0,0.0,0.0,0.0,0.0,0.0,1.0,1.0,0.0,False,False,3336138,14
2,2,2,4,1,14,random,0.02,joint_random,4096,postB,3,1,0.7924812503605781,0.0,0.3125,0.625,0.9999938086157121,1.3220519764105507,-0.0,0.0,0.0,0.0,0.01856427142537287,0.0,0.014042013291925151,0.0,1.0,0.541015625,1.0,False,False,3336139,15
2,2,2,4,1,14,random,0.02,joint_random,4096,postB,1,1,0.0,0.0,0.8125,0.6875,1.4979239804785909,-0.0,-0.0,0.0,0.0,0.0,0.0,0.0,0.0,0.0,1.0,1.0,0.0,False,False,3336140,16
2,2,2,4,1,14,random,0.02,joint_random,4096,postB,1,1,0.0,0.0,0.625,0.625,1.4893412029716093,-0.0,-0.0,0.0,0.0,0.0,0.0,0.0,0.0,0.0,1.0,1.0,0.0,False,False,3336141,17
2,2,2,4,1,14,random,0.02,joint_random,4096,postB,1,1,0.0,0.0,0.6875,0.625,0.999250713846042,-0.0,-0.0,0.0,0.0,0.0,0.0,0.0,0.0,0.0,1.0,1.0,0.0,False,False,3336142,18
2,2,2,4,1,14,random,0.02,joint_random,4096,postB,1,1,0.0,0.0,0.9375,0.6875,1.4985165456591831,-0.0,-0.0,0.0,0.0,0.0,0.0,0.0,0.0,0.0,1.0,1.0,0.0,False,False,3336143,19
2,2,2,4,1,14,random,0.05,joint_random,4096,postB,1,1,0.0,0.0,0.625,0.75,1.5002397571156094,-0.0,-0.0,0.0,0.0,0.0,0.0,0.0,0.0,0.0,1.0,1.0,0.0,False,False,3341224,0
2,2,2,4,1,14,random,0.05,joint_random,4096,postB,1,1,0.0,0.0,0.625,0.6875,0.9994012455550829,-0.0,-0.0,0.0,0.0,0.0,0.0,0.0,0.0,0.0,1.0,1.0,0.0,False,False,3341225,1
2,2,2,4,1,14,random,0.05,joint_random,4095,postB,1,1,0.0,0.0,0.625,0.75,1.499282899153164,-0.0,-0.0,0.0,0.0,0.0,0.0,0.0,0.0,0.0,1.0,1.0,0.0,False,False,3341226,2
2,2,2,4,1,14,random,0.05,joint_random,4096,postB,1,1,0.0,0.0,0.5,0.6875,-0.0,-0.0,-0.0,0.0,0.0,0.0,0.0,0.0,0.0,0.0,1.0,1.0,0.0,False,False,3341227,3
2,2,2,4,1,14,random,0.05,joint_random,4096,postB,1,1,0.0,0.0,0.6875,0.75,1.998184050537873,-0.0,-0.0,0.0,0.0,0.0,0.0,0.0,0.0,0.0,1.0,1.0,0.0,False,False,3341228,4
2,2,2,4,1,14,random,0.05,joint_random,4096,postB,1,1,0.0,0.0,0.5,0.8125,1.4914091165326944,-0.0,-0.0,0.0,0.0,0.0,0.0,0.0,0.0,0.0,1.0,1.0,0.0,False,False,3341229,5
2,2,2,4,1,14,random,0.05,joint_random,4096,postB,1,1,0.0,0.0,0.6875,0.6875,1.9995918930706091,-0.0,-0.0,0.0,0.0,0.0,0.0,0.0,0.0,0.0,1.0,1.0,0.0,False,False,3341230,6
2,2,2,4,1,14,random,0.05,joint_random,4096,postB,1,1,0.0,0.0,0.5625,0.5625,1.4995032000433028,-0.0,-0.0,0.0,0.0,0.0,0.0,0.0,0.0,0.0,1.0,1.0,0.0,False,False,3341231,7
2,2,2,4,1,14,random,0.05,joint_random,4096,postB,1,1,0.0,0.0,0.625,0.4375,1.500255274707564,-0.0,-0.0,0.0,0.0,0.0,0.0,0.0,0.0,0.0,1.0,1.0,0.0,False,False,3341232,8
2,2,2,4,1,14,random,0.05,joint_random,4096,postB,1,1,0.0,0.0,0.75,0.5625,1.505499677865496,-0.0,-0.0,0.0,0.0,0.0,0.0,0.0,0.0,0.0,1.0,1.0,0.0,False,False,3341233,9
2,2,2,4,1,14,random,0.05,joint_random,4096,postB,1,1,0.0,0.0,0.5625,0.75,0.9998925081735295,-0.0,-0.0,0.0,0.0,0.0,0.0,0.0,0.0,0.0,1.0,1.0,0.0,False,False,3341234,10
2,2,2,4,1,14,random,0.05,joint_random,4096,postB,1,1,0.0,0.0,0.75,0.8125,1.9997475143550494,-0.0,-0.0,0.0,0.0,0.0,0.0,0.0,0.0,0.0,1.0,1.0,0.0,False,False,3341235,11
2,2,2,4,1,14,random,0.05,joint_random,4096,postB,1,1,0.0,0.0,0.625,0.6875,1.4978369487545455,-0.0,-0.0,0.0,0.0,0.0,0.0,0.0,0.0,0.0,1.0,1.0,0.0,False,False,3341236,12
2,2,2,4,1,14,random,0.05,joint_random,4096,postB,1,1,0.0,0.0,0.625,0.625,0.9999379133723971,-0.0,-0.0,0.0,0.0,0.0,0.0,0.0,0.0,0.0,1.0,1.0,0.0,False,False,3341237,13
2,2,2,4,1,14,random,0.05,joint_random,4096,postB,1,1,0.0,0.0,0.6875,0.8125,0.9999167587960085,-0.0,-0.0,0.0,0.0,0.0,0.0,0.0,0.0,0.0,1.0,1.0,0.0,False,False,3341238,14
2,2,2,4,1,14,random,0.05,joint_random,4095,postB,1,1,0.0,0.0,0.8125,0.6875,1.491617434923616,-0.0,-0.0,0.0,0.0,0.0,0.0,0.0,0.0,0.0,1.0,1.0,0.0,False,False,3341239,15
2,2,2,4,1,14,random,0.05,joint_random,4096,postB,1,1,0.0,0.0,0.6875,0.6875,1.4911491121036522,-0.0,-0.0,0.0,0.0,0.0,0.0,0.0,0.0,0.0,1.0,1.0,0.0,False,False,3341240,16
2,2,2,4,1,14,random,0.05,joint_random,4096,postB,1,1,0.0,0.0,0.6875,0.625,1.5129053307413525,-0.0,-0.0,0.0,0.0,0.0,0.0,0.0,0.0,0.0,1.0,1.0,0.0,False,False,3341241,17
2,2,2,4,1,14,random,0.05,joint_random,4096,postB,1,1,0.0,0.0,0.625,0.6875,0.9999889930823526,-0.0,-0.0,0.0,0.0,0.0,0.0,0.0,0.0,0.0,1.0,1.0,0.0,False,False,3341242,18
2,2,2,4,1,14,random,0.05,joint_random,4096,postB,1,1,0.0,0.0,0.5625,0.6875,0.8289634355781946,-0.0,-0.0,0.0,0.0,0.0,0.0,0.0,0.0,0.0,1.0,1.0,0.0,False,False,3341243,19
2,2,2,4,1,14,random,0.1,joint_random,4096,postB,1,1,0.0,0.0,0.6875,0.8125,1.4962360421238932,-0.0,-0.0,0.0,0.0,0.0,0.0,0.0,0.0,0.0,1.0,1.0,0.0,False,False,3349724,0
2,2,2,4,1,14,random,0.1,joint_random,4096,postB,1,1,0.0,0.0,0.625,0.625,1.4877144772255788,-0.0,-0.0,0.0,0.0,0.0,0.0,0.0,0.0,0.0,1.0,1.0,0.0,False,False,3349725,1
2,2,2,4,1,14,random,0.1,joint_random,4096,postB,1,1,0.0,0.0,0.4375,0.75,1.5052466743053206,-0.0,-0.0,0.0,0.0,0.0,0.0,0.0,0.0,0.0,1.0,1.0,0.0,False,False,3349726,2
2,2,2,4,1,14,random,0.1,joint_random,4096,postB,2,1,0.5,0.0,0.375,0.6875,0.7872242544821235,0.30094500302051175,-0.0,0.0,0.0,0.0,0.11900409099960596,0.0,0.3954346801082951,0.0,1.0,0.946533203125,1.0,False,False,3349727,3
2,2,2,4,1,14,random,0.1,joint_random,4096,postB,1,1,0.0,0.0,0.6875,0.5625,1.5058797152053924,-0.0,-0.0,0.0,0.0,0.0,0.0,0.0,0.0,0.0,1.0,1.0,0.0,False,False,3349728,4
2,2,2,4,1,14,random,0.1,joint_random,4095,postB,1,1,0.0,0.0,0.6875,0.625,1.5102970087483185,-0.0,-0.0,0.0,0.0,0.0,0.0,0.0,0.0,0.0,1.0,1.0,0.0,False,False,3349729,5
2,2,2,4,1,14,random,0.1,joint_random,4096,postB,2,1,0.5,0.0,0.5,0.75,1.9998950868683825,0.788053367223658,-0.0,0.0,0.0,0.0,0.02069657256917523,0.0,0.02626290734863559,0.0,1.0,0.76416015625,1.0,False,False,3349730,6
2,2,2,4,1,14,random,0.1,joint_random,4096,postB,1,1,0.0,0.0,0.8125,0.6875,1.4954494535599125,-0.0,-0.0,0.0,0.0,0.0,0.0,0.0,0.0,0.0,1.0,1.0,0.0,False,False,3349731,7
2,2,2,4,1,14,random,0.1,joint_random,4096,postB,1,1,0.0,0.0,0.6875,0.625,1.497508148169227,-0.0,-0.0,0.0,0.0,0.0,0.0,0.0,0.0,0.0,1.0,1.0,0.0,False,False,3349732,8
2,2,2,4,1,14,random,0.1,joint_random,4096,postB,1,1,0.0,0.0,0.6875,0.6875,1.4957894137242818,-0.0,-0.0,0.0,0.0,0.0,0.0,0.0,0.0,0.0,1.0,1.0,0.0,False,False,3349733,9
2,2,2,4,1,14,random,0.1,joint_random,4096,postB,1,1,0.0,0.0,0.75,0.5,0.8263924914287071,-0.0,-0.0,0.0,0.0,0.0,0.0,0.0,0.0,0.0,1.0,1.0,0.0,False,False,3349734,10
2,2,2,4,1,14,random,0.1,joint_random,4096,postB,3,1,0.7924812503605781,0.0,0.25,0.6875,-0.0,1.1174716175489743,-0.0,0.0,0.0,0.0,0.0,0.0,0.0,0.0,1.0,0.68798828125,1.0,False,False,3349735,11
2,2,2,4,1,14,random,0.1,joint_random,4096,postB,1,1,0.0,0.0,0.5,0.625,1.478501217557899,-0.0,-0.0,0.0,0.0,0.0,0.0,0.0,0.0,0.0,1.0,1.0,0.0,False,False,3349736,12
2,2,2,4,1,14,random,0.1,joint_random,4096,postB,1,1,0.0,0.0,0.5625,0.8125,1.4925206422494102,-0.0,-0.0,0.0,0.0,0.0,0.0,0.0,0.0,0.0,1.0,1.0,0.0,False,False,3349737,13
2,2,2,4,1,14,random,0.1,joint_random,4096,postB,1,1,0.0,0.0,0.625,0.6875,1.4965313519461454,-0.0,-0.0,0.0,0.0,0.0,0.0,0.0,0.0,0.0,1.0,1.0,0.0,False,False,3349738,14
2,2,2,4,1,14,random,0.1,joint_random,4096,postB,1,1,0.0,0.0,0.625,0.625,0.8204336100852311,-0.0,-0.0,0.0,0.0,0.0,0.0,0.0,0.0,0.0,1.0,1.0,0.0,False,False,3349739,15
2,2,2,4,1,14,random,0.1,joint_random,4096,postB,1,1,0.0,0.0,0.6875,0.8125,1.4906766049919415,-0.0,-0.0,0.0,0.0,0.0,0.0,0.0,0.0,0.0,1.0,1.0,0.0,False,False,3349740,16
2,2,2,4,1,14,random,0.1,joint_random,4096,postB,1,1,0.0,0.0,0.75,0.5,0.9998127027878123,-0.0,-0.0,0.0,0.0,0.0,0.0,0.0,0.0,0.0,1.0,1.0,0.0,False,False,3349741,17
2,2,2,4,1,14,random,0.1,joint_random,4096,postB,1,1,0.0,0.0,0.8125,0.625,1.488907603974421,-0.0,-0.0,0.0,0.0,0.0,0.0,0.0,0.0,0.0,1.0,1.0,0.0,False,False,3349742,18
2,2,2,4,1,14,random,0.1,joint_random,4096,postB,1,1,0.0,0.0,0.6875,0.8125,1.4955410702375984,-0.0,-0.0,0.0,0.0,0.0,0.0,0.0,0.0,0.0,1.0,1.0,0.0,False,False,3349743,19
2,2,2,4,1,14,copy,0.0,joint_random,4096,postB,4,4,1.0,1.0,0.25,0.25,1.9997918873824039,1.9997918873824039,1.9997918873824039,1.9997918873824039,1.0,1.0,1.9997918873824039,1.9997918873824039,1.0,1.0,1.0,1.0,0.0,True,True,2216770,0
2,2,2,4,1,14,copy,0.0,joint_random,4096,postB,4,4,1.0,1.0,0.25,0.25,1.9997804017198109,1.9997804017198109,1.9997804017198109,1.9997804017198109,1.0,1.0,1.9997804017198109,1.9997804017198109,1.0,1.0,1.0,1.0,0.0,True,True,2216771,1
2,2,2,4,1,14,copy,0.0,joint_random,4096,postB,4,4,1.0,1.0,0.25,0.25,1.9993194468711368,1.9993194468711368,1.9993194468711368,1.9993194468711368,1.0,1.0,1.9993194468711368,1.9993194468711368,1.0,1.0,1.0,1.0,0.0,True,True,2216772,2
2,2,2,4,1,14,copy,0.0,joint_random,4096,postB,4,4,1.0,1.0,0.25,0.25,1.9993265827445996,1.9993265827445996,1.9993265827445996,1.9993265827445996,1.0,1.0,1.9993265827445996,1.9993265827445996,1.0,1.0,1.0,1.0,0.0,True,True,2216773,3
2,2,2,4,1,14,copy,0.0,joint_random,4096,postB,4,4,1.0,1.0,0.25,0.25,1.9991015700957782,1.9991015700957782,1.9991015700957782,1.9991015700957782,1.0,1.0,1.9991015700957782,1.9991015700957782,1.0,1.0,1.0,1.0,0.0,True,True,2216774,4
2,2,2,4,1,14,copy,0.0,joint_random,4095,postB,4,4,1.0,1.0,0.25,0.25,1.9987432766576625,1.9987432766576625,1.9987432766576625,1.9987432766576625,1.0,1.0,1.9987432766576625,1.9987432766576625,1.0,1.0,1.0,1.0,0.0,True,True,2216775,5
2,2,2,4,1,14,copy,0.0,joint_random,4096,postB,4,4,1.0,1.0,0.25,0.25,1.9996560224513478,1.9996560224513478,1.9996560224513478,1.9996560224513478,1.0,1.0,1.9996560224513478,1.9996560224513478,1.0,1.0,1.0,1.0,0.0,True,True,2216776,6
2,2,2,4,1,14,copy,0.0,joint_random,4096,postB,4,4,1.0,1.0,0.25,0.25,1.999825471901552,1.999825471901552,1.999825471901552,1.999825471901552,1.0,1.0,1.999825471901552,1.999825471901552,1.0,1.0,1.0,1.0,0.0,True,True,2216777,7
2,2,2,4,1,14,copy,0.0,joint_random,4096,postB,4,4,1.0,1.0,0.25,0.25,1.9998008405738616,1.9998008405738616,1.9998008405738616,1.9998008405738616,1.0,1.0,1.9998008405738616,1.9998008405738616,1.0,1.0,1.0,1.0,0.0,True,True,2216778,8
2,2,2,4,1,14,copy,0.0,joint_random,4096,postB,4,4,1.0,1.0,0.25,0.25,1.9999516220182891,1.9999516220182891,1.9999516220182891,1.9999516220182891,1.0,1.0,1.9999516220182891,1.9999516220182891,1.0,1.0,1.0,1.0,0.0,True,True,2216779,9
2,2,2,4,1,14,copy,0.0,joint_random,4096,postB,4,4,1.0,1.0,0.25,0.25,1.9981563926556618,1.9981563926556618,1.9981563926556618,1.9981563926556618,1.0,1.0,1.9981563926556618,1.9981563926556618,1.0,1.0,1.0,1.0,0.0,True,True,2216780,10
2,2,2,4,1,14,copy,0.0,joint_random,4096,postB,4,4,1.0,1.0,0.25,0.25,1.999542944220757,1.999542944220757,1.999542944220757,1.999542944220757,1.0,1.0,1.999542944220757,1.999542944220757,1.0,1.0,1.0,1.0,0.0,True,True,2216781,11
2,2,2,4,1,14,copy,0.0,joint_random,4096,postB,4,4,1.0,1.0,0.25,0.25,1.9997568929753844,1.9997568929753844,1.9997568929753844,1.9997568929753844,1.0,1.0,1.9997568929753844,1.9997568929753844,1.0,1.0,1.0,1.0,0.0,True,True,2216782,12
2,2,2,4,1,14,copy,0.0,joint_random,4096,postB,4,4,1.0,1.0,0.25,0.25,1.9994640883738877,1.9994640883738877,1.9994640883738877,1.9994640883738877,1.0,1.0,1.9994640883738877,1.9994640883738877,1.0,1.0,1.0,1.0,0.0,True,True,2216783,13
2,2,2,4,1,14,copy,0.0,joint_random,4096,postB,4,4,1.0,1.0,0.25,0.25,1.998340937184914,1.998340937184914,1.998340937184914,1.998340937184914,1.0,1.0,1.998340937184914,1.998340937184914,1.0,1.0,1.0,1.0,0.0,True,True,2216784,14
2,2,2,4,1,14,copy,0.0,joint_random,4096,postB,4,4,1.0,1.0,0.25,0.25,1.9997283650357376,1.9997283650357376,1.9997283650357376,1.9997283650357376,1.0,1.0,1.9997283650357376,1.9997283650357376,1.0,1.0,1.0,1.0,0.0,True,True,2216785,15
2,2,2,4,1,14,copy,0.0,joint_random,4096,postB,4,4,1.0,1.0,0.25,0.25,1.999604585320212,1.999604585320212,1.999604585320212,1.999604585320212,1.0,1.0,1.999604585320212,1.999604585320212,1.0,1.0,1.0,1.0,0.0,True,True,2216786,16
2,2,2,4,1,14,copy,0.0,joint_random,4096,postB,4,4,1.0,1.0,0.25,0.25,1.9997541546631565,1.9997541546631565,1.9997541546631565,1.9997541546631565,1.0,1.0,1.9997541546631565,1.9997541546631565,1.0,1.0,1.0,1.0,0.0,True,True,2216787,17
2,2,2,4,1,14,copy,0.0,joint_random,4096,postB,4,4,1.0,1.0,0.25,0.25,1.9994100652759879,1.9994100652759879,1.9994100652759879,1.9994100652759879,1.0,1.0,1.9994100652759879,1.9994100652759879,1.0,1.0,1.0,1.0,0.0,True,True,2216788,18
2,2,2,4,1,14,copy,0.0,joint_random,4096,postB,4,4,1.0,1.0,0.25,0.25,1.9998820033977984,1.9998820033977984,1.9998820033977984,1.9998820033977984,1.0,1.0,1.9998820033977984,1.9998820033977984,1.0,1.0,1.0,1.0,0.0,True,True,2216789,19
2,2,2,4,1,14,copy,0.02,joint_random,4096,postB,3,3,0.7924812503605781,0.7924812503605781,0.3125,0.3125,1.9991162300475305,1.4825229903684205,1.4825229903684205,1.4825229903684205,1.0,1.0,1.4825229903684203,1.4825229903684203,0.9999999999999999,0.9999999999999999,1.0,1.0,0.0,True,True,2220170,0
2,2,2,4,1,14,copy,0.02,joint_random,4096,postB,2,1,0.5,0.0,0.25,0.3125,1.9999370470021185,0.9999379133723971,-0.0,0.0,0.0,0.0,0.9999379133723971,0.0,1.0,0.0,1.0,0.504638671875,1.0,False,False,2220171,1
2,2,2,4,1,14,copy,0.02,joint_random,4096,postB,2,2,0.5,0.5,0.375,0.375,1.9990716165811369,0.9991571208502711,0.9991571208502711,0.9991571208502711,1.0,1.0,0.9991571208502712,0.9991571208502712,1.0000000000000002,1.0000000000000002,1.0,1.0,0.0,True,True,2220172,2
2,2,2,4,1,14,copy,0.02,joint_random,4096,postB,3,3,0.7924812503605781,0.7924812503605781,0.3125,0.3125,1.999825122099741,1.5030011137433121,1.5030011137433121,1.5030011137433121,1.0,1.0,1.5030011137433124,1.5030011137433124,1.0000000000000002,1.0000000000000002,1.0,1.0,0.0,True,True,2220173,3
2,2,2,4,1,14,copy,0.02,joint_random,4096,postB,3,3,0.7924812503605781,0.7924812503605781,0.1875,0.25,1.4971649134101783,1.4971649134101783,1.4971649134101783,1.4971649134101783,1.0,1.0,1.4971649134101783,1.4971649134101783,1.0,1.0,1.0,1.0,0.0,True,True,2220174,4
2,2,2,4,1,14,copy,0.02,joint_random,4096,postB,2,1,0.5,0.0,0.375,0.6875,1.9995071412029355,0.9999442769036946,-0.0,0.0,0.0,0.0,0.9999442769036944,0.0,0.9999999999999998,0.0,1.0,0.50439453125,1.0,False,False,2220175,5
2,2,2,4,1,14,copy,0.02,joint_random,4096,postB,4,3,1.0,0.7924812503605781,0.25,0.3125,1.9997552346185379,1.9997552346185379,1.4953661588783023,1.4953661588783023,0.7477745941060382,1.0,1.9997552346185379,1.4953661588783023,1.0,1.0,1.0,0.748779296875,0.25222540589396186,True,True,2220176,6
2,2,2,4,1,14,copy,0.02,joint_random,4095,postB,3,2,0.7924812503605781,0.5,0.3125,0.375,1.9995590635803064,1.4906471070919405,0.9997707520525532,0.9997707520525532,0.6706957986877098,1.0,1.4906471070919403,0.999770752052553,0.9999999999999999,0.9999999999999998,1.0,0.7604395604395604,0.32930420131229016,True,True,2220177,7
2,2,2,4,1,14,copy,0.02,joint_random,4096,postB,3,3,0.7924812503605781,0.7924812503605781,0.1875,0.1875,1.5009243751969323,1.5009243751969323,1.5009243751969323,1.5009243751969323,1.0,1.0,1.5009243751969323,1.5009243751969323,1.0,1.0,1.0,1.0,0.0,True,True,2220178,8
2,2,2,4,1,14,copy,0.02,joint_random,4096,postB,2,2,0.5,0.5,0.375,0.375,1.9994532210435398,0.8271292788347093,0.8271292788347093,0.8271292788347093,1.0,1.0,0.8271292788347093,0.8271292788347093,1.0,1.0,1.0,1.0,0.0,True,True,2220179,9
2,2,2,4,1,14,copy,0.02,joint_random,4096,postB,4,3,1.0,0.7924812503605781,0.25,0.3125,1.9991288026724796,1.9991288026724796,1.5115807682343632,1.5115807682343634,0.7561197488694319,1.0000000000000002,1.9991288026724796,1.5115807682343634,1.0,1.0000000000000002,1.0,0.756591796875,0.2438802511305681,True,True,2220180,10
2,2,2,4,1,14,copy,0.02,joint_random,4096,postB,4,2,1.0,0.5,0.25,0.375,1.9998293858938487,1.9998293858938487,0.808948136092947,0.8089481360929469,0.40450857548099156,0.9999999999999999,1.9998293858938487,0.8089481360929469,1.0,0.9999999999999999,1.0,0.50244140625,0.5954914245190084,True,True,2220181,11
2,2,2,4,1,14,copy,0.02,joint_random,4096,postB,4,4,1.0,1.0,0.25,0.25,1.999656657611765,1.999656657611765,1.999656657611765,1.999656657611765,1.0,1.0,1.999656657611765,1.999656657611765,1.0,1.0,1.0,1.0,0.0,True,True,2220182,12
2,2,2,4,1,14,copy,0.02,joint_random,4096,postB,4,4,1.0,1.0,0.25,0.25,1.9998724038135278,1.9998724038135278,1.9998724038135278,1.9998724038135278,1.0,1.0,1.9998724038135278,1.9998724038135278,1.0,1.0,1.0,1.0,0.0,True,True,2220183,13
2,2,2,4,1,14,copy,0.02,joint_random,4096,postB,3,2,0.7924812503605781,0.5,0.3125,0.3125,1.999443835715684,1.4983302404017602,0.8006622116717081,0.8006622116717084,0.5343696536866398,1.0000000000000002,1.4983302404017604,0.8006622116717081,1.0000000000000002,1.0,1.0,0.744873046875,0.4656303463133602,True,True,2220184,14
2,2,2,4,1,14,copy,0.02,joint_random,4096,postB,3,2,0.7924812503605781,0.5,0.3125,0.375,1.9996153637070366,1.5039573162411604,0.8223081268603528,0.8223081268603527,0.546762941993292,0.9999999999999999,1.5039573162411604,0.8223081268603527,1.0,0.9999999999999999,1.0,0.7529296875,0.453237058006708,True,True,2220185,15
2,2,2,4,1,14,copy,0.02,joint_random,4096,postB,3,3,0.7924812503605781,0.7924812503605781,0.3125,0.3125,1.9997161888098216,1.4922516029937067,1.4922516029937067,1.4922516029937067,1.0,1.0,1.4922516029937067,1.4922516029937067,1.0,1.0,1.0,1.0,0.0,True,True,2220186,16
2,2,2,4,1,14,copy,0.02,joint_random,4095,postB,3,2,0.7924812503605781,0.5,0.3125,0.375,1.999797217839977,1.5068114560473047,0.9998602343439498,0.9998602343439495,0.6635602817666393,0.9999999999999998,1.506811456047305,0.9998602343439498,1.0000000000000002,1.0,1.0,0.7477411477411477,0.3364397182333607,True,True,2220187,17
2,2,2,4,1,14,copy,0.02,joint_random,4096,postB,2,2,0.5,0.5,0.375,0.375,1.9999611315656942,0.8085581949733717,0.8085581949733717,0.8085581949733717,1.0,1.0,0.8085581949733718,0.8085581949733718,1.0000000000000002,1.0000000000000002,1.0,1.0,0.0,True,True,2220188,18
2,2,2,4,1,14,copy,0.02,joint_random,4096,postB,3,3,0.7924812503605781,0.7924812503605781,0.3125,0.3125,1.9998802614531122,1.5009243751969321,1.5009243751969321,1.5009243751969321,1.0,1.0,1.5009243751969321,1.5009243751969321,1.0,1.0,1.0,1.0,0.0,True,True,2220189,19
2,2,2,4,1,14,copy,0.05,joint_random,4096,postB,1,1,0.0,0.0,0.5625,0.6875,1.9993834280591223,-0.0,-0.0,0.0,0.0,0.0,0.0,0.0,0.0,0.0,1.0,1.0,0.0,False,False,2225270,0
2,2,2,4,1,14,copy,0.05,joint_random,4096,postB,3,2,0.7924812503605781,0.5,0.3125,0.5,1.9991384559793393,1.493336539301235,0.8237996342603153,0.8237996342603155,0.5516503564868168,1.0000000000000002,1.4933365393012348,0.8237996342603153,0.9999999999999999,1.0,1.0,0.763916015625,0.44834964351318324,True,True,2225271,1
2,2,2,4,1,14,copy,0.05,joint_random,4096,postB,1,1,0.0,0.0,0.5625,0.9375,1.999737997015582,-0.0,-0.0,0.0,0.0,0.0,0.0,0.0,0.0,0.0,1.0,1.0,0.0,False,False,2225272,2
2,2,2,4,1,14,copy,0.05,joint_random,4096,postB,2,2,0.5,0.5,0.25,0.375,1.4876468378165197,0.9996037156868482,0.8120511150870384,0.32400799295736693,0.32413644314510615,0.39899950500362114,0.9996037156868482,0.8120511150870382,1.0,0.9999999999999998,0.76220703125,0.76220703125,1.1641001594912967,False,False,2225273,3
2,2,2,4,1,14,copy,0.05,joint_random,4096,postB,1,1,0.0,0.0,0.625,0.9375,1.9984817585404857,-0.0,-0.0,0.0,0.0,0.0,0.0,0.0,0.0,0.0,1.0,1.0,0.0,False,False,2225274,4
2,2,2,4,1,14,copy,0.05,joint_random,4096,postB,2,2,0.5,0.5,0.375,0.4375,1.9998427429446357,0.8093376167882613,0.8093376167882613,0.8093376167882613,1.0,1.0,0.8093376167882615,0.8093376167882615,1.0000000000000002,1.0000000000000002,1.0,1.0,0.0,True,True,2225275,5
2,2,2,4,1,14,copy,0.05,joint_random,4096,postB,1,1,0.0,0.0,0.4375,0.4375,1.5038045409531684,-0.0,-0.0,0.0,0.0,0.0,0.0,0.0,0.0,0.0,1.0,1.0,0.0,False,False,2225276,6
2,2,2,4,1,14,copy,0.05,joint_random,4096,postB,2,1,0.5,0.0,0.375,0.4375,1.999071224306857,0.999250713846042,-0.0,0.0,0.0,0.0,0.9992507138460422,0.0,1.0000000000000002,0.0,1.0,0.51611328125,1.0,False,False,2225277,7
2,2,2,4,1,14,copy,0.05,joint_random,4096,postB,4,2,1.0,0.5,0.25,0.375,1.9989423815382374,1.9989423815382374,0.8245426920880226,0.8245426920880226,0.4124894742856549,1.0,1.9989423815382374,0.8245426920880226,1.0,1.0,1.0,0.51904296875,0.5875105257143451,True,True,2225278,8
2,2,2,4,1,14,copy,0.05,joint_random,4096,postB,2,2,0.5,0.5,0.1875,0.1875,0.9998925081735295,0.9998925081735295,0.9998925081735295,0.9998925081735295,1.0,1.0,0.9998925081735295,0.9998925081735295,1.0,1.0,1.0,1.0,0.0,True,True,2225279,9
2,2,2,4,1,14,copy,0.05,joint_random,4096,postB,3,1,0.7924812503605781,0.0,0.3125,0.5625,1.9997175890963261,1.496829279738968,-0.0,0.0,0.0,0.0,1.4968292797389677,0.0,0.9999999999999999,0.0,1.0,0.5029296875,1.0,False,False,2225280,10
2,2,2,4,1,14,copy,0.05,joint_random,4096,postB,2,1,0.5,0.0,0.5,0.5625,1.99902613787488,0.9999709347368158,-0.0,0.0,0.0,0.0,0.9999709347368155,0.0,0.9999999999999998,0.0,1.0,0.503173828125,1.0,False,False,2225281,11
2,2,2,4,1,14,copy,0.05,joint_random,4095,postB,2,2,0.5,0.5,0.4375,0.5,1.9992664471943455,0.8205298299225177,0.8205298299225177,0.8205298299225177,1.0,1.0,0.8205298299225174,0.8205298299225174,0.9999999999999998,0.9999999999999998,1.0,1.0,0.0,True,True,2225282,12
2,2,2,4,1,14,copy,0.05,joint_random,4096,postB,1,1,0.0,0.0,0.375,0.75,1.5092496723915483,-0.0,-0.0,0.0,0.0,0.0,0.0,0.0,0.0,0.0,1.0,1.0,0.0,False,False,2225283,13
2,2,2,4,1,14,copy,0.05,joint_random,4096,postB,2,3,0.5,0.7924812503605781,0.3125,0.3125,1.9999335240521576,0.9999791899991881,1.4808038344403271,0.9999791899991879,0.9999999999999998,0.6752948410463375,0.9999791899991881,1.2759953730768476,1.0,0.8616910244287102,0.81005859375,1.0,0.3247051589536624,False,False,2225284,14
2,2,2,4,1,14,copy,0.05,joint_random,4096,postB,3,2,0.7924812503605781,0.5,0.3125,0.375,1.9986232619519206,1.5111133251863842,0.8010614258504225,0.8010614258504225,0.5301134021511046,1.0,1.5111133251863842,0.8010614258504225,1.0,1.0,1.0,0.731201171875,0.46988659784889547,True,True,2225285,15
2,2,2,4,1,14,copy,0.05,joint_random,4096,postB,2,1,0.5,0.0,0.375,0.625,1.9992341031736076,0.9999791899991881,-0.0,0.0,0.0,0.0,0.9999791899991879,0.0,0.9999999999999998,0.0,1.0,0.502685546875,1.0,False,False,2225286,16
2,2,2,4,1,14,copy,0.05,joint_random,4096,postB,2,1,0.5,0.0,0.4375,0.5625,1.9997939782029652,0.8026536195349327,-0.0,0.0,0.0,0.0,0.802653619534933,0.0,1.0000000000000002,0.0,1.0,0.75537109375,1.0,False,False,2225287,17
2,2,2,4,1,14,copy,0.05,joint_random,4096,postB,3,1,0.7924812503605781,0.0,0.3125,0.6875,1.9988483676960331,1.4878722856738846,-0.0,0.0,0.0,0.0,1.4878722856738846,0.0,1.0,0.0,1.0,0.51171875,1.0,False,False,2225288,18
2,2,2,4,1,14,copy,0.05,joint_random,4096,postB,1,1,0.0,0.0,0.5,0.625,1.9999354056424086,-0.0,-0.0,0.0,0.0,0.0,0.0,0.0,0.0,0.0,1.0,1.0,0.0,False,False,2225289,19
2,2,2,4,1,14,copy,0.1,joint_random,4096,postB,2,1,0.5,0.0,0.375,0.625,1.9997815046367058,0.7033878345346092,-0.0,0.0,0.0,0.0,0.5036410181434645,0.0,0.7160217925530294,0.0,1.0,0.80908203125,1.0,False,False,2233770,0
2,2,2,4,1,14,copy,0.1,joint_random,4096,postB,3,1,0.7924812503605781,0.0,0.3125,0.5625,1.9992868098451124,1.4890602052321393,-0.0,0.0,0.0,0.0,1.4890602052321391,0.0,0.9999999999999999,0.0,1.0,0.51025390625,1.0,False,False,2233771,1
2,2,2,4,1,14,copy,0.1,joint_random,4095,postB,1,1,0.0,0.0,0.5,0.625,1.5022220739421828,-0.0,-0.0,0.0,0.0,0.0,0.0,0.0,0.0,0.0,1.0,1.0,0.0,False,False,2233772,2
2,2,2,4,1,14,copy,0.1,joint_random,4096,postB,3,2,0.7924812503605781,0.5,0.375,0.5625,1.4912436017428699,1.1133330936273274,0.3344219461274386,0.3344219461274387,0.30037905820069133,1.0000000000000002,0.9136025042383189,0.13469135673843025,0.8206012283904448,0.4027587253113563,1.0,0.75390625,0.6996209417993087,True,True,2233773,3
2,2,2,4,1,14,copy,0.1,joint_random,4096,postB,1,1,0.0,0.0,0.5625,0.8125,1.9991285569663237,-0.0,-0.0,0.0,0.0,0.0,0.0,0.0,0.0,0.0,1.0,1.0,0.0,False,False,2233774,4
2,2,2,4,1,14,copy,0.1,joint_random,4096,postB,2,1,0.5,0.0,0.25,0.4375,1.4970155286848277,0.7938038675530565,-0.0,0.0,0.0,0.0,0.7938038675530565,0.0,1.0,0.0,1.0,0.7607421875,1.0,False,False,2233775,5
2,2,2,4,1,14,copy,0.1,joint_random,4096,postB,1,1,0.0,0.0,0.4375,0.5,1.9997778430253215,-0.0,-0.0,0.0,0.0,0.0,0.0,0.0,0.0,0.0,1.0,1.0,0.0,False,False,2233776,6
2,2,2,4,1,14,copy,0.1,joint_random,4096,postB,1,1,0.0,0.0,0.625,0.6875,1.9995358908952303,-0.0,-0.0,0.0,0.0,0.0,0.0,0.0,0.0,0.0,1.0,1.0,0.0,False,False,2233777,7
2,2,2,4,1,14,copy,0.1,joint_random,4096,postB,1,1,0.0,0.0,0.4375,0.8125,1.9987572428201112,-0.0,-0.0,0.0,0.0,0.0,0.0,0.0,0.0,0.0,1.0,1.0,0.0,False,False,2233778,8
2,2,2,4,1,14,copy,0.1,joint_random,4096,postB,2,1,0.5,0.0,0.4375,0.6875,1.4999779859967481,0.808167793126491,-0.0,0.0,0.0,0.0,0.8081677931264912,0.0,1.0000000000000002,0.0,1.0,0.751953125,1.0,False,False,2233779,9
2,2,2,4,1,14,copy,0.1,joint_random,4096,postB,2,1,0.5,0.0,0.4375,0.8125,1.9993910312154075,0.7917607949582754,-0.0,0.0,0.0,0.0,0.7917607949582754,0.0,1.0,0.0,1.0,0.761962890625,1.0,False,False,2233780,10
2,2,2,4,1,14,copy,0.1,joint_random,4096,postB,1,1,0.0,0.0,0.5625,0.625,1.9991950780175496,-0.0,-0.0,0.0,0.0,0.0,0.0,0.0,0.0,0.0,1.0,1.0,0.0,False,False,2233781,11
2,2,2,4,1,14,copy,0.1,joint_random,4096,postB,1,1,0.0,0.0,0.5,0.5625,1.9989706951669075,-0.0,-0.0,0.0,0.0,0.0,0.0,0.0,0.0,0.0,1.0,1.0,0.0,False,False,2233782,12
2,2,2,4,1,14,copy,0.1,joint_random,4096,postB,1,1,0.0,0.0,0.625,0.875,1.9996661818270456,-0.0,-0.0,0.0,0.0,0.0,0.0,0.0,0.0,0.0,1.0,1.0,0.0,False,False,2233783,13
2,2,2,4,1,14,copy,0.1,joint_random,4096,postB,1,1,0.0,0.0,0.375,0.4375,1.4942292869234637,-0.0,-0.0,0.0,0.0,0.0,0.0,0.0,0.0,0.0,1.0,1.0,0.0,False,False,2233784,14
2,2,2,4,1,14,copy,0.1,joint_random,4096,postB,2,1,0.5,0.0,0.3125,0.4375,1.5052077876970005,0.9511358534772916,-0.0,0.0,0.0,0.0,0.5474614414395711,0.0,0.575587009403638,0.0,1.0,0.62939453125,1.0,False,False,2233785,15
2,2,2,4,1,14,copy,0.1,joint_random,4096,postB,1,1,0.0,0.0,0.625,0.8125,1.9999305813417265,-0.0,-0.0,0.0,0.0,0.0,0.0,0.0,0.0,0.0,1.0,1.0,0.0,False,False,2233786,16
2,2,2,4,1,14,copy,0.1,joint_random,4096,postB,1,1,0.0,0.0,0.4375,0.875,1.9995898428599248,-0.0,-0.0,0.0,0.0,0.0,0.0,0.0,0.0,0.0,1.0,1.0,0.0,False,False,2233787,17
2,2,2,4,1,14,copy,0.1,joint_random,4096,postB,1,1,0.0,0.0,0.5,0.625,1.9989906726831423,-0.0,-0.0,0.0,0.0,0.0,0.0,0.0,0.0,0.0,1.0,1.0,0.0,False,False,2233788,18
2,2,2,4,1,14,copy,0.1,joint_random,4096,postB,1,1,0.0,0.0,0.625,0.8125,1.9997110972573084,-0.0,-0.0,0.0,0.0,0.0,0.0,0.0,0.0,0.0,1.0,1.0,0.0,False,False,2233789,19
2,2,2,4,1,14,permutive,0.0,joint_random,4096,postB,4,4,1.0,1.0,0.25,0.25,1.9996071069059353,1.9996071069059351,1.9996071069059353,1.9996071069059356,1.0000000000000002,1.0000000000000002,1.9996071069059353,1.9996071069059353,1.0000000000000002,1.0,1.0,1.0,0.0,True,True,6071150,0
2,2,2,4,1,14,permutive,0.0,joint_random,4096,postB,4,4,1.0,1.0,0.25,0.25,1.9998840321253133,1.9998840321253133,1.9998840321253135,1.9998840321253133,1.0,0.9999999999999999,1.9998840321253133,1.9998840321253133,1.0,0.9999999999999999,1.0,1.0,0.0,True,True,6071151,1
2,2,2,4,1,14,permutive,0.0,joint_random,4096,postB,4,4,1.0,1.0,0.25,0.25,1.999391135652945,1.999391135652945,1.999391135652945,1.999391135652945,1.0,1.0,1.999391135652945,1.999391135652945,1.0,1.0,1.0,1.0,0.0,True,True,6071152,2
2,2,2,4,1,14,permutive,0.0,joint_random,4096,postB,4,4,1.0,1.0,0.25,0.25,1.9999370470021185,1.9999370470021187,1.9999370470021187,1.9999370470021187,1.0,1.0,1.999937047002119,1.999937047002119,1.0000000000000002,1.0000000000000002,1.0,1.0,0.0,True,True,6071153,3
2,2,2,4,1,14,permutive,0.0,joint_random,4096,postB,4,4,1.0,1.0,0.25,0.25,1.9994721114942564,1.9994721114942564,1.9994721114942564,1.9994721114942564,1.0,1.0,1.9994721114942564,1.9994721114942564,1.0,1.0,1.0,1.0,0.0,True,True,6071154,4
2,2,2,4,1,14,permutive,0.0,joint_random,4096,postB,4,4,1.0,1.0,0.25,0.25,1.999842399107517,1.999842399107517,1.999842399107517,1.999842399107517,1.0,1.0,1.999842399107517,1.999842399107517,1.0,1.0,1.0,1.0,0.0,True,True,6071155,5
2,2,2,4,1,14,permutive,0.0,joint_random,4096,postB,4,4,1.0,1.0,0.25,0.25,1.9997740862615525,1.9997740862615525,1.9997740862615523,1.9997740862615525,1.0,1.0000000000000002,1.9997740862615525,1.9997740862615525,1.0,1.0000000000000002,1.0,1.0,0.0,True,True,6071156,6
2,2,2,4,1,14,permutive,0.0,joint_random,4095,postB,4,4,1.0,1.0,0.25,0.25,1.9988235290706273,1.9988235290706275,1.9988235290706273,1.9988235290706275,1.0,1.0000000000000002,1.9988235290706278,1.9988235290706273,1.0000000000000002,1.0,1.0,1.0,0.0,True,True,6071157,7
2,2,2,4,1,14,permutive,0.0,joint_random,4096,postB,4,4,1.0,1.0,0.25,0.25,1.999493720605429,1.999493720605429,1.999493720605429,1.999493720605429,1.0,1.0,1.999493720605429,1.999493720605429,1.0,1.0,1.0,1.0,0.0,True,True,6071158,8
2,2,2,4,1,14,permutive,0.0,joint_random,4096,postB,4,4,1.0,1.0,0.25,0.25,1.9996458216574264,1.9996458216574267,1.9996458216574264,1.9996458216574267,1.0,1.0000000000000002,1.9996458216574269,1.9996458216574264,1.0000000000000002,1.0,1.0,1.0,0.0,True,True,6071159,9
2,2,2,4,1,14,permutive,0.0,joint_random,4096,postB,4,4,1.0,1.0,0.25,0.25,1.99960574705803,1.99960574705803,1.99960574705803,1.99960574705803,1.0,1.0,1.99960574705803,1.99960574705803,1.0,1.0,1.0,1.0,0.0,True,True,6071160,10
2,2,2,4,1,14,permutive,0.0,joint_random,4096,postB,4,4,1.0,1.0,0.25,0.25,1.9993154381470357,1.9993154381470357,1.999315438147036,1.9993154381470357,1.0,0.9999999999999999,1.9993154381470357,1.9993154381470357,1.0,0.9999999999999999,1.0,1.0,0.0,True,True,6071161,11
2,2,2,4,1,14,permutive,0.0,joint_random,4096,postB,4,4,1.0,1.0,0.25,0.25,1.9989569126876048,1.9989569126876052,1.9989569126876048,1.9989569126876048,0.9999999999999998,1.0,1.9989569126876052,1.9989569126876048,1.0,1.0,1.0,1.0,2.221604713095006e-16,True,True,6071162,12
2,2,2,4,1,14,permutive,0.0,joint_random,4096,postB,4,4,1.0,1.0,0.25,0.25,1.9997182327495993,1.9997182327495993,1.9997182327495993,1.9997182327495993,1.0,1.0,1.9997182327495993,1.9997182327495993,1.0,1.0,1.0,1.0,0.0,True,True,6071163,13
2,2,2,4,1,14,permutive,0.0,joint_random,4096,postB,4,4,1.0,1.0,0.25,0.25,1.9996320645454397,1.9996320645454397,1.9996320645454397,1.9996320645454397,1.0,1.0,1.9996320645454397,1.9996320645454397,1.0,1.0,1.0,1.0,0.0,True,True,6071164,14
2,2,2,4,1,14,permutive,0.0,joint_random,4096,postB,4,4,1.0,1.0,0.25,0.25,1.9999545852978413,1.9999545852978413,1.999954585297841,1.9999545852978409,0.9999999999999998,0.9999999999999999,1.9999545852978413,1.9999545852978409,1.0,0.9999999999999999,1.0,1.0,2.220496470843247e-16,True,True,6071165,15
2,2,2,4,1,14,permutive,0.0,joint_random,4095,postB,4,4,1.0,1.0,0.25,0.25,1.9995278062845268,1.9995278062845268,1.9995278062845268,1.9995278062845268,1.0,1.0,1.9995278062845268,1.9995278062845268,1.0,1.0,1.0,1.0,0.0,True,True,6071166,16
2,2,2,4,1,14,permutive,0.0,joint_random,4096,postB,4,4,1.0,1.0,0.25,0.25,1.9992953300265326,1.9992953300265328,1.9992953300265326,1.9992953300265328,1.0,1.0000000000000002,1.999295330026533,1.9992953300265326,1.0000000000000002,1.0,1.0,1.0,0.0,True,True,6071167,17
2,2,2,4,1,14,permutive,0.0,joint_random,4096,postB,4,4,1.0,1.0,0.25,0.25,1.99792865857007,1.99792865857007,1.99792865857007,1.99792865857007,1.0,1.0,1.99792865857007,1.99792865857007,1.0,1.0,1.0,1.0,0.0,True,True,6071168,18
2,2,2,4,1,14,permutive,0.0,joint_random,4096,postB,4,4,1.0,1.0,0.25,0.25,1.999615416170281,1.9996154161702813,1.999615416170281,1.9996154161702813,1.0,1.0000000000000002,1.9996154161702815,1.999615416170281,1.0000000000000002,1.0,1.0,1.0,0.0,True,True,6071169,19
2,2,2,4,1,14,permutive,0.02,joint_random,4096,postB,4,3,1.0,0.7924812503605781,0.25,0.3125,1.9995379889819824,1.9995379889819824,1.510534955871579,1.5105349558715793,0.7554419891970306,1.0000000000000002,1.9995379889819824,1.5105349558715793,1.0,1.0000000000000002,1.0,0.7568359375,0.2445580108029693,True,True,6074550,0
2,2,2,4,1,14,permutive,0.02,joint_random,4096,postB,4,2,1.0,0.5,0.25,0.375,1.9995010150368178,1.999501015036818,0.9995700006503029,0.9995700006503028,0.4999097240427743,0.9999999999999999,1.9995010150368182,0.999570000650303,1.0000000000000002,1.0000000000000002,1.0,0.504150390625,0.5000902759572257,True,True,6074551,1
2,2,2,4,1,14,permutive,0.02,joint_random,4096,postB,4,3,1.0,0.7924812503605781,0.25,0.3125,1.9991618031661536,1.9991618031661536,1.5056798632652764,1.5056798632652764,0.753155577943051,1.0,1.9991618031661536,1.5056798632652764,1.0,1.0,1.0,0.761474609375,0.24684442205694898,True,True,6074552,2
2,2,2,4,1,14,permutive,0.02,joint_random,4096,postB,4,3,1.0,0.7924812503605781,0.25,0.3125,1.9993823829628115,1.9993823829628115,1.4889234223981291,1.4889234223981291,0.74469167833306,1.0,1.9993823829628115,1.4889234223981291,1.0,1.0,1.0,0.751708984375,0.2553083216669399,True,True,6074553,3
2,2,2,4,1,14,permutive,0.02,joint_random,4096,postB,3,3,0.7924812503605781,0.7924812503605781,0.3125,0.3125,1.9997728927582243,1.4330450095184433,1.4330450095184433,1.4330450095184433,1.0,1.0,1.2336088780162653,1.2336088780162653,0.860830518108293,0.860830518108293,1.0,1.0,0.0,True,True,6074554,4
2,2,2,4,1,14,permutive,0.02,joint_random,4096,postB,4,3,1.0,0.7924812503605781,0.25,0.3125,1.9994056380655296,1.9994056380655296,1.4865031511026607,1.486503151102661,0.7434725214343632,1.0000000000000002,1.9994056380655296,1.486503151102661,1.0,1.0000000000000002,1.0,0.74609375,0.25652747856563685,True,True,6074555,5
2,2,2,4,1,14,permutive,0.02,joint_random,4096,postB,4,3,1.0,0.7924812503605781,0.25,0.3125,1.9994206262358718,1.999420626235872,1.4953869948423364,1.4953869948423362,0.7479101571826663,0.9999999999999999,1.9994206262358718,1.4953869948423364,0.9999999999999999,1.0,1.0,0.75244140625,0.25208984281733365,True,True,6074556,6
2,2,2,4,1,14,permutive,0.02,joint_random,4096,postB,3,1,0.7924812503605781,0.0,0.25,0.375,1.4985275849609354,1.4985275849609354,-0.0,0.0,0.0,0.0,1.4985275849609354,0.0,1.0,0.0,1.0,0.50146484375,1.0,False,False,6074557,7
2,2,2,4,1,14,permutive,0.02,joint_random,4096,postB,2,2,0.5,0.5,0.375,0.375,1.999315623384281,0.813591602417356,0.813591602417356,0.813591602417356,1.0,1.0,0.813591602417356,0.813591602417356,1.0,1.0,1.0,1.0,0.0,True,True,6074558,8
2,2,2,4,1,14,permutive,0.02,joint_random,4096,postB,2,1,0.5,0.0,0.375,0.5,1.9994015813744987,0.999667015968799,-0.0,0.0,0.0,0.0,0.999667015968799,0.0,1.0,0.0,1.0,0.5107421875,1.0,False,False,6074559,9
2,2,2,4,1,14,permutive,0.02,joint_random,4096,postB,4,4,1.0,1.0,0.25,0.25,1.9992036579645225,1.9992036579645225,1.9992036579645225,1.9992036579645225,1.0,1.0,1.9992036579645225,1.9992036579645225,1.0,1.0,1.0,1.0,0.0,True,True,6074560,10
2,2,2,4,1,14,permutive,0.02,joint_random,4096,postB,4,3,1.0,0.7924812503605781,0.25,0.3125,1.999633461025188,1.999633461025188,1.4942394284986826,1.4942394284986826,0.7472566635950391,1.0,1.999633461025188,1.4942394284986826,1.0,1.0,1.0,0.75341796875,0.2527433364049609,True,True,6074561,11
2,2,2,4,1,14,permutive,0.02,joint_random,4096,postB,3,2,0.7924812503605781,0.5,0.3125,0.375,1.9998910439872681,1.499241142043925,0.9999984521555887,0.9999984521555889,0.6670030751639358,1.0000000000000002,1.499241142043925,0.9999984521555889,1.0,1.0000000000000002,1.0,0.75244140625,0.33299692483606425,True,True,6074562,12
2,2,2,4,1,14,permutive,0.02,joint_random,4096,postB,2,2,0.5,0.5,0.375,0.375,1.9999393083717496,0.8093376167882613,0.8093376167882613,0.8093376167882613,1.0,1.0,0.8093376167882613,0.8093376167882613,1.0,1.0,1.0,1.0,0.0,True,True,6074563,13
2,2,2,4,1,14,permutive,0.02,joint_random,4096,postB,2,2,0.5,0.5,0.375,0.375,1.9997269570572542,0.999764542941324,0.999764542941324,0.999764542941324,1.0,1.0,0.9997645429413242,0.9997645429413242,1.0000000000000002,1.0000000000000002,1.0,1.0,0.0,True,True,6074564,14
2,2,2,4,1,14,permutive,0.02,joint_random,4096,postB,2,2,0.5,0.5,0.375,0.375,1.9992811767315002,0.9999709347368158,0.9999709347368158,0.9999709347368158,1.0,1.0,0.9999709347368155,0.9999709347368155,0.9999999999999998,0.9999999999999998,1.0,1.0,0.0,True,True,6074565,15
2,2,2,4,1,14,permutive,0.02,joint_random,4096,postB,2,1,0.5,0.0,0.375,0.4375,1.9998391531842676,0.8128222736156479,-0.0,0.0,0.0,0.0,0.8128222736156481,0.0,1.0000000000000002,0.0,1.0,0.7490234375,1.0,False,False,6074566,16
2,2,2,4,1,14,permutive,0.02,joint_random,4096,postB,3,3,0.7924812503605781,0.7924812503605781,0.3125,0.3125,1.9997412858375652,1.4975461605918543,1.4975461605918543,1.4975461605918543,1.0,1.0,1.4975461605918545,1.4975461605918545,1.0000000000000002,1.0000000000000002,1.0,1.0,0.0,True,True,6074567,17
2,2,2,4,1,14,permutive,0.02,joint_random,4096,postB,3,3,0.7924812503605781,0.7924812503605781,0.3125,0.3125,1.998447427633184,1.4957147278540308,1.4957147278540308,1.4957147278540308,1.0,1.0,1.4957147278540308,1.4957147278540308,1.0,1.0,1.0,1.0,0.0,True,True,6074568,18
2,2,2,4,1,14,permutive,0.02,joint_random,4096,postB,4,2,1.0,0.5,0.25,0.375,1.9994731545976692,1.9994731545976694,0.813591602417356,0.8135916024173562,0.40690298869307184,1.0000000000000002,1.9994731545976696,0.813591602417356,1.0000000000000002,1.0,1.0,0.5087890625,0.5930970113069282,True,True,6074569,19
2,2,2,4,1,14,permutive,0.05,joint_random,4096,postB,1,1,0.0,0.0,0.4375,0.4375,1.9992894440457125,-0.0,-0.0,0.0,0.0,0.0,0.0,0.0,0.0,0.0,1.0,1.0,0.0,False,False,6079650,0
2,2,2,4,1,14,permutive,0.05,joint_random,4096,postB,3,2,0.7924812503605781,0.5,0.3125,0.4375,1.9994555764591169,1.496283884559338,0.7933961992494412,0.7933961992494412,0.5302444325149567,1.0,1.496283884559338,0.7933961992494412,1.0,1.0,1.0,0.7421875,0.4697555674850433,True,True,6079651,1
2,2,2,4,1,14,permutive,0.05,joint_random,4096,postB,3,2,0.7924812503605781,0.5,0.3125,0.375,1.9998017377221167,1.5061549681978401,0.8105032993487109,0.8105032993487109,0.5381274280949341,1.0,1.50615496819784,0.8105032993487111,0.9999999999999999,1.0000000000000002,1.0,0.7431640625,0.4618725719050659,True,True,6079652,2
2,2,2,4,1,14,permutive,0.05,joint_random,4096,postB,3,2,0.7924812503605781,0.5,0.375,0.375,1.999686337582786,1.4937868161964065,0.8054220542318837,0.805422054231884,0.5391813915473633,1.0000000000000002,1.4937868161964067,0.8054220542318837,1.0000000000000002,1.0,1.0,0.75244140625,0.46081860845263667,True,True,6079653,3
2,2,2,4,1,14,permutive,0.05,joint_random,4096,postB,3,2,0.7924812503605781,0.5,0.3125,0.5,1.999490817221585,1.5103229970093002,0.8256539152139866,0.8256539152139866,0.5466737359153795,1.0,1.5103229970093002,0.8256539152139866,1.0,1.0,1.0,0.74853515625,0.45332626408462057,True,True,6079654,4
2,2,2,4,1,14,permutive,0.05,joint_random,4096,postB,2,1,0.5,0.0,0.375,0.5625,1.9992664588096054,0.9994213730010078,-0.0,0.0,0.0,0.0,0.9994213730010078,0.0,1.0,0.0,1.0,0.51416015625,1.0,False,False,6079655,5
2,2,2,4,1,14,permutive,0.05,joint_random,4096,postB,1,1,0.0,0.0,0.5,0.9375,1.9992279665207413,-0.0,-0.0,0.0,0.0,0.0,0.0,0.0,0.0,0.0,1.0,1.0,0.0,False,False,6079656,6
2,2,2,4,1,14,permutive,0.05,joint_random,4096,postB,3,2,0.7924812503605781,0.5,0.3125,0.375,1.9995801496939776,1.5028267609740606,0.8018584546667038,0.8018584546667038,0.5335667925869096,1.0,1.5028267609740609,0.801858454666704,1.0000000000000002,1.0000000000000002,1.0,0.740966796875,0.4664332074130904,True,True,6079657,7
2,2,2,4,1,14,permutive,0.05,joint_random,4096,postB,2,1,0.5,0.0,0.4375,0.6875,1.999707092994415,0.8237996342603153,-0.0,0.0,0.0,0.0,0.8237996342603153,0.0,1.0,0.0,1.0,0.741943359375,1.0,False,False,6079658,8
2,2,2,4,1,14,permutive,0.05,joint_random,4096,postB,2,1,0.5,0.0,0.375,0.875,1.999329121627746,0.9998452100782274,-0.0,0.0,0.0,0.0,0.9998452100782274,0.0,1.0,0.0,1.0,0.50732421875,1.0,False,False,6079659,9
2,2,2,4,1,14,permutive,0.05,joint_random,4096,postB,1,1,0.0,0.0,0.4375,0.8125,1.9995482508687854,-0.0,-0.0,0.0,0.0,0.0,0.0,0.0,0.0,0.0,1.0,1.0,0.0,False,False,6079660,10
2,2,2,4,1,14,permutive,0.05,joint_random,4096,postB,2,1,0.5,0.0,0.4375,0.625,1.9998180270528843,0.8200573529196096,-0.0,0.0,0.0,0.0,0.8200573529196098,0.0,1.0000000000000002,0.0,1.0,0.744384765625,1.0,False,False,6079661,11
2,2,2,4,1,14,permutive,0.05,joint_random,4096,postB,2,1,0.5,0.0,0.4375,0.4375,1.9992165928540622,0.8223081268603528,-0.0,0.0,0.0,0.0,0.8223081268603527,0.0,0.9999999999999999,0.0,1.0,0.742919921875,1.0,False,False,6079662,12
2,2,2,4,1,14,permutive,0.05,joint_random,4096,postB,1,1,0.0,0.0,0.5,0.5,1.998680321774059,-0.0,-0.0,0.0,0.0,0.0,0.0,0.0,0.0,0.0,1.0,1.0,0.0,False,False,6079663,13
2,2,2,4,1,14,permutive,0.05,joint_random,4095,postB,4,3,1.0,0.7924812503605781,0.25,0.3125,1.9994192032505347,1.9994192032505345,1.5037149221528667,1.5037149221528667,0.7520758626846328,1.0,1.9994192032505347,1.503714922152867,1.0000000000000002,1.0000000000000002,1.0,0.7540903540903541,0.24792413731536728,True,True,6079664,14
2,2,2,4,1,14,permutive,0.05,joint_random,4096,postB,1,1,0.0,0.0,0.25,0.375,1.5138203323834745,-0.0,-0.0,0.0,0.0,0.0,0.0,0.0,0.0,0.0,1.0,1.0,0.0,False,False,6079665,15
2,2,2,4,1,14,permutive,0.05,joint_random,4096,postB,2,1,0.5,0.0,0.5,0.875,1.9996066214935457,0.82193412510735,-0.0,0.0,0.0,0.0,0.8219341251073498,0.0,0.9999999999999998,0.0,1.0,0.7431640625,1.0,False,False,6079666,16
2,2,2,4,1,14,permutive,0.05,joint_random,4096,postB,2,2,0.5,0.5,0.3125,0.375,1.4972866401907543,0.8108909413636122,0.8108909413636122,0.8108909413636122,1.0,1.0,0.8108909413636123,0.8108909413636123,1.0000000000000002,1.0000000000000002,1.0,1.0,0.0,True,True,6079667,17
2,2,2,4,1,14,permutive,0.05,joint_random,4096,postB,3,3,0.7924812503605781,0.7924812503605781,0.375,0.375,1.9985326896974995,1.5045761957960588,1.504576195796059,1.5045761957960593,1.0000000000000002,1.0000000000000002,1.504576195796059,1.504576195796059,1.0000000000000002,1.0,1.0,1.0,0.0,True,True,6079668,18
2,2,2,4,1,14,permutive,0.05,joint_random,4096,postB,1,1,0.0,0.0,0.5,0.5,1.9998092625359394,-0.0,-0.0,0.0,0.0,0.0,0.0,0.0,0.0,0.0,1.0,1.0,0.0,False,False,6079669,19
2,2,2,4,1,14,permutive,0.1,joint_random,4096,postB,1,1,0.0,0.0,0.625,0.8125,1.4932283601602832,-0.0,-0.0,0.0,0.0,0.0,0.0,0.0,0.0,0.0,1.0,1.0,0.0,False,False,6088150,0
2,2,2,4,1,14,permutive,0.1,joint_random,4096,postB,1,1,0.0,0.0,0.25,0.3125,0.9998452100782274,-0.0,-0.0,0.0,0.0,0.0,0.0,0.0,0.0,0.0,1.0,1.0,0.0,False,False,6088151,1
2,2,2,4,1,14,permutive,0.1,joint_random,4096,postB,1,1,0.0,0.0,0.5625,0.625,1.9997387465591625,-0.0,-0.0,0.0,0.0,0.0,0.0,0.0,0.0,0.0,1.0,1.0,0.0,False,False,6088152,2
2,2,2,4,1,14,permutive,0.1,joint_random,4096,postB,1,1,0.0,0.0,0.1875,0.375,0.8046333934285632,-0.0,-0.0,0.0,0.0,0.0,0.0,0.0,0.0,0.0,1.0,1.0,0.0,False,False,6088153,3
2,2,2,4,1,14,permutive,0.1,joint_random,4096,postB,2,1,0.5,0.0,0.4375,0.75,1.9991997275946325,0.7982571097749842,-0.0,0.0,0.0,0.0,0.7982571097749842,0.0,1.0,0.0,1.0,0.758056640625,1.0,False,False,6088154,4
2,2,2,4,1,14,permutive,0.1,joint_random,4096,postB,1,1,0.0,0.0,0.75,0.6875,1.9996329908533585,-0.0,-0.0,0.0,0.0,0.0,0.0,0.0,0.0,0.0,1.0,1.0,0.0,False,False,6088155,5
2,2,2,4,1,14,permutive,0.1,joint_random,4096,postB,1,1,0.0,0.0,0.5625,0.625,1.9998342007982148,-0.0,-0.0,0.0,0.0,0.0,0.0,0.0,0.0,0.0,1.0,1.0,0.0,False,False,6088156,6
2,2,2,4,1,14,permutive,0.1,joint_random,4096,postB,2,1,0.5,0.0,0.3125,0.375,1.999332413365893,0.9994411562055219,-0.0,0.0,0.0,0.0,0.9994411562055219,0.0,1.0,0.0,1.0,0.513916015625,1.0,False,False,6088157,7
2,2,2,4,1,14,permutive,0.1,joint_random,4096,postB,1,1,0.0,0.0,0.5,0.5,1.9996823605304634,-0.0,-0.0,0.0,0.0,0.0,0.0,0.0,0.0,0.0,1.0,1.0,0.0,False,False,6088158,8
2,2,2,4,1,14,permutive,0.1,joint_random,4096,postB,2,1,0.5,0.0,0.25,0.5625,1.4884041778804307,0.8030505037758515,-0.0,0.0,0.0,0.0,0.8030505037758517,0.0,1.0000000000000002,0.0,1.0,0.755126953125,1.0,False,False,6088159,9
2,2,2,4,1,14,permutive,0.1,joint_random,4096,postB,1,1,0.0,0.0,0.5,0.5625,1.9996301243704675,-0.0,-0.0,0.0,0.0,0.0,0.0,0.0,0.0,0.0,1.0,1.0,0.0,False,False,6088160,10
2,2,2,4,1,14,permutive,0.1,joint_random,4096,postB,2,1,0.5,0.0,0.3125,0.5,1.4952262430990282,0.8132071665845111,-0.0,0.0,0.0,0.0,0.8132071665845113,0.0,1.0000000000000002,0.0,1.0,0.748779296875,1.0,False,False,6088161,11
2,2,2,4,1,14,permutive,0.1,joint_random,4096,postB,1,1,0.0,0.0,0.6875,0.875,1.9991940726695479,-0.0,-0.0,0.0,0.0,0.0,0.0,0.0,0.0,0.0,1.0,1.0,0.0,False,False,6088162,12
2,2,2,4,1,14,permutive,0.1,joint_random,4095,postB,1,1,0.0,0.0,0.5625,0.75,1.9998178153851303,-0.0,-0.0,0.0,0.0,0.0,0.0,0.0,0.0,0.0,1.0,1.0,0.0,False,False,6088163,13
2,2,2,4,1,14,permutive,0.1,joint_random,4096,postB,2,1,0.5,0.0,0.4375,0.6875,1.9995644775535253,0.8263924914287071,-0.0,0.0,0.0,0.0,0.8263924914287071,0.0,1.0,0.0,1.0,0.740234375,1.0,False,False,6088164,14
2,2,2,4,1,14,permutive,0.1,joint_random,4096,postB,1,1,0.0,0.0,0.3125,0.6875,1.9984936974531993,-0.0,-0.0,0.0,0.0,0.0,0.0,0.0,0.0,0.0,1.0,1.0,0.0,False,False,6088165,15
2,2,2,4,1,14,permutive,0.1,joint_random,4096,postB,1,1,0.0,0.0,0.5625,0.625,1.9993913132487506,-0.0,-0.0,0.0,0.0,0.0,0.0,0.0,0.0,0.0,1.0,1.0,0.0,False,False,6088166,16
2,2,2,4,1,14,permutive,0.1,joint_random,4096,postB,2,1,0.5,0.0,0.375,0.4375,1.5005411804356237,0.8026536195349327,-0.0,0.0,0.0,0.0,0.8026536195349327,0.0,1.0,0.0,1.0,0.75537109375,1.0,False,False,6088167,17
2,2,2,4,1,14,permutive,0.1,joint_random,4095,postB,1,1,0.0,0.0,0.5,0.625,1.9995048374822442,-0.0,-0.0,0.0,0.0,0.0,0.0,0.0,0.0,0.0,1.0,1.0,0.0,False,False,6088168,18
2,2,2,4,1,14,permutive,0.1,joint_random,4096,postB,2,1,0.5,0.0,0.3125,0.625,1.9997470973488887,0.8147421700451138,-0.0,0.0,0.0,0.0,0.8147421700451138,0.0,1.0,0.0,1.0,0.747802734375,1.0,False,False,6088169,19
2,2,2,4,1,14,block,0.0,joint_random,4094,postB,2,2,0.5,0.5,0.125,0.125,1.9994183015449791,0.999666690525691,0.999666690525691,0.999666690525691,1.0,1.0,0.9996666905256908,0.9996666905256908,0.9999999999999998,0.9999999999999998,1.0,1.0,0.0,True,True,2657703,0
2,2,2,4,1,14,block,0.0,joint_random,4096,postB,2,2,0.5,0.5,0.125,0.125,1.9998263336940785,0.9999709347368158,0.9999709347368158,0.9999709347368158,1.0,1.0,0.999970934736816,0.999970934736816,1.0000000000000002,1.0000000000000002,1.0,1.0,0.0,True,True,2657704,1
2,2,2,4,1,14,block,0.0,joint_random,4096,postB,2,2,0.5,0.5,0.125,0.125,1.9998311497835015,0.9999998280173422,0.9999998280173422,0.9999998280173422,1.0,1.0,0.9999998280173421,0.9999998280173421,0.9999999999999999,0.9999999999999999,1.0,1.0,0.0,True,True,2657705,2
2,2,2,4,1,14,block,0.0,joint_random,4096,postB,2,2,0.5,0.5,0.125,0.125,1.9995441393332483,0.9999009357256291,0.9999009357256291,0.9999009357256291,1.0,1.0,0.9999009357256292,0.9999009357256292,1.0000000000000002,1.0000000000000002,1.0,1.0,0.0,True,True,2657706,3
2,2,2,4,1,14,block,0.0,joint_random,4096,postB,2,2,0.5,0.5,0.125,0.125,1.99941855126711,0.9996037156868482,0.9996037156868482,0.9996037156868482,1.0,1.0,0.9996037156868485,0.9996037156868485,1.0000000000000002,1.0000000000000002,1.0,1.0,0.0,True,True,2657707,4
2,2,2,4,1,14,block,0.0,joint_random,4096,postB,2,2,0.5,0.5,0.125,0.125,1.9998152437171273,0.9998238825988728,0.9998238825988728,0.9998238825988728,1.0,1.0,0.9998238825988728,0.9998238825988728,1.0,1.0,1.0,1.0,0.0,True,True,2657708,5
2,2,2,4,1,14,block,0.0,joint_random,4096,postB,2,2,0.5,0.5,0.125,0.125,1.9998124119361984,0.9999828016665733,0.9999828016665733,0.9999828016665733,1.0,1.0,0.9999828016665733,0.9999828016665733,1.0,1.0,1.0,1.0,0.0,True,True,2657709,6
2,2,2,4,1,14,block,0.0,joint_random,4096,postB,2,2,0.5,0.5,0.125,0.125,1.999699185648443,0.9999752343565644,0.9999752343565644,0.9999752343565644,1.0,1.0,0.9999752343565644,0.9999752343565644,1.0,1.0,1.0,1.0,0.0,True,True,2657710,7
2,2,2,4,1,14,block,0.0,joint_random,4096,postB,2,2,0.5,0.5,0.125,0.125,1.9998997213425687,0.9999167587960085,0.9999167587960085,0.9999167587960085,1.0,1.0,0.9999167587960083,0.9999167587960083,0.9999999999999998,0.9999999999999998,1.0,1.0,0.0,True,True,2657711,8
2,2,2,4,1,14,block,0.0,joint_random,4096,postB,2,2,0.5,0.5,0.125,0.125,1.9996814606008608,0.9999984521555887,0.9999984521555887,0.9999984521555887,1.0,1.0,0.9999984521555887,0.9999984521555887,1.0,1.0,1.0,1.0,0.0,True,True,2657712,9
2,2,2,4,1,14,block,0.0,joint_random,4096,postB,2,2,0.5,0.5,0.125,0.125,1.9993805364284758,0.999986069360442,0.999986069360442,0.999986069360442,1.0,1.0,0.9999860693604421,0.9999860693604421,1.0000000000000002,1.0000000000000002,1.0,1.0,0.0,True,True,2657713,10
2,2,2,4,1,14,block,0.0,joint_random,4096,postB,2,2,0.5,0.5,0.125,0.125,1.9993433913390382,0.9994012455550829,0.9994012455550829,0.9994012455550829,1.0,1.0,0.9994012455550827,0.9994012455550827,0.9999999999999998,0.9999999999999998,1.0,1.0,0.0,True,True,2657714,11
2,2,2,4,1,14,block,0.0,joint_random,4096,postB,2,2,0.5,0.5,0.125,0.125,1.9991416120484597,0.999250713846042,0.999250713846042,0.999250713846042,1.0,1.0,0.9992507138460418,0.9992507138460418,0.9999999999999998,0.9999999999999998,1.0,1.0,0.0,True,True,2657715,12
2,2,2,4,1,14,block,0.0,joint_random,4096,postB,2,2,0.5,0.5,0.125,0.125,1.9990319139744164,0.9999167587960085,0.9999167587960085,0.9999167587960085,1.0,1.0,0.9999167587960083,0.9999167587960083,0.9999999999999998,0.9999999999999998,1.0,1.0,0.0,True,True,2657716,13
2,2,2,4,1,14,block,0.0,joint_random,4096,postB,2,2,0.5,0.5,0.125,0.125,1.999883127618325,0.9999993120692872,0.9999993120692872,0.9999993120692872,1.0,1.0,0.9999993120692869,0.9999993120692869,0.9999999999999998,0.9999999999999998,1.0,1.0,0.0,True,True,2657717,14
2,2,2,4,1,14,block,0.0,joint_random,4096,postB,2,2,0.5,0.5,0.125,0.125,1.9988575726398294,0.999681980710428,0.999681980710428,0.999681980710428,1.0,1.0,0.9996819807104278,0.9996819807104278,0.9999999999999998,0.9999999999999998,1.0,1.0,0.0,True,True,2657718,15
2,2,2,4,1,14,block,0.0,joint_random,4096,postB,2,2,0.5,0.5,0.125,0.125,1.9992178718886993,0.9996966013350423,0.9996966013350423,0.9996966013350423,1.0,1.0,0.9996966013350423,0.9996966013350423,1.0,1.0,1.0,1.0,0.0,True,True,2657719,16
2,2,2,4,1,14,block,0.0,joint_random,4096,postB,2,2,0.5,0.5,0.125,0.125,1.9992818534228456,0.9999502964431044,0.9999502964431044,0.9999502964431044,1.0,1.0,0.9999502964431044,0.9999502964431044,1.0,1.0,1.0,1.0,0.0,True,True,2657720,17
2,2,2,4,1,14,block,0.0,joint_random,4096,postB,2,2,0.5,0.5,0.125,0.125,1.9996116358633138,0.9998651614008649,0.9998651614008649,0.9998651614008649,1.0,1.0,0.9998651614008649,0.9998651614008649,1.0,1.0,1.0,1.0,0.0,True,True,2657721,18
2,2,2,4,1,14,block,0.0,joint_random,4096,postB,2,2,0.5,0.5,0.125,0.125,1.9998576555117586,0.9999752343565644,0.9999752343565644,0.9999752343565644,1.0,1.0,0.9999752343565644,0.9999752343565644,1.0,1.0,1.0,1.0,0.0,True,True,2657722,19
2,2,2,4,1,14,block,0.02,joint_random,4096,postB,1,1,0.0,0.0,0.25,0.3125,1.999027296638201,-0.0,-0.0,0.0,0.0,0.0,0.0,0.0,0.0,0.0,1.0,1.0,0.0,False,False,2661103,0
2,2,2,4,1,14,block,0.02,joint_random,4096,postB,2,2,0.5,0.5,0.125,0.125,1.9999192015658522,0.9999993120692872,0.9515082024691666,0.5407503640345592,0.5407507360335986,0.5683086731478619,0.9999993120692872,0.540898241654765,1.0,0.5684640870684378,0.87158203125,0.87158203125,0.8700073849741358,False,False,2661104,1
2,2,2,4,1,14,block,0.02,joint_random,4096,postB,2,1,0.5,0.0,0.1875,0.3125,1.9999357967410984,0.9999915728336992,-0.0,0.0,0.0,0.0,0.9999915728336994,0.0,1.0000000000000002,0.0,1.0,0.501708984375,1.0,False,False,2661105,2
2,2,2,4,1,14,block,0.02,joint_random,4096,postB,2,2,0.5,0.5,0.1875,0.1875,1.9999132891784712,0.9999972482758367,0.9999972482758367,0.9999972482758367,1.0,1.0,0.9999972482758368,0.9999972482758368,1.0000000000000002,1.0000000000000002,1.0,1.0,0.0,True,True,2661106,3
2,2,2,4,1,14,block,0.02,joint_random,4096,postB,2,2,0.5,0.5,0.125,0.125,1.999634589293528,0.9999915728336992,0.9999915728336992,0.9999915728336992,1.0,1.0,0.9999915728336992,0.9999915728336992,1.0,1.0,1.0,1.0,0.0,True,True,2661107,4
2,2,2,4,1,14,block,0.02,joint_random,4096,postB,1,1,0.0,0.0,0.25,0.3125,1.9999357967410982,-0.0,-0.0,0.0,0.0,0.0,0.0,0.0,0.0,0.0,1.0,1.0,0.0,False,False,2661108,5
2,2,2,4,1,14,block,0.02,joint_random,4096,postB,2,1,0.5,0.0,0.125,0.25,1.9998965556185138,0.9999984521555887,-0.0,0.0,0.0,0.0,0.9999984521555889,0.0,1.0000000000000002,0.0,1.0,0.500732421875,1.0,False,False,2661109,6
2,2,2,4,1,14,block,0.02,joint_random,4096,postB,2,2,0.5,0.5,0.1875,0.1875,1.9993222816939518,0.9999613035575784,0.9999613035575784,0.9999613035575784,1.0,1.0,0.9999613035575783,0.9999613035575783,0.9999999999999999,0.9999999999999999,1.0,1.0,0.0,True,True,2661110,7
2,2,2,4,1,14,block,0.02,joint_random,4096,postB,2,2,0.5,0.5,0.25,0.25,1.9991750280510219,0.999764542941324,0.9982794894411453,0.8995916724677162,0.8998035375620569,0.9011420969605654,0.999764542941324,0.9158969214268136,1.0,0.917475447621937,0.984619140625,0.984619140625,0.1989075216270277,True,True,2661111,8
2,2,2,4,1,14,block,0.02,joint_random,4096,postB,2,2,0.5,0.5,0.125,0.1875,1.9996890260917244,0.9998746210154131,0.9998746210154131,0.9998746210154131,1.0,1.0,0.999874621015413,0.999874621015413,0.9999999999999999,0.9999999999999999,1.0,1.0,0.0,True,True,2661112,9
2,2,2,4,1,14,block,0.02,joint_random,4096,postB,1,1,0.0,0.0,0.25,0.25,1.9998781194506174,-0.0,-0.0,0.0,0.0,0.0,0.0,0.0,0.0,0.0,1.0,1.0,0.0,False,False,2661113,10
2,2,2,4,1,14,block,0.02,joint_random,4096,postB,1,1,0.0,0.0,0.3125,0.3125,1.9996718414699655,-0.0,-0.0,0.0,0.0,0.0,0.0,0.0,0.0,0.0,1.0,1.0,0.0,False,False,2661114,11
2,2,2,4,1,14,block,0.02,joint_random,4096,postB,1,1,0.0,0.0,0.25,0.375,1.999607850919923,-0.0,-0.0,0.0,0.0,0.0,0.0,0.0,0.0,0.0,1.0,1.0,0.0,False,False,2661115,12
2,2,2,4,1,14,block,0.02,joint_random,4096,postB,1,1,0.0,0.0,0.1875,0.1875,1.9988880522080343,-0.0,-0.0,0.0,0.0,0.0,0.0,0.0,0.0,0.0,1.0,1.0,0.0,False,False,2661116,13
2,2,2,4,1,14,block,0.02,joint_random,4096,postB,2,1,0.5,0.0,0.1875,0.25,1.9997036968883855,0.9999009357256291,-0.0,0.0,0.0,0.0,0.9999009357256292,0.0,1.0000000000000002,0.0,1.0,0.505859375,1.0,False,False,2661117,14
2,2,2,4,1,14,block,0.02,joint_random,4096,postB,2,1,0.5,0.0,0.125,0.25,1.999916311089816,0.9999889930823526,-0.0,0.0,0.0,0.0,0.9999889930823525,0.0,0.9999999999999999,0.0,1.0,0.501953125,1.0,False,False,2661118,15
2,2,2,4,1,14,block,0.02,joint_random,4096,postB,2,2,0.5,0.5,0.125,0.125,1.9996531798665722,0.9999662911378919,0.9999662911378919,0.9999662911378919,1.0,1.0,0.9999662911378917,0.9999662911378917,0.9999999999999998,0.9999999999999998,1.0,1.0,0.0,True,True,2661119,16
2,2,2,4,1,14,block,0.02,joint_random,4096,postB,2,2,0.5,0.5,0.125,0.125,1.9996237654699391,0.999751642800421,0.999751642800421,0.999751642800421,1.0,1.0,0.9997516428004212,0.9997516428004212,1.0000000000000002,1.0000000000000002,1.0,1.0,0.0,True,True,2661120,17
2,2,2,4,1,14,block,0.02,joint_random,4096,postB,2,2,0.5,0.5,0.3125,0.3125,1.9998999570983182,0.9999090192651703,0.9999090192651703,0.9999090192651703,1.0,1.0,0.9999090192651703,0.9999090192651703,1.0,1.0,1.0,1.0,0.0,True,True,2661121,18
2,2,2,4,1,14,block,0.02,joint_random,4096,postB,2,2,0.5,0.5,0.125,0.125,1.9991170598499735,0.9999379133723971,0.9999379133723971,0.9999379133723971,1.0,1.0,0.9999379133723969,0.9999379133723969,0.9999999999999998,0.9999999999999998,1.0,1.0,0.0,True,True,2661122,19
2,2,2,4,1,14,block,0.05,joint_random,4096,postB,1,1,0.0,0.0,0.375,0.4375,1.999547692092896,-0.0,-0.0,0.0,0.0,0.0,0.0,0.0,0.0,0.0,1.0,1.0,0.0,False,False,2666203,0
2,2,2,4,1,14,block,0.05,joint_random,4096,postB,2,3,0.5,0.7924812503605781,0.1875,0.1875,1.999863063269019,0.9999957004294572,1.4187835057959144,0.9999957004294573,1.0000000000000002,0.7048261389735258,0.9999957004294571,0.9999981097981934,0.9999999999999999,0.7048278371668909,0.865966796875,1.0,0.2951738610264742,False,False,2666204,1
2,2,2,4,1,14,block,0.05,joint_random,4096,postB,2,1,0.5,0.0,0.25,0.4375,1.9996880479651626,0.33154047088994965,-0.0,0.0,0.0,0.0,0.1328686609613099,0.0,0.4007615136838418,0.0,1.0,0.93896484375,1.0,False,False,2666205,2
2,2,2,4,1,14,block,0.05,joint_random,4096,postB,2,2,0.5,0.5,0.1875,0.3125,1.5124320750693463,0.9995168467959137,0.9995168467959137,0.9995168467959137,1.0,1.0,0.9995168467959137,0.9995168467959137,1.0,1.0,1.0,1.0,0.0,True,True,2666206,3
2,2,2,4,1,14,block,0.05,joint_random,4096,postB,1,1,0.0,0.0,0.1875,0.4375,1.9985729300747912,-0.0,-0.0,0.0,0.0,0.0,0.0,0.0,0.0,0.0,1.0,1.0,0.0,False,False,2666207,4
2,2,2,4,1,14,block,0.05,joint_random,4096,postB,1,1,0.0,0.0,0.25,0.5,1.9988863839426525,-0.0,-0.0,0.0,0.0,0.0,0.0,0.0,0.0,0.0,1.0,1.0,0.0,False,False,2666208,5
2,2,2,4,1,14,block,0.05,joint_random,4095,postB,2,1,0.5,0.0,0.125,0.1875,1.9997341675246627,0.9999473039445343,-0.0,0.0,0.0,0.0,0.9999473039445341,0.0,0.9999999999999998,0.0,1.0,0.5042735042735043,1.0,False,False,2666209,6
2,2,2,4,1,14,block,0.05,joint_random,4096,postB,1,1,0.0,0.0,0.25,0.3125,1.998658027224125,-0.0,-0.0,0.0,0.0,0.0,0.0,0.0,0.0,0.0,1.0,1.0,0.0,False,False,2666210,7
2,2,2,4,1,14,block,0.05,joint_random,4096,postB,1,1,0.0,0.0,0.1875,0.25,1.9999625776759493,-0.0,-0.0,0.0,0.0,0.0,0.0,0.0,0.0,0.0,1.0,1.0,0.0,False,False,2666211,8
2,2,2,4,1,14,block,0.05,joint_random,4096,postB,3,3,0.7924812503605781,0.7924812503605781,0.1875,0.1875,1.9995840719300988,1.2758180433904442,1.2758180433904442,1.2758180433904442,1.0,1.0,1.0680424982130217,1.0680424982130217,0.8371432774024218,0.8371432774024218,1.0,1.0,0.0,True,True,2666212,9
2,2,2,4,1,14,block,0.05,joint_random,4096,postB,2,1,0.5,0.0,0.125,0.5,1.9990469734770633,0.999751642800421,-0.0,0.0,0.0,0.0,0.9997516428004207,0.0,0.9999999999999998,0.0,1.0,0.50927734375,1.0,False,False,2666213,10
2,2,2,4,1,14,block,0.05,joint_random,4096,postB,2,2,0.5,0.5,0.125,0.125,1.999987277259586,0.9999889930823526,0.9999889930823526,0.9999889930823526,1.0,1.0,0.9999889930823525,0.9999889930823525,0.9999999999999999,0.9999999999999999,1.0,1.0,0.0,True,True,2666214,11
2,2,2,4,1,14,block,0.05,joint_random,4096,postB,1,1,0.0,0.0,0.25,0.25,1.9997460754318377,-0.0,-0.0,0.0,0.0,0.0,0.0,0.0,0.0,0.0,1.0,1.0,0.0,False,False,2666215,12
2,2,2,4,1,14,block,0.05,joint_random,4096,postB,1,1,0.0,0.0,0.4375,0.6875,1.9981977692367712,-0.0,-0.0,0.0,0.0,0.0,0.0,0.0,0.0,0.0,1.0,1.0,0.0,False,False,2666216,13
2,2,2,4,1,14,block,0.05,joint_random,4096,postB,1,1,0.0,0.0,0.3125,0.375,1.9994493689252493,-0.0,-0.0,0.0,0.0,0.0,0.0,0.0,0.0,0.0,1.0,1.0,0.0,False,False,2666217,14
2,2,2,4,1,14,block,0.05,joint_random,4096,postB,1,1,0.0,0.0,0.25,0.5,1.5037854270359678,-0.0,-0.0,0.0,0.0,0.0,0.0,0.0,0.0,0.0,1.0,1.0,0.0,False,False,2666218,15
2,2,2,4,1,14,block,0.05,joint_random,4096,postB,1,1,0.0,0.0,0.25,0.3125,1.9992819657022505,-0.0,-0.0,0.0,0.0,0.0,0.0,0.0,0.0,0.0,1.0,1.0,0.0,False,False,2666219,16
2,2,2,4,1,14,block,0.05,joint_random,4096,postB,1,1,0.0,0.0,0.4375,0.5,1.9995784743502791,-0.0,-0.0,0.0,0.0,0.0,0.0,0.0,0.0,0.0,1.0,1.0,0.0,False,False,2666220,17
2,2,2,4,1,14,block,0.05,joint_random,4096,postB,1,1,0.0,0.0,0.1875,0.3125,1.999943957500237,-0.0,-0.0,0.0,0.0,0.0,0.0,0.0,0.0,0.0,1.0,1.0,0.0,False,False,2666221,18
2,2,2,4,1,14,block,0.05,joint_random,4096,postB,1,1,0.0,0.0,0.25,0.4375,1.9994702971212328,-0.0,-0.0,0.0,0.0,0.0,0.0,0.0,0.0,0.0,1.0,1.0,0.0,False,False,2666222,19
2,2,2,4,1,14,block,0.1,joint_random,4096,postB,1,1,0.0,0.0,0.25,0.25,1.503853689487514,-0.0,-0.0,0.0,0.0,0.0,0.0,0.0,0.0,0.0,1.0,1.0,0.0,False,False,2674703,0
2,2,2,4,1,14,block,0.1,joint_random,4096,postB,1,1,0.0,0.0,0.3125,0.375,1.9995455552109829,-0.0,-0.0,0.0,0.0,0.0,0.0,0.0,0.0,0.0,1.0,1.0,0.0,False,False,2674704,1
2,2,2,4,1,14,block,0.1,joint_random,4096,postB,1,1,0.0,0.0,0.3125,0.6875,1.9999188939028283,-0.0,-0.0,0.0,0.0,0.0,0.0,0.0,0.0,0.0,1.0,1.0,0.0,False,False,2674705,2
2,2,2,4,1,14,block,0.1,joint_random,4096,postB,2,1,0.5,0.0,0.3125,0.625,1.9997037720229738,0.670760475968549,-0.0,0.0,0.0,0.0,0.2228633497088901,0.0,0.3322547432257172,0.0,1.0,0.82421875,1.0,False,False,2674706,3
2,2,2,4,1,14,block,0.1,joint_random,4096,postB,2,1,0.5,0.0,0.125,0.1875,1.4992280518070253,0.8066015723807112,-0.0,0.0,0.0,0.0,0.806601572380711,0.0,0.9999999999999998,0.0,1.0,0.7529296875,1.0,False,False,2674707,4
2,2,2,4,1,14,block,0.1,joint_random,4096,postB,1,1,0.0,0.0,0.375,0.375,1.5005246912386423,-0.0,-0.0,0.0,0.0,0.0,0.0,0.0,0.0,0.0,1.0,1.0,0.0,False,False,2674708,5
2,2,2,4,1,14,block,0.1,joint_random,4096,postB,1,1,0.0,0.0,0.3125,0.375,1.4920057917831049,-0.0,-0.0,0.0,0.0,0.0,0.0,0.0,0.0,0.0,1.0,1.0,0.0,False,False,2674709,6
2,2,2,4,1,14,block,0.1,joint_random,4096,postB,2,1,0.5,0.0,0.5,0.625,1.9996555490405745,0.9999938086157121,-0.0,0.0,0.0,0.0,0.9999938086157121,0.0,1.0,0.0,1.0,0.50146484375,1.0,False,False,2674710,7
2,2,2,4,1,14,block,0.1,joint_random,4096,postB,1,1,0.0,0.0,0.3125,0.375,1.502422838739933,-0.0,-0.0,0.0,0.0,0.0,0.0,0.0,0.0,0.0,1.0,1.0,0.0,False,False,2674711,8
2,2,2,4,1,14,block,0.1,joint_random,4096,postB,1,1,0.0,0.0,0.5625,0.75,1.4961930723451937,-0.0,-0.0,0.0,0.0,0.0,0.0,0.0,0.0,0.0,1.0,1.0,0.0,False,False,2674712,9
2,2,2,4,1,14,block,0.1,joint_random,4096,postB,1,1,0.0,0.0,0.5625,0.625,1.9994483844075486,-0.0,-0.0,0.0,0.0,0.0,0.0,0.0,0.0,0.0,1.0,1.0,0.0,False,False,2674713,10
2,2,2,4,1,14,block,0.1,joint_random,4096,postB,1,1,0.0,0.0,0.1875,0.5,1.9997020186767434,-0.0,-0.0,0.0,0.0,0.0,0.0,0.0,0.0,0.0,1.0,1.0,0.0,False,False,2674714,11
2,2,2,4,1,14,block,0.1,joint_random,4096,postB,1,1,0.0,0.0,0.25,0.3125,1.5022872817168467,-0.0,-0.0,0.0,0.0,0.0,0.0,0.0,0.0,0.0,1.0,1.0,0.0,False,False,2674715,12
2,2,2,4,1,14,block,0.1,joint_random,4096,postB,2,1,0.5,0.0,0.3125,0.6875,1.999824698231144,0.9998925081735295,-0.0,0.0,0.0,0.0,0.9998925081735293,0.0,0.9999999999999998,0.0,1.0,0.506103515625,1.0,False,False,2674716,13
2,2,2,4,1,14,block,0.1,joint_random,4096,postB,1,1,0.0,0.0,0.5,0.625,1.9997364913726607,-0.0,-0.0,0.0,0.0,0.0,0.0,0.0,0.0,0.0,1.0,1.0,0.0,False,False,2674717,14
2,2,2,4,1,14,block,0.1,joint_random,4096,postB,1,1,0.0,0.0,0.25,0.375,1.491423836988075,-0.0,-0.0,0.0,0.0,0.0,0.0,0.0,0.0,0.0,1.0,1.0,0.0,False,False,2674718,15
2,2,2,4,1,14,block,0.1,joint_random,4096,postB,2,1,0.5,0.0,0.1875,0.3125,1.9987758828604596,0.9999938086157121,-0.0,0.0,0.0,0.0,0.9999938086157121,0.0,1.0,0.0,1.0,0.50146484375,1.0,False,False,2674719,16
2,2,2,4,1,14,block,0.1,joint_random,4096,postB,2,1,0.5,0.0,0.25,0.375,1.999601305430087,0.9999379133723971,-0.0,0.0,0.0,0.0,0.9999379133723971,0.0,1.0,0.0,1.0,0.504638671875,1.0,False,False,2674720,17
2,2,2,4,1,14,block,0.1,joint_random,4096,postB,1,1,0.0,0.0,0.5,0.6875,1.9994204210989508,-0.0,-0.0,0.0,0.0,0.0,0.0,0.0,0.0,0.0,1.0,1.0,0.0,False,False,2674721,18
2,2,2,4,1,14,block,0.1,joint_random,4096,postB,1,1,0.0,0.0,0.5625,0.875,1.4988052652741133,-0.0,-0.0,0.0,0.0,0.0,0.0,0.0,0.0,0.0,1.0,1.0,0.0,False,False,2674722,19
2,2,2,4,1,14,canalizing,0.0,joint_random,4096,postB,2,2,0.5,0.5,0.125,0.125,1.9992128250321977,0.8022562699366784,0.8022562699366784,0.8022562699366784,1.0,1.0,0.8022562699366786,0.8022562699366786,1.0000000000000002,1.0000000000000002,1.0,1.0,0.0,True,True,7013556,0
2,2,2,4,1,14,canalizing,0.0,joint_random,4096,postB,2,2,0.5,0.5,0.125,0.125,1.9996012591472256,0.8151247802758806,0.8151247802758806,0.8151247802758806,1.0,1.0,0.8151247802758808,0.8151247802758808,1.0000000000000002,1.0000000000000002,1.0,1.0,0.0,True,True,7013557,1
2,2,2,4,1,14,canalizing,0.0,joint_random,4096,postB,2,2,0.5,0.5,0.125,0.125,1.9997375927783518,0.8204336100852311,0.8204336100852311,0.8204336100852311,1.0,1.0,0.8204336100852312,0.8204336100852312,1.0000000000000002,1.0000000000000002,1.0,1.0,0.0,True,True,7013558,2
2,2,2,4,1,14,canalizing,0.0,joint_random,4096,postB,2,2,0.5,0.5,0.125,0.125,1.999465353654111,0.8170310022253556,0.8170310022253556,0.8170310022253556,1.0,1.0,0.8170310022253557,0.8170310022253557,1.0000000000000002,1.0000000000000002,1.0,1.0,0.0,True,True,7013559,3
2,2,2,4,1,14,canalizing,0.0,joint_random,4096,postB,2,2,0.5,0.5,0.125,0.125,1.9995083752228833,0.8260234270589174,0.8260234270589174,0.8260234270589174,1.0,1.0,0.8260234270589175,0.8260234270589175,1.0000000000000002,1.0000000000000002,1.0,1.0,0.0,True,True,7013560,4
2,2,2,4,1,14,canalizing,0.0,joint_random,4096,postB,2,2,0.5,0.5,0.125,0.125,1.9998670934669058,0.8062088623272913,0.8062088623272913,0.8062088623272913,1.0,1.0,0.8062088623272912,0.8062088623272912,0.9999999999999999,0.9999999999999999,1.0,1.0,0.0,True,True,7013561,5
2,2,2,4,1,14,canalizing,0.0,joint_random,4096,postB,2,2,0.5,0.5,0.125,0.125,1.9994636366894536,0.827864279609594,0.827864279609594,0.827864279609594,1.0,1.0,0.8278642796095941,0.8278642796095941,1.0000000000000002,1.0000000000000002,1.0,1.0,0.0,True,True,7013562,6
2,2,2,4,1,14,canalizing,0.0,joint_random,4096,postB,2,2,0.5,0.5,0.125,0.125,1.9998763434806128,0.8177903094575675,0.8177903094575675,0.8177903094575675,1.0,1.0,0.8177903094575676,0.8177903094575676,1.0000000000000002,1.0000000000000002,1.0,1.0,0.0,True,True,7013563,7
2,2,2,4,1,14,canalizing,0.0,joint_random,4096,postB,2,2,0.5,0.5,0.125,0.125,1.998863824685564,0.8105032993487109,0.8105032993487109,0.8105032993487109,1.0,1.0,0.8105032993487109,0.8105032993487109,1.0,1.0,1.0,1.0,0.0,True,True,7013564,8
2,2,2,4,1,14,canalizing,0.0,joint_random,4096,postB,2,2,0.5,0.5,0.125,0.125,1.9992809391372839,0.8267611085964697,0.8267611085964697,0.8267611085964697,1.0,1.0,0.8267611085964697,0.8267611085964697,1.0,1.0,1.0,1.0,0.0,True,True,7013565,9
2,2,2,4,1,14,canalizing,0.0,joint_random,4095,postB,2,2,0.5,0.5,0.125,0.125,1.999741926843893,0.7999596529252413,0.7999596529252413,0.7999596529252413,1.0,1.0,0.7999596529252413,0.7999596529252413,1.0,1.0,1.0,1.0,0.0,True,True,7013566,10
2,2,2,4,1,14,canalizing,0.0,joint_random,4096,postB,2,2,0.5,0.5,0.125,0.125,1.9990402899828754,0.8166506674275339,0.8166506674275339,0.8166506674275339,1.0,1.0,0.8166506674275338,0.8166506674275338,0.9999999999999999,0.9999999999999999,1.0,1.0,0.0,True,True,7013567,11
2,2,2,4,1,14,canalizing,0.0,joint_random,4096,postB,2,2,0.5,0.5,0.125,0.125,1.999919811966677,0.8058156897136629,0.8058156897136629,0.8058156897136629,1.0,1.0,0.8058156897136628,0.8058156897136628,0.9999999999999999,0.9999999999999999,1.0,1.0,0.0,True,True,7013568,12
2,2,2,4,1,14,canalizing,0.0,joint_random,4096,postB,2,2,0.5,0.5,0.125,0.125,1.9991014247495933,0.803446922973095,0.803446922973095,0.803446922973095,1.0,1.0,0.803446922973095,0.803446922973095,1.0,1.0,1.0,1.0,0.0,True,True,7013569,13
2,2,2,4,1,14,canalizing,0.0,joint_random,4096,postB,2,2,0.5,0.5,0.125,0.125,1.9998566345820687,0.8147421700451138,0.8147421700451138,0.8147421700451138,1.0,1.0,0.8147421700451141,0.8147421700451141,1.0000000000000002,1.0000000000000002,1.0,1.0,0.0,True,True,7013570,14
2,2,2,4,1,14,canalizing,0.0,joint_random,4096,postB,2,2,0.5,0.5,0.125,0.125,1.998815442142677,0.827864279609594,0.827864279609594,0.827864279609594,1.0,1.0,0.8278642796095939,0.8278642796095939,0.9999999999999999,0.9999999999999999,1.0,1.0,0.0,True,True,7013571,15
2,2,2,4,1,14,canalizing,0.0,joint_random,4096,postB,2,2,0.5,0.5,0.125,0.125,1.9986405697439418,0.800262530556453,0.800262530556453,0.800262530556453,1.0,1.0,0.800262530556453,0.800262530556453,1.0,1.0,1.0,1.0,0.0,True,True,7013572,16
2,2,2,4,1,14,canalizing,0.0,joint_random,4096,postB,2,2,0.5,0.5,0.125,0.125,1.9991514776197143,0.8263924914287071,0.8263924914287071,0.8263924914287071,1.0,1.0,0.8263924914287073,0.8263924914287073,1.0000000000000002,1.0000000000000002,1.0,1.0,0.0,True,True,7013573,17
2,2,2,4,1,14,canalizing,0.0,joint_random,4096,postB,2,2,0.5,0.5,0.125,0.125,1.9999204548733154,0.8105032993487109,0.8105032993487109,0.8105032993487109,1.0,1.0,0.8105032993487109,0.8105032993487109,1.0,1.0,1.0,1.0,0.0,True,True,7013574,18
2,2,2,4,1,14,canalizing,0.0,joint_random,4096,postB,2,2,0.5,0.5,0.125,0.125,1.9996984789500334,0.7982571097749842,0.7982571097749842,0.7982571097749842,1.0,1.0,0.7982571097749842,0.7982571097749842,1.0,1.0,1.0,1.0,0.0,True,True,7013575,19
2,2,2,4,1,14,canalizing,0.02,joint_random,4096,postB,1,1,0.0,0.0,0.1875,0.1875,1.9998157837674966,-0.0,-0.0,0.0,0.0,0.0,0.0,0.0,0.0,0.0,1.0,1.0,0.0,False,False,7016956,0
2,2,2,4,1,14,canalizing,0.02,joint_random,4096,postB,2,2,0.5,0.5,0.125,0.1875,1.99960819069726,0.8158886340238982,0.8158886340238982,0.8158886340238982,1.0,1.0,0.8158886340238984,0.8158886340238984,1.0000000000000002,1.0000000000000002,1.0,1.0,0.0,True,True,7016957,1
2,2,2,4,1,14,canalizing,0.02,joint_random,4096,postB,1,1,0.0,0.0,0.1875,0.1875,1.9994071919463292,-0.0,-0.0,0.0,0.0,0.0,0.0,0.0,0.0,0.0,1.0,1.0,0.0,False,False,7016958,2
2,2,2,4,1,14,canalizing,0.02,joint_random,4096,postB,1,1,0.0,0.0,0.1875,0.1875,1.9997003954830057,-0.0,-0.0,0.0,0.0,0.0,0.0,0.0,0.0,0.0,1.0,1.0,0.0,False,False,7016959,3
2,2,2,4,1,14,canalizing,0.02,joint_random,4096,postB,1,1,0.0,0.0,0.25,0.25,1.999066421979793,-0.0,-0.0,0.0,0.0,0.0,0.0,0.0,0.0,0.0,1.0,1.0,0.0,False,False,7016960,4
2,2,2,4,1,14,canalizing,0.02,joint_random,4096,postB,1,1,0.0,0.0,0.25,0.5625,1.9990202685683545,-0.0,-0.0,0.0,0.0,0.0,0.0,0.0,0.0,0.0,1.0,1.0,0.0,False,False,7016961,5
2,2,2,4,1,14,canalizing,0.02,joint_random,4096,postB,2,2,0.5,0.5,0.1875,0.1875,1.9987039245153297,0.8181692824678246,0.9908828963632897,0.3812004497448096,0.46591879934064956,0.3847078712771011,0.8181692824678246,0.3815650149539551,1.0,0.38507579084709626,0.810546875,0.810546875,1.0562815073132101,False,False,7016962,6
2,2,2,4,1,14,canalizing,0.02,joint_random,4096,postB,2,2,0.5,0.5,0.125,0.125,1.9989652305146774,0.7994617662434409,0.7994617662434409,0.7994617662434409,1.0,1.0,0.7994617662434409,0.7994617662434409,1.0,1.0,1.0,1.0,0.0,True,True,7016963,7
2,2,2,4,1,14,canalizing,0.02,joint_random,4096,postB,2,2,0.5,0.5,0.1875,0.1875,1.999543238378945,0.8204336100852311,0.8204336100852311,0.8204336100852311,1.0,1.0,0.8204336100852312,0.8204336100852312,1.0000000000000002,1.0000000000000002,1.0,1.0,0.0,True,True,7016964,8
2,2,2,4,1,14,canalizing,0.02,joint_random,4096,postB,2,2,0.5,0.5,0.1875,0.1875,1.9987012564672306,0.800262530556453,0.800262530556453,0.800262530556453,1.0,1.0,0.800262530556453,0.800262530556453,1.0,1.0,1.0,1.0,0.0,True,True,7016965,9
2,2,2,4,1,14,canalizing,0.02,joint_random,4096,postB,2,2,0.5,0.5,0.125,0.125,1.999449855312897,0.803446922973095,0.803446922973095,0.803446922973095,1.0,1.0,0.8034469229730947,0.8034469229730947,0.9999999999999998,0.9999999999999998,1.0,1.0,0.0,True,True,7016966,10
2,2,2,4,1,14,canalizing,0.02,joint_random,4096,postB,1,1,0.0,0.0,0.1875,0.25,1.9999422984680755,-0.0,-0.0,0.0,0.0,0.0,0.0,0.0,0.0,0.0,1.0,1.0,0.0,False,False,7016967,11
2,2,2,4,1,14,canalizing,0.02,joint_random,4096,postB,2,1,0.5,0.0,0.125,0.1875,1.9996466599559195,0.8038428774396019,-0.0,0.0,0.0,0.0,0.8038428774396018,0.0,0.9999999999999999,0.0,1.0,0.754638671875,1.0,False,False,7016968,12
2,2,2,4,1,14,canalizing,0.02,joint_random,4096,postB,2,2,0.5,0.5,0.1875,0.375,1.9995049547653023,0.8170310022253556,0.8170310022253556,0.8170310022253556,1.0,1.0,0.8170310022253555,0.8170310022253555,0.9999999999999999,0.9999999999999999,1.0,1.0,0.0,True,True,7016969,13
2,2,2,4,1,14,canalizing,0.02,joint_random,4096,postB,1,1,0.0,0.0,0.25,0.25,1.9998724833422545,-0.0,-0.0,0.0,0.0,0.0,0.0,0.0,0.0,0.0,1.0,1.0,0.0,False,False,7016970,14
2,2,2,4,1,14,canalizing,0.02,joint_random,4096,postB,2,1,0.5,0.0,0.125,0.25,1.9991370599280538,0.8026536195349327,-0.0,0.0,0.0,0.0,0.802653619534933,0.0,1.0000000000000002,0.0,1.0,0.75537109375,1.0,False,False,7016971,15
2,2,2,4,1,14,canalizing,0.02,joint_random,4096,postB,2,2,0.5,0.5,0.125,0.125,1.9998493523439065,0.8093376167882613,0.8093376167882613,0.8093376167882613,1.0,1.0,0.8093376167882613,0.8093376167882613,1.0,1.0,1.0,1.0,0.0,True,True,7016972,16
2,2,2,4,1,14,canalizing,0.02,joint_random,4096,postB,2,3,0.5,0.7924812503605781,0.125,0.1875,1.9988815422618589,0.7933961992494412,1.4083375075288884,0.7933961992494412,1.0,0.5633565782406507,0.7933961992494409,0.7935407558496412,0.9999999999999997,0.5634592216762102,0.811279296875,1.0,0.43664342175934934,False,False,7016973,17
2,2,2,4,1,14,canalizing,0.02,joint_random,4096,postB,1,1,0.0,0.0,0.25,0.375,1.998717390971349,-0.0,-0.0,0.0,0.0,0.0,0.0,0.0,0.0,0.0,1.0,1.0,0.0,False,False,7016974,18
2,2,2,4,1,14,canalizing,0.02,joint_random,4096,postB,2,1,0.5,0.0,0.125,0.1875,1.9997854946402502,0.808948136092947,-0.0,0.0,0.0,0.0,0.8089481360929471,0.0,1.0000000000000002,0.0,1.0,0.75146484375,1.0,False,False,7016975,19
2,2,2,4,1,14,canalizing,0.05,joint_random,4096,postB,2,1,0.5,0.0,0.1875,0.3125,1.9998857534643844,0.8112781244591328,-0.0,0.0,0.0,0.0,0.8112781244591327,0.0,0.9999999999999999,0.0,1.0,0.75,1.0,False,False,7022056,0
2,2,2,4,1,14,canalizing,0.05,joint_random,4096,postB,1,1,0.0,0.0,0.1875,0.25,1.4932722801307214,-0.0,-0.0,0.0,0.0,0.0,0.0,0.0,0.0,0.0,1.0,1.0,0.0,False,False,7022057,1
2,2,2,4,1,14,canalizing,0.05,joint_random,4096,postB,1,1,0.0,0.0,0.1875,0.1875,1.4919327590565596,-0.0,-0.0,0.0,0.0,0.0,0.0,0.0,0.0,0.0,1.0,1.0,0.0,False,False,7022058,2
2,2,2,4,1,14,canalizing,0.05,joint_random,4096,postB,1,1,0.0,0.0,0.25,0.375,1.9998621224267938,-0.0,-0.0,0.0,0.0,0.0,0.0,0.0,0.0,0.0,1.0,1.0,0.0,False,False,7022059,3
2,2,2,4,1,14,canalizing,0.05,joint_random,4096,postB,2,1,0.5,0.0,0.125,0.1875,1.504801755282306,0.9999752343565644,-0.0,0.0,0.0,0.0,0.0007548925963067887,0.0,0.0007549112921706761,0.0,1.0,0.5029296875,1.0,False,False,7022060,4
2,2,2,4,1,14,canalizing,0.05,joint_random,4096,postB,1,1,0.0,0.0,0.6875,0.6875,1.9998087729296392,-0.0,-0.0,0.0,0.0,0.0,0.0,0.0,0.0,0.0,1.0,1.0,0.0,False,False,7022061,5
2,2,2,4,1,14,canalizing,0.05,joint_random,4095,postB,1,1,0.0,0.0,0.375,0.5,1.5068335444366867,-0.0,-0.0,0.0,0.0,0.0,0.0,0.0,0.0,0.0,1.0,1.0,0.0,False,False,7022062,6
2,2,2,4,1,14,canalizing,0.05,joint_random,4096,postB,1,1,0.0,0.0,0.375,0.6875,1.999883127618325,-0.0,-0.0,0.0,0.0,0.0,0.0,0.0,0.0,0.0,1.0,1.0,0.0,False,False,7022063,7
2,2,2,4,1,14,canalizing,0.05,joint_random,4096,postB,2,1,0.5,0.0,0.3125,0.4375,1.9994384969371062,0.8200573529196096,-0.0,0.0,0.0,0.0,0.8200573529196094,0.0,0.9999999999999998,0.0,1.0,0.744384765625,1.0,False,False,7022064,8
2,2,2,4,1,14,canalizing,0.05,joint_random,4096,postB,1,1,0.0,0.0,0.25,0.3125,1.9995406852937638,-0.0,-0.0,0.0,0.0,0.0,0.0,0.0,0.0,0.0,1.0,1.0,0.0,False,False,7022065,9
2,2,2,4,1,14,canalizing,0.05,joint_random,4096,postB,2,2,0.5,0.5,0.3125,0.3125,1.9999086340990142,0.8155069348382953,0.8155069348382953,0.8155069348382953,1.0,1.0,0.8155069348382953,0.8155069348382953,1.0,1.0,1.0,1.0,0.0,True,True,7022066,10
2,2,2,4,1,14,canalizing,0.05,joint_random,4096,postB,2,2,0.5,0.5,0.125,0.1875,1.99984539569416,0.8193034825167733,0.8193034825167733,0.8193034825167733,1.0,1.0,0.8193034825167735,0.8193034825167735,1.0000000000000002,1.0000000000000002,1.0,1.0,0.0,True,True,7022067,11
2,2,2,4,1,14,canalizing,0.05,joint_random,4096,postB,1,1,0.0,0.0,0.1875,0.25,1.9999417272115152,-0.0,-0.0,0.0,0.0,0.0,0.0,0.0,0.0,0.0,1.0,1.0,0.0,False,False,7022068,12
2,2,2,4,1,14,canalizing,0.05,joint_random,4096,postB,1,1,0.0,0.0,0.1875,0.1875,1.9993467828479836,-0.0,-0.0,0.0,0.0,0.0,0.0,0.0,0.0,0.0,1.0,1.0,0.0,False,False,7022069,13
2,2,2,4,1,14,canalizing,0.05,joint_random,4096,postB,1,1,0.0,0.0,0.1875,0.1875,1.9991991877296893,-0.0,-0.0,0.0,0.0,0.0,0.0,0.0,0.0,0.0,1.0,1.0,0.0,False,False,7022070,14
2,2,2,4,1,14,canalizing,0.05,joint_random,4095,postB,2,1,0.5,0.0,0.1875,0.25,1.9998090868867926,0.8035440449099722,-0.0,0.0,0.0,0.0,0.8035440449099724,0.0,1.0000000000000002,0.0,1.0,0.7548229548229548,1.0,False,False,7022071,15
2,2,2,4,1,14,canalizing,0.05,joint_random,4096,postB,1,1,0.0,0.0,0.25,0.5,1.998463895923871,-0.0,-0.0,0.0,0.0,0.0,0.0,0.0,0.0,0.0,1.0,1.0,0.0,False,False,7022072,16
2,2,2,4,1,14,canalizing,0.05,joint_random,4096,postB,2,2,0.5,0.5,0.125,0.1875,1.999293209319413,0.794211063411872,0.794211063411872,0.794211063411872,1.0,1.0,0.7942110634118722,0.7942110634118722,1.0000000000000002,1.0000000000000002,1.0,1.0,0.0,True,True,7022073,17
2,2,2,4,1,14,canalizing,0.05,joint_random,4096,postB,1,1,0.0,0.0,0.125,0.1875,1.9988339802640545,-0.0,-0.0,0.0,0.0,0.0,0.0,0.0,0.0,0.0,1.0,1.0,0.0,False,False,7022074,18
2,2,2,4,1,14,canalizing,0.05,joint_random,4096,postB,1,1,0.0,0.0,0.375,0.375,1.99994533714804,-0.0,-0.0,0.0,0.0,0.0,0.0,0.0,0.0,0.0,1.0,1.0,0.0,False,False,7022075,19
2,2,2,4,1,14,canalizing,0.1,joint_random,4096,postB,1,1,0.0,0.0,0.625,0.6875,1.999609661634933,-0.0,-0.0,0.0,0.0,0.0,0.0,0.0,0.0,0.0,1.0,1.0,0.0,False,False,7030556,0
2,2,2,4,1,14,canalizing,0.1,joint_random,4095,postB,2,2,0.5,0.5,0.25,0.25,1.5040774023799035,0.9999473039445343,0.9999473039445343,0.9999473039445343,1.0,1.0,0.9999473039445343,0.9999473039445343,1.0,1.0,1.0,1.0,0.0,True,True,7030557,1
2,2,2,4,1,14,canalizing,0.1,joint_random,4096,postB,1,1,0.0,0.0,0.25,0.5,1.999131609867322,-0.0,-0.0,0.0,0.0,0.0,0.0,0.0,0.0,0.0,1.0,1.0,0.0,False,False,7030558,2
2,2,2,4,1,14,canalizing,0.1,joint_random,4095,postB,2,1,0.5,0.0,0.4375,0.5625,1.4813650911713463,0.9592233843669459,-0.0,0.0,0.0,0.0,0.5254978828408243,0.0,0.5478368140364246,0.0,1.0,0.6183150183150183,1.0,False,False,7030559,3
2,2,2,4,1,14,canalizing,0.1,joint_random,4096,postB,1,1,0.0,0.0,0.25,0.5625,1.9998128729932994,-0.0,-0.0,0.0,0.0,0.0,0.0,0.0,0.0,0.0,1.0,1.0,0.0,False,False,7030560,4
2,2,2,4,1,14,canalizing,0.1,joint_random,4096,postB,1,1,0.0,0.0,0.375,0.625,1.9998656999132018,-0.0,-0.0,0.0,0.0,0.0,0.0,0.0,0.0,0.0,1.0,1.0,0.0,False,False,7030561,5
2,2,2,4,1,14,canalizing,0.1,joint_random,4096,postB,2,2,0.5,0.5,0.3125,0.375,1.9994645469784662,0.8223081268603528,0.9132514471298688,0.19477057980295798,0.23685839096180378,0.21327158080622308,0.8223081268603529,0.19488478155340472,1.0000000000000002,0.2133966304306235,0.7998046875,0.7998046875,1.473874931832323,False,False,7030562,6
2,2,2,4,1,14,canalizing,0.1,joint_random,4096,postB,1,1,0.0,0.0,0.4375,0.4375,1.999903657742304,-0.0,-0.0,0.0,0.0,0.0,0.0,0.0,0.0,0.0,1.0,1.0,0.0,False,False,7030563,7
2,2,2,4,1,14,canalizing,0.1,joint_random,4096,postB,2,1,0.5,0.0,0.375,0.6875,1.4952887390613405,0.9999379133723971,-0.0,0.0,0.0,0.0,0.9999379133723973,0.0,1.0000000000000002,0.0,1.0,0.504638671875,1.0,False,False,7030564,8
2,2,2,4,1,14,canalizing,0.1,joint_random,4096,postB,1,1,0.0,0.0,0.4375,0.75,1.9994524001852498,-0.0,-0.0,0.0,0.0,0.0,0.0,0.0,0.0,0.0,1.0,1.0,0.0,False,False,7030565,9
2,2,2,4,1,14,canalizing,0.1,joint_random,4096,postB,1,1,0.0,0.0,0.5,0.8125,1.9985734439889875,-0.0,-0.0,0.0,0.0,0.0,0.0,0.0,0.0,0.0,1.0,1.0,0.0,False,False,7030566,10
2,2,2,4,1,14,canalizing,0.1,joint_random,4096,postB,2,1,0.5,0.0,0.25,0.375,1.5013384210241134,0.7414080667601701,-0.0,0.0,0.0,0.0,0.560592057527818,0.0,0.7561180983335022,0.0,1.0,0.7900390625,1.0,False,False,7030567,11
2,2,2,4,1,14,canalizing,0.1,joint_random,4096,postB,1,1,0.0,0.0,0.375,0.375,1.999691415907046,-0.0,-0.0,0.0,0.0,0.0,0.0,0.0,0.0,0.0,1.0,1.0,0.0,False,False,7030568,12
2,2,2,4,1,14,canalizing,0.1,joint_random,4096,postB,1,1,0.0,0.0,0.25,0.5,1.9999504252001286,-0.0,-0.0,0.0,0.0,0.0,0.0,0.0,0.0,0.0,1.0,1.0,0.0,False,False,7030569,13
2,2,2,4,1,14,canalizing,0.1,joint_random,4096,postB,1,2,0.0,0.5,0.125,0.1875,0.7758430233923266,-0.0,0.7084463523747807,0.0,0.0,0.0,0.0,1.055561980267683e-06,0.0,1.4899674149345777e-06,0.806640625,1.0,1.0,False,False,7030570,14
2,2,2,4,1,14,canalizing,0.1,joint_random,4096,postB,1,1,0.0,0.0,0.4375,0.625,1.9995001455534465,-0.0,-0.0,0.0,0.0,0.0,0.0,0.0,0.0,0.0,1.0,1.0,0.0,False,False,7030571,15
2,2,2,4,1,14,canalizing,0.1,joint_random,4096,postB,1,1,0.0,0.0,0.1875,0.3125,1.4909866360246822,-0.0,-0.0,0.0,0.0,0.0,0.0,0.0,0.0,0.0,1.0,1.0,0.0,False,False,7030572,16
2,2,2,4,1,14,canalizing,0.1,joint_random,4096,postB,1,1,0.0,0.0,0.1875,0.5,1.9999546333560718,-0.0,-0.0,0.0,0.0,0.0,0.0,0.0,0.0,0.0,1.0,1.0,0.0,False,False,7030573,17
2,2,2,4,1,14,canalizing,0.1,joint_random,4096,postB,1,1,0.0,0.0,0.4375,0.75,1.9996998828957246,-0.0,-0.0,0.0,0.0,0.0,0.0,0.0,0.0,0.0,1.0,1.0,0.0,False,False,7030574,18
2,2,2,4,1,14,canalizing,0.1,joint_random,4096,postB,1,1,0.0,0.0,0.4375,0.875,1.4927358990201394,-0.0,-0.0,0.0,0.0,0.0,0.0,0.0,0.0,0.0,1.0,1.0,0.0,False,False,7030575,19
2,2,2,4,1,14,constant,0.0,joint_random,4096,postB,1,1,0.0,0.0,0.0625,0.0625,1.9981344863708301,-0.0,-0.0,0.0,0.0,0.0,0.0,0.0,0.0,0.0,1.0,1.0,0.0,False,False,5072240,0
2,2,2,4,1,14,constant,0.0,joint_random,4096,postB,1,1,0.0,0.0,0.0625,0.0625,1.9998603762381684,-0.0,-0.0,0.0,0.0,0.0,0.0,0.0,0.0,0.0,1.0,1.0,0.0,False,False,5072241,1
2,2,2,4,1,14,constant,0.0,joint_random,4096,postB,1,1,0.0,0.0,0.0625,0.0625,1.9996301787092177,-0.0,-0.0,0.0,0.0,0.0,0.0,0.0,0.0,0.0,1.0,1.0,0.0,False,False,5072242,2
2,2,2,4,1,14,constant,0.0,joint_random,4096,postB,1,1,0.0,0.0,0.0625,0.0625,1.9990019417585072,-0.0,-0.0,0.0,0.0,0.0,0.0,0.0,0.0,0.0,1.0,1.0,0.0,False,False,5072243,3
2,2,2,4,1,14,constant,0.0,joint_random,4096,postB,1,1,0.0,0.0,0.0625,0.0625,1.99985906056665,-0.0,-0.0,0.0,0.0,0.0,0.0,0.0,0.0,0.0,1.0,1.0,0.0,False,False,5072244,4
2,2,2,4,1,14,constant,0.0,joint_random,4096,postB,1,1,0.0,0.0,0.0625,0.0625,1.9998209435155794,-0.0,-0.0,0.0,0.0,0.0,0.0,0.0,0.0,0.0,1.0,1.0,0.0,False,False,5072245,5
2,2,2,4,1,14,constant,0.0,joint_random,4096,postB,1,1,0.0,0.0,0.0625,0.0625,1.9996190937981622,-0.0,-0.0,0.0,0.0,0.0,0.0,0.0,0.0,0.0,1.0,1.0,0.0,False,False,5072246,6
2,2,2,4,1,14,constant,0.0,joint_random,4096,postB,1,1,0.0,0.0,0.0625,0.0625,1.9989838514111509,-0.0,-0.0,0.0,0.0,0.0,0.0,0.0,0.0,0.0,1.0,1.0,0.0,False,False,5072247,7
2,2,2,4,1,14,constant,0.0,joint_random,4096,postB,1,1,0.0,0.0,0.0625,0.0625,1.9995342205572681,-0.0,-0.0,0.0,0.0,0.0,0.0,0.0,0.0,0.0,1.0,1.0,0.0,False,False,5072248,8
2,2,2,4,1,14,constant,0.0,joint_random,4096,postB,1,1,0.0,0.0,0.0625,0.0625,1.998962323195205,-0.0,-0.0,0.0,0.0,0.0,0.0,0.0,0.0,0.0,1.0,1.0,0.0,False,False,5072249,9
2,2,2,4,1,14,constant,0.0,joint_random,4096,postB,1,1,0.0,0.0,0.0625,0.0625,1.998916662919187,-0.0,-0.0,0.0,0.0,0.0,0.0,0.0,0.0,0.0,1.0,1.0,0.0,False,False,5072250,10
2,2,2,4,1,14,constant,0.0,joint_random,4095,postB,1,1,0.0,0.0,0.0625,0.0625,1.9981287397554979,-0.0,-0.0,0.0,0.0,0.0,0.0,0.0,0.0,0.0,1.0,1.0,0.0,False,False,5072251,11
2,2,2,4,1,14,constant,0.0,joint_random,4096,postB,1,1,0.0,0.0,0.0625,0.0625,1.999554489204094,-0.0,-0.0,0.0,0.0,0.0,0.0,0.0,0.0,0.0,1.0,1.0,0.0,False,False,5072252,12
2,2,2,4,1,14,constant,0.0,joint_random,4096,postB,1,1,0.0,0.0,0.0625,0.0625,1.9992824478308417,-0.0,-0.0,0.0,0.0,0.0,0.0,0.0,0.0,0.0,1.0,1.0,0.0,False,False,5072253,13
2,2,2,4,1,14,constant,0.0,joint_random,4096,postB,1,1,0.0,0.0,0.0625,0.0625,1.9999666349930236,-0.0,-0.0,0.0,0.0,0.0,0.0,0.0,0.0,0.0,1.0,1.0,0.0,False,False,5072254,14
2,2,2,4,1,14,constant,0.0,joint_random,4096,postB,1,1,0.0,0.0,0.0625,0.0625,1.9997392051618998,-0.0,-0.0,0.0,0.0,0.0,0.0,0.0,0.0,0.0,1.0,1.0,0.0,False,False,5072255,15
2,2,2,4,1,14,constant,0.0,joint_random,4096,postB,1,1,0.0,0.0,0.0625,0.0625,1.9995830530664371,-0.0,-0.0,0.0,0.0,0.0,0.0,0.0,0.0,0.0,1.0,1.0,0.0,False,False,5072256,16
2,2,2,4,1,14,constant,0.0,joint_random,4096,postB,1,1,0.0,0.0,0.0625,0.0625,1.9994085797533316,-0.0,-0.0,0.0,0.0,0.0,0.0,0.0,0.0,0.0,1.0,1.0,0.0,False,False,5072257,17
2,2,2,4,1,14,constant,0.0,joint_random,4096,postB,1,1,0.0,0.0,0.0625,0.0625,1.9997162548734124,-0.0,-0.0,0.0,0.0,0.0,0.0,0.0,0.0,0.0,1.0,1.0,0.0,False,False,5072258,18
2,2,2,4,1,14,constant,0.0,joint_random,4096,postB,1,1,0.0,0.0,0.0625,0.0625,1.9992967802256811,-0.0,-0.0,0.0,0.0,0.0,0.0,0.0,0.0,0.0,1.0,1.0,0.0,False,False,5072259,19
2,2,2,4,1,14,constant,0.02,joint_random,4096,postB,1,1,0.0,0.0,0.0625,0.0625,1.999687225026231,-0.0,-0.0,0.0,0.0,0.0,0.0,0.0,0.0,0.0,1.0,1.0,0.0,False,False,5075640,0
2,2,2,4,1,14,constant,0.02,joint_random,4096,postB,1,1,0.0,0.0,0.0625,0.125,1.9992127246906866,-0.0,-0.0,0.0,0.0,0.0,0.0,0.0,0.0,0.0,1.0,1.0,0.0,False,False,5075641,1
2,2,2,4,1,14,constant,0.02,joint_random,4096,postB,1,1,0.0,0.0,0.0625,0.0625,1.9998964434001307,-0.0,-0.0,0.0,0.0,0.0,0.0,0.0,0.0,0.0,1.0,1.0,0.0,False,False,5075642,2
2,2,2,4,1,14,constant,0.02,joint_random,4096,postB,1,1,0.0,0.0,0.0625,0.0625,1.9989641677592744,-0.0,-0.0,0.0,0.0,0.0,0.0,0.0,0.0,0.0,1.0,1.0,0.0,False,False,5075643,3
2,2,2,4,1,14,constant,0.02,joint_random,4096,postB,1,1,0.0,0.0,0.0625,0.0625,1.9995291517589437,-0.0,-0.0,0.0,0.0,0.0,0.0,0.0,0.0,0.0,1.0,1.0,0.0,False,False,5075644,4
2,2,2,4,1,14,constant,0.02,joint_random,4096,postB,1,1,0.0,0.0,0.0625,0.0625,1.5040078094849707,-0.0,-0.0,0.0,0.0,0.0,0.0,0.0,0.0,0.0,1.0,1.0,0.0,False,False,5075645,5
2,2,2,4,1,14,constant,0.02,joint_random,4096,postB,1,1,0.0,0.0,0.0625,0.125,1.9992475503224265,-0.0,-0.0,0.0,0.0,0.0,0.0,0.0,0.0,0.0,1.0,1.0,0.0,False,False,5075646,6
2,2,2,4,1,14,constant,0.02,joint_random,4096,postB,1,1,0.0,0.0,0.0625,0.0625,1.999953585551831,-0.0,-0.0,0.0,0.0,0.0,0.0,0.0,0.0,0.0,1.0,1.0,0.0,False,False,5075647,7
2,2,2,4,1,14,constant,0.02,joint_random,4096,postB,1,1,0.0,0.0,0.0625,0.0625,1.9996797455375384,-0.0,-0.0,0.0,0.0,0.0,0.0,0.0,0.0,0.0,1.0,1.0,0.0,False,False,5075648,8
2,2,2,4,1,14,constant,0.02,joint_random,4096,postB,1,1,0.0,0.0,0.0625,0.0625,1.9990632846309668,-0.0,-0.0,0.0,0.0,0.0,0.0,0.0,0.0,0.0,1.0,1.0,0.0,False,False,5075649,9
2,2,2,4,1,14,constant,0.02,joint_random,4096,postB,1,1,0.0,0.0,0.0625,0.0625,1.999683281184959,-0.0,-0.0,0.0,0.0,0.0,0.0,0.0,0.0,0.0,1.0,1.0,0.0,False,False,5075650,10
2,2,2,4,1,14,constant,0.02,joint_random,4096,postB,1,1,0.0,0.0,0.0625,0.0625,1.999780061655978,-0.0,-0.0,0.0,0.0,0.0,0.0,0.0,0.0,0.0,1.0,1.0,0.0,False,False,5075651,11
2,2,2,4,1,14,constant,0.02,joint_random,4096,postB,1,1,0.0,0.0,0.0625,0.0625,1.9993936927261236,-0.0,-0.0,0.0,0.0,0.0,0.0,0.0,0.0,0.0,1.0,1.0,0.0,False,False,5075652,12
2,2,2,4,1,14,constant,0.02,joint_random,4096,postB,1,1,0.0,0.0,0.0625,0.0625,1.9999425660135135,-0.0,-0.0,0.0,0.0,0.0,0.0,0.0,0.0,0.0,1.0,1.0,0.0,False,False,5075653,13
2,2,2,4,1,14,constant,0.02,joint_random,4096,postB,1,1,0.0,0.0,0.0625,0.0625,1.9999304523423127,-0.0,-0.0,0.0,0.0,0.0,0.0,0.0,0.0,0.0,1.0,1.0,0.0,False,False,5075654,14
2,2,2,4,1,14,constant,0.02,joint_random,4096,postB,1,1,0.0,0.0,0.125,0.125,1.9994840700865186,-0.0,-0.0,0.0,0.0,0.0,0.0,0.0,0.0,0.0,1.0,1.0,0.0,False,False,5075655,15
2,2,2,4,1,14,constant,0.02,joint_random,4096,postB,1,1,0.0,0.0,0.0625,0.0625,1.998479850101447,-0.0,-0.0,0.0,0.0,0.0,0.0,0.0,0.0,0.0,1.0,1.0,0.0,False,False,5075656,16
2,2,2,4,1,14,constant,0.02,joint_random,4096,postB,1,1,0.0,0.0,0.0625,0.0625,1.4930236441560771,-0.0,-0.0,0.0,0.0,0.0,0.0,0.0,0.0,0.0,1.0,1.0,0.0,False,False,5075657,17
2,2,2,4,1,14,constant,0.02,joint_random,4096,postB,1,1,0.0,0.0,0.0625,0.0625,1.9997980975812957,-0.0,-0.0,0.0,0.0,0.0,0.0,0.0,0.0,0.0,1.0,1.0,0.0,False,False,5075658,18
2,2,2,4,1,14,constant,0.02,joint_random,4096,postB,1,1,0.0,0.0,0.0625,0.0625,1.9992125930528895,-0.0,-0.0,0.0,0.0,0.0,0.0,0.0,0.0,0.0,1.0,1.0,0.0,False,False,5075659,19
2,2,2,4,1,14,constant,0.05,joint_random,4096,postB,1,1,0.0,0.0,0.0625,0.0625,1.4862975358368222,-0.0,-0.0,0.0,0.0,0.0,0.0,0.0,0.0,0.0,1.0,1.0,0.0,False,False,5080740,0
2,2,2,4,1,14,constant,0.05,joint_random,4096,postB,1,1,0.0,0.0,0.0625,0.0625,1.9994897996038192,-0.0,-0.0,0.0,0.0,0.0,0.0,0.0,0.0,0.0,1.0,1.0,0.0,False,False,5080741,1
2,2,2,4,1,14,constant,0.05,joint_random,4096,postB,1,1,0.0,0.0,0.125,0.0625,1.9997938994327344,-0.0,-0.0,0.0,0.0,0.0,0.0,0.0,0.0,0.0,1.0,1.0,0.0,False,False,5080742,2
2,2,2,4,1,14,constant,0.05,joint_random,4096,postB,1,1,0.0,0.0,0.0625,0.0625,1.9994166575590453,-0.0,-0.0,0.0,0.0,0.0,0.0,0.0,0.0,0.0,1.0,1.0,0.0,False,False,5080743,3
2,2,2,4,1,14,constant,0.05,joint_random,4096,postB,1,2,0.0,0.5,0.0625,0.125,1.4937847268941993,-0.0,0.3467558691322022,0.0,0.0,0.0,0.0,7.866224287789159e-05,0.0,0.00022685194363040835,0.93505859375,1.0,1.0,False,False,5080744,4
2,2,2,4,1,14,constant,0.05,joint_random,4096,postB,1,1,0.0,0.0,0.0625,0.0625,1.9993099057798422,-0.0,-0.0,0.0,0.0,0.0,0.0,0.0,0.0,0.0,1.0,1.0,0.0,False,False,5080745,5
2,2,2,4,1,14,constant,0.05,joint_random,4096,postB,1,1,0.0,0.0,0.0625,0.0625,1.9991820399788445,-0.0,-0.0,0.0,0.0,0.0,0.0,0.0,0.0,0.0,1.0,1.0,0.0,False,False,5080746,6
2,2,2,4,1,14,constant,0.05,joint_random,4096,postB,1,1,0.0,0.0,0.0625,0.0625,1.9999026212839432,-0.0,-0.0,0.0,0.0,0.0,0.0,0.0,0.0,0.0,1.0,1.0,0.0,False,False,5080747,7
2,2,2,4,1,14,constant,0.05,joint_random,4094,postB,1,1,0.0,0.0,0.125,0.0625,1.488615642312952,-0.0,-0.0,0.0,0.0,0.0,0.0,0.0,0.0,0.0,1.0,1.0,0.0,False,False,5080748,8
2,2,2,4,1,14,constant,0.05,joint_random,4096,postB,1,1,0.0,0.0,0.125,0.0625,1.999823578557997,-0.0,-0.0,0.0,0.0,0.0,0.0,0.0,0.0,0.0,1.0,1.0,0.0,False,False,5080749,9
2,2,2,4,1,14,constant,0.05,joint_random,4096,postB,1,1,0.0,0.0,0.0625,0.0625,1.5038345764318346,-0.0,-0.0,0.0,0.0,0.0,0.0,0.0,0.0,0.0,1.0,1.0,0.0,False,False,5080750,10
2,2,2,4,1,14,constant,0.05,joint_random,4096,postB,1,1,0.0,0.0,0.125,0.0625,1.9988412164809004,-0.0,-0.0,0.0,0.0,0.0,0.0,0.0,0.0,0.0,1.0,1.0,0.0,False,False,5080751,11
2,2,2,4,1,14,constant,0.05,joint_random,4096,postB,1,1,0.0,0.0,0.125,0.125,1.999374770122994,-0.0,-0.0,0.0,0.0,0.0,0.0,0.0,0.0,0.0,1.0,1.0,0.0,False,False,5080752,12
2,2,2,4,1,14,constant,0.05,joint_random,4096,postB,1,1,0.0,0.0,0.0625,0.0625,1.9994649652709187,-0.0,-0.0,0.0,0.0,0.0,0.0,0.0,0.0,0.0,1.0,1.0,0.0,False,False,5080753,13
2,2,2,4,1,14,constant,0.05,joint_random,4096,postB,1,1,0.0,0.0,0.125,0.0625,1.9996935678531524,-0.0,-0.0,0.0,0.0,0.0,0.0,0.0,0.0,0.0,1.0,1.0,0.0,False,False,5080754,14
2,2,2,4,1,14,constant,0.05,joint_random,4096,postB,1,1,0.0,0.0,0.0625,0.125,1.9988039192995462,-0.0,-0.0,0.0,0.0,0.0,0.0,0.0,0.0,0.0,1.0,1.0,0.0,False,False,5080755,15
2,2,2,4,1,14,constant,0.05,joint_random,4096,postB,1,1,0.0,0.0,0.0625,0.0625,1.9992141513234147,-0.0,-0.0,0.0,0.0,0.0,0.0,0.0,0.0,0.0,1.0,1.0,0.0,False,False,5080756,16
2,2,2,4,1,14,constant,0.05,joint_random,4096,postB,1,1,0.0,0.0,0.125,0.125,1.9997926969916708,-0.0,-0.0,0.0,0.0,0.0,0.0,0.0,0.0,0.0,1.0,1.0,0.0,False,False,5080757,17
2,2,2,4,1,14,constant,0.05,joint_random,4096,postB,1,1,0.0,0.0,0.125,0.0625,1.9996056378000076,-0.0,-0.0,0.0,0.0,0.0,0.0,0.0,0.0,0.0,1.0,1.0,0.0,False,False,5080758,18
2,2,2,4,1,14,constant,0.05,joint_random,4095,postB,1,1,0.0,0.0,0.0625,0.125,1.9994211276621563,-0.0,-0.0,0.0,0.0,0.0,0.0,0.0,0.0,0.0,1.0,1.0,0.0,False,False,5080759,19
2,2,2,4,1,14,constant,0.1,joint_random,4096,postB,1,1,0.0,0.0,0.0625,0.125,1.9999577320743165,-0.0,-0.0,0.0,0.0,0.0,0.0,0.0,0.0,0.0,1.0,1.0,0.0,False,False,5089240,0
2,2,2,4,1,14,constant,0.1,joint_random,4096,postB,1,1,0.0,0.0,0.125,0.0625,1.999870264506215,-0.0,-0.0,0.0,0.0,0.0,0.0,0.0,0.0,0.0,1.0,1.0,0.0,False,False,5089241,1
2,2,2,4,1,14,constant,0.1,joint_random,4096,postB,1,1,0.0,0.0,0.0625,0.0625,1.4986004245843394,-0.0,-0.0,0.0,0.0,0.0,0.0,0.0,0.0,0.0,1.0,1.0,0.0,False,False,5089242,2
2,2,2,4,1,14,constant,0.1,joint_random,4096,postB,1,1,0.0,0.0,0.0625,0.125,1.9996180041994498,-0.0,-0.0,0.0,0.0,0.0,0.0,0.0,0.0,0.0,1.0,1.0,0.0,False,False,5089243,3
2,2,2,4,1,14,constant,0.1,joint_random,4096,postB,1,1,0.0,0.0,0.25,0.125,1.9996480646247226,-0.0,-0.0,0.0,0.0,0.0,0.0,0.0,0.0,0.0,1.0,1.0,0.0,False,False,5089244,4
2,2,2,4,1,14,constant,0.1,joint_random,4096,postB,1,1,0.0,0.0,0.125,0.0625,1.9999546333560718,-0.0,-0.0,0.0,0.0,0.0,0.0,0.0,0.0,0.0,1.0,1.0,0.0,False,False,5089245,5
2,2,2,4,1,14,constant,0.1,joint_random,4096,postB,1,1,0.0,0.0,0.0625,0.0625,1.5071827272438258,-0.0,-0.0,0.0,0.0,0.0,0.0,0.0,0.0,0.0,1.0,1.0,0.0,False,False,5089246,6
2,2,2,4,1,14,constant,0.1,joint_random,4096,postB,1,1,0.0,0.0,0.25,0.125,1.9993471458624792,-0.0,-0.0,0.0,0.0,0.0,0.0,0.0,0.0,0.0,1.0,1.0,0.0,False,False,5089247,7
2,2,2,4,1,14,constant,0.1,joint_random,4096,postB,1,1,0.0,0.0,0.1875,0.125,1.9998899693901773,-0.0,-0.0,0.0,0.0,0.0,0.0,0.0,0.0,0.0,1.0,1.0,0.0,False,False,5089248,8
2,2,2,4,1,14,constant,0.1,joint_random,4096,postB,1,1,0.0,0.0,0.125,0.0625,1.5003680313469612,-0.0,-0.0,0.0,0.0,0.0,0.0,0.0,0.0,0.0,1.0,1.0,0.0,False,False,5089249,9
2,2,2,4,1,14,constant,0.1,joint_random,4096,postB,1,1,0.0,0.0,0.25,0.0625,1.9996224186252571,-0.0,-0.0,0.0,0.0,0.0,0.0,0.0,0.0,0.0,1.0,1.0,0.0,False,False,5089250,10
2,2,2,4,1,14,constant,0.1,joint_random,4096,postB,1,2,0.0,0.5,0.0625,0.125,1.4878677067429191,-0.0,0.6899737679447617,0.0,0.0,0.0,0.0,0.00014469535818051327,0.0,0.00020971139034969423,0.8154296875,1.0,1.0,False,False,5089251,11
2,2,2,4,1,14,constant,0.1,joint_random,4096,postB,1,1,0.0,0.0,0.125,0.0625,1.999543540419244,-0.0,-0.0,0.0,0.0,0.0,0.0,0.0,0.0,0.0,1.0,1.0,0.0,False,False,5089252,12
2,2,2,4,1,14,constant,0.1,joint_random,4096,postB,1,1,0.0,0.0,0.1875,0.0625,1.999855783301535,-0.0,-0.0,0.0,0.0,0.0,0.0,0.0,0.0,0.0,1.0,1.0,0.0,False,False,5089253,13
2,2,2,4,1,14,constant,0.1,joint_random,4096,postB,1,1,0.0,0.0,0.0625,0.0625,1.4890817793718747,-0.0,-0.0,0.0,0.0,0.0,0.0,0.0,0.0,0.0,1.0,1.0,0.0,False,False,5089254,14
2,2,2,4,1,14,constant,0.1,joint_random,4096,postB,2,1,0.5,0.0,0.125,0.0625,1.999475552924333,0.8315125595564622,-0.0,0.0,0.0,0.0,0.0009075607089719107,0.0,0.0010914576076349507,0.0,1.0,0.73681640625,1.0,False,False,5089255,15
2,2,2,4,1,14,constant,0.1,joint_random,4096,postB,1,1,0.0,0.0,0.0625,0.0625,1.502111330311684,-0.0,-0.0,0.0,0.0,0.0,0.0,0.0,0.0,0.0,1.0,1.0,0.0,False,False,5089256,16
2,2,2,4,1,14,constant,0.1,joint_random,4096,postB,1,1,0.0,0.0,0.125,0.0625,1.9998202758023438,-0.0,-0.0,0.0,0.0,0.0,0.0,0.0,0.0,0.0,1.0,1.0,0.0,False,False,5089257,17
2,2,2,4,1,14,constant,0.1,joint_random,4096,postB,1,1,0.0,0.0,0.0625,0.1875,1.4919523281251763,-0.0,-0.0,0.0,0.0,0.0,0.0,0.0,0.0,0.0,1.0,1.0,0.0,False,False,5089258,18
2,2,2,4,1,14,constant,0.1,joint_random,4096,postB,1,1,0.0,0.0,0.0625,0.1875,1.9997460774046534,-0.0,-0.0,0.0,0.0,0.0,0.0,0.0,0.0,0.0,1.0,1.0,0.0,False,False,5089259,19
